ISO-10303-21;
HEADER;
/* Generated by software containing ST-Developer
 * from STEP Tools, Inc. (www.steptools.com) 
 */
/* OPTION: using custom renumber hook */

FILE_DESCRIPTION(
/* description */ ('STEP AP242 Edition 2',
'CAx-IF Rec.Pracs.---Representation and Presentation of Product Manufa
cturing Information (PMI)---4.0---2014-10-13',
'CAx-IF Rec.Pracs.---3D Tessellated Geometry---0.4---2014-09-14','2;1',
'CAx-IF Rec.Pracs.---User Defined Attributes---1.5---2016-08-15'),
/* implementation_level */ '2;1');

FILE_NAME(
/* name */ 'CNC-Xol-Carriage-v2_Klicky_Module',
/* time_stamp */ '2026-09-18T12:16:03Z',
/* author */ (''),
/* organization */ (''),
/* preprocessor_version */ 'ST-DEVELOPER v20',
/* originating_system */ 'ONSHAPE BY PTC INC, 1.220',
/* authorisation */ '  ');

FILE_SCHEMA (('AP242_MANAGED_MODEL_BASED_3D_ENGINEERING_MIM_LF { 1 0 10303 442 3 1 4 }'));
ENDSEC;

DATA;
#10=SHAPE_REPRESENTATION_RELATIONSHIP('','',#3722,#11);
#11=ADVANCED_BREP_SHAPE_REPRESENTATION('',(#3720),#6531);
#12=(
BOUNDED_SURFACE()
B_SPLINE_SURFACE(3,2,((#6482,#6483,#6484),(#6485,#6486,#6487),(#6488,#6489,
#6490),(#6491,#6492,#6493)),.UNSPECIFIED.,.F.,.F.,.F.)
B_SPLINE_SURFACE_WITH_KNOTS((4,4),(3,3),(0.0017923850566012,0.00241410237840307),
(0.,1.),.PIECEWISE_BEZIER_KNOTS.)
GEOMETRIC_REPRESENTATION_ITEM()
RATIONAL_B_SPLINE_SURFACE(((1.,0.960244960089078,1.),(1.,0.957094675649468,
1.),(1.,0.953270862477165,1.),(1.,0.947963455916618,1.)))
REPRESENTATION_ITEM('')
SURFACE()
);
#13=(
BOUNDED_SURFACE()
B_SPLINE_SURFACE(3,2,((#6494,#6495,#6496),(#6497,#6498,#6499),(#6500,#6501,
#6502),(#6503,#6504,#6505)),.UNSPECIFIED.,.F.,.F.,.F.)
B_SPLINE_SURFACE_WITH_KNOTS((4,4),(3,3),(0.00178509655085096,0.00241251608355856),
(0.,1.),.PIECEWISE_BEZIER_KNOTS.)
GEOMETRIC_REPRESENTATION_ITEM()
RATIONAL_B_SPLINE_SURFACE(((1.,0.956019499164569,1.),(1.,0.95251277316907,
1.),(1.,0.948253242136444,1.),(1.,0.942338765810656,1.)))
REPRESENTATION_ITEM('')
SURFACE()
);
#14=(
BOUNDED_SURFACE()
B_SPLINE_SURFACE(3,2,((#6506,#6507,#6508),(#6509,#6510,#6511),(#6512,#6513,
#6514),(#6515,#6516,#6517)),.UNSPECIFIED.,.F.,.F.,.F.)
B_SPLINE_SURFACE_WITH_KNOTS((4,4),(3,3),(0.00178509657300037,0.00241251608838383),
(0.,1.),.PIECEWISE_BEZIER_KNOTS.)
GEOMETRIC_REPRESENTATION_ITEM()
RATIONAL_B_SPLINE_SURFACE(((1.,0.956019511929755,1.),(1.,0.952512787017909,
1.),(1.,0.94825325730992,1.),(1.,0.942338782827454,1.)))
REPRESENTATION_ITEM('')
SURFACE()
);
#15=(
BOUNDED_SURFACE()
B_SPLINE_SURFACE(3,2,((#6518,#6519,#6520),(#6521,#6522,#6523),(#6524,#6525,
#6526),(#6527,#6528,#6529)),.UNSPECIFIED.,.F.,.F.,.F.)
B_SPLINE_SURFACE_WITH_KNOTS((4,4),(3,3),(0.00179238503498004,0.00241410237388032),
(0.,1.),.PIECEWISE_BEZIER_KNOTS.)
GEOMETRIC_REPRESENTATION_ITEM()
RATIONAL_B_SPLINE_SURFACE(((1.,0.960244947379946,1.),(1.,0.957094661873567,
1.),(1.,0.953270847398939,1.),(1.,0.947963439022577,1.)))
REPRESENTATION_ITEM('')
SURFACE()
);
#16=CONICAL_SURFACE('',#3903,1.6,0.785398163397469);
#17=CONICAL_SURFACE('',#3905,1.2,0.785398163397469);
#18=CONICAL_SURFACE('',#3906,1.59262155922175,0.785398163397469);
#19=CONICAL_SURFACE('',#3907,1.59262155922175,0.785398163397469);
#20=CONICAL_SURFACE('',#3908,1.6,0.785398163397469);
#21=CONICAL_SURFACE('',#3930,0.100000000000002,0.785398163397432);
#22=CONICAL_SURFACE('',#3935,0.1,0.785398163397444);
#23=CONICAL_SURFACE('',#3936,0.1,0.785398163397435);
#24=CONICAL_SURFACE('',#3941,0.0999999999999966,0.785398163397438);
#25=CONICAL_SURFACE('',#3942,3.,0.785398163397448);
#26=CONICAL_SURFACE('',#3945,3.,0.785398163397448);
#27=CONICAL_SURFACE('',#3956,1.19262155922179,0.785398163397448);
#28=CONICAL_SURFACE('',#3960,1.19262155922179,0.785398163397448);
#29=CIRCLE('',#3731,3.);
#30=CIRCLE('',#3732,3.);
#31=CIRCLE('',#3733,3.);
#32=CIRCLE('',#3734,3.);
#33=CIRCLE('',#3735,3.);
#34=CIRCLE('',#3736,3.);
#35=CIRCLE('',#3737,3.);
#36=CIRCLE('',#3739,3.);
#37=CIRCLE('',#3740,3.);
#38=CIRCLE('',#3741,3.);
#39=CIRCLE('',#3742,3.);
#40=CIRCLE('',#3743,3.);
#41=CIRCLE('',#3744,3.);
#42=CIRCLE('',#3745,3.);
#43=CIRCLE('',#3747,0.2);
#44=CIRCLE('',#3749,0.2);
#45=CIRCLE('',#3751,0.2);
#46=CIRCLE('',#3753,0.2);
#47=CIRCLE('',#3768,1.6);
#48=CIRCLE('',#3770,1.6);
#49=CIRCLE('',#3773,1.6);
#50=CIRCLE('',#3777,1.6);
#51=CIRCLE('',#3793,1.6);
#52=CIRCLE('',#3795,1.6);
#53=CIRCLE('',#3798,1.6);
#54=CIRCLE('',#3801,1.6);
#55=CIRCLE('',#3805,1.6);
#56=CIRCLE('',#3807,1.6);
#57=CIRCLE('',#3813,0.5);
#58=CIRCLE('',#3814,0.5);
#59=CIRCLE('',#3816,0.5);
#60=CIRCLE('',#3817,0.5);
#61=CIRCLE('',#3819,0.0999999999999959);
#62=CIRCLE('',#3820,0.099999999999997);
#63=CIRCLE('',#3821,0.100000000000003);
#64=CIRCLE('',#3822,0.100000000000004);
#65=CIRCLE('',#3823,1.6);
#66=CIRCLE('',#3824,1.6);
#67=CIRCLE('',#3825,1.59262155922169);
#68=CIRCLE('',#3826,1.59262155922169);
#69=CIRCLE('',#3827,1.6);
#70=CIRCLE('',#3839,1.2);
#71=CIRCLE('',#3840,1.2);
#72=CIRCLE('',#3842,1.2);
#73=CIRCLE('',#3843,1.2);
#74=CIRCLE('',#3847,1.19262155922179);
#75=CIRCLE('',#3851,1.19262155922179);
#76=CIRCLE('',#3852,1.19262155922179);
#77=CIRCLE('',#3853,1.19262155922179);
#78=CIRCLE('',#3855,1.19262155922179);
#79=CIRCLE('',#3856,1.19262155922179);
#80=CIRCLE('',#3889,1.2);
#81=CIRCLE('',#3890,1.2);
#82=CIRCLE('',#3895,1.2);
#83=CIRCLE('',#3897,1.2);
#84=CIRCLE('',#3900,1.2);
#85=CIRCLE('',#3923,0.5);
#86=CIRCLE('',#3925,0.5);
#87=CIRCLE('',#3927,0.5);
#88=CIRCLE('',#3929,0.5);
#89=CIRCLE('',#3943,3.4);
#90=CIRCLE('',#3946,3.4);
#91=CIRCLE('',#3957,1.59262155922178);
#92=CIRCLE('',#3961,1.59262155922178);
#93=CYLINDRICAL_SURFACE('',#3730,3.);
#94=CYLINDRICAL_SURFACE('',#3738,3.);
#95=CYLINDRICAL_SURFACE('',#3746,0.2);
#96=CYLINDRICAL_SURFACE('',#3748,0.2);
#97=CYLINDRICAL_SURFACE('',#3750,0.2);
#98=CYLINDRICAL_SURFACE('',#3752,0.2);
#99=CYLINDRICAL_SURFACE('',#3804,1.6);
#100=CYLINDRICAL_SURFACE('',#3806,1.6);
#101=CYLINDRICAL_SURFACE('',#3850,1.19262155922179);
#102=CYLINDRICAL_SURFACE('',#3854,1.19262155922179);
#103=CYLINDRICAL_SURFACE('',#3894,1.2);
#104=CYLINDRICAL_SURFACE('',#3896,1.2);
#105=CYLINDRICAL_SURFACE('',#3899,1.2);
#106=CYLINDRICAL_SURFACE('',#3922,0.5);
#107=CYLINDRICAL_SURFACE('',#3924,0.5);
#108=CYLINDRICAL_SURFACE('',#3926,0.5);
#109=CYLINDRICAL_SURFACE('',#3928,0.5);
#110=ELLIPSE('',#3727,4.24264068711928,3.);
#111=ELLIPSE('',#3729,4.24264068711928,3.);
#112=PLANE('',#3724);
#113=PLANE('',#3725);
#114=PLANE('',#3726);
#115=PLANE('',#3728);
#116=PLANE('',#3754);
#117=PLANE('',#3755);
#118=PLANE('',#3756);
#119=PLANE('',#3757);
#120=PLANE('',#3758);
#121=PLANE('',#3759);
#122=PLANE('',#3760);
#123=PLANE('',#3761);
#124=PLANE('',#3762);
#125=PLANE('',#3763);
#126=PLANE('',#3764);
#127=PLANE('',#3765);
#128=PLANE('',#3766);
#129=PLANE('',#3767);
#130=PLANE('',#3769);
#131=PLANE('',#3771);
#132=PLANE('',#3772);
#133=PLANE('',#3774);
#134=PLANE('',#3775);
#135=PLANE('',#3776);
#136=PLANE('',#3778);
#137=PLANE('',#3779);
#138=PLANE('',#3780);
#139=PLANE('',#3781);
#140=PLANE('',#3782);
#141=PLANE('',#3783);
#142=PLANE('',#3784);
#143=PLANE('',#3785);
#144=PLANE('',#3786);
#145=PLANE('',#3787);
#146=PLANE('',#3788);
#147=PLANE('',#3789);
#148=PLANE('',#3790);
#149=PLANE('',#3791);
#150=PLANE('',#3792);
#151=PLANE('',#3794);
#152=PLANE('',#3796);
#153=PLANE('',#3797);
#154=PLANE('',#3799);
#155=PLANE('',#3800);
#156=PLANE('',#3802);
#157=PLANE('',#3803);
#158=PLANE('',#3808);
#159=PLANE('',#3809);
#160=PLANE('',#3810);
#161=PLANE('',#3811);
#162=PLANE('',#3812);
#163=PLANE('',#3815);
#164=PLANE('',#3818);
#165=PLANE('',#3828);
#166=PLANE('',#3829);
#167=PLANE('',#3830);
#168=PLANE('',#3831);
#169=PLANE('',#3832);
#170=PLANE('',#3833);
#171=PLANE('',#3834);
#172=PLANE('',#3835);
#173=PLANE('',#3836);
#174=PLANE('',#3837);
#175=PLANE('',#3838);
#176=PLANE('',#3841);
#177=PLANE('',#3844);
#178=PLANE('',#3845);
#179=PLANE('',#3846);
#180=PLANE('',#3848);
#181=PLANE('',#3849);
#182=PLANE('',#3857);
#183=PLANE('',#3858);
#184=PLANE('',#3859);
#185=PLANE('',#3860);
#186=PLANE('',#3861);
#187=PLANE('',#3862);
#188=PLANE('',#3863);
#189=PLANE('',#3864);
#190=PLANE('',#3865);
#191=PLANE('',#3866);
#192=PLANE('',#3867);
#193=PLANE('',#3868);
#194=PLANE('',#3869);
#195=PLANE('',#3870);
#196=PLANE('',#3871);
#197=PLANE('',#3872);
#198=PLANE('',#3873);
#199=PLANE('',#3874);
#200=PLANE('',#3875);
#201=PLANE('',#3876);
#202=PLANE('',#3877);
#203=PLANE('',#3878);
#204=PLANE('',#3879);
#205=PLANE('',#3880);
#206=PLANE('',#3881);
#207=PLANE('',#3882);
#208=PLANE('',#3883);
#209=PLANE('',#3884);
#210=PLANE('',#3885);
#211=PLANE('',#3886);
#212=PLANE('',#3887);
#213=PLANE('',#3888);
#214=PLANE('',#3891);
#215=PLANE('',#3892);
#216=PLANE('',#3893);
#217=PLANE('',#3898);
#218=PLANE('',#3901);
#219=PLANE('',#3902);
#220=PLANE('',#3904);
#221=PLANE('',#3909);
#222=PLANE('',#3910);
#223=PLANE('',#3911);
#224=PLANE('',#3912);
#225=PLANE('',#3913);
#226=PLANE('',#3914);
#227=PLANE('',#3915);
#228=PLANE('',#3916);
#229=PLANE('',#3917);
#230=PLANE('',#3918);
#231=PLANE('',#3919);
#232=PLANE('',#3920);
#233=PLANE('',#3921);
#234=PLANE('',#3931);
#235=PLANE('',#3932);
#236=PLANE('',#3933);
#237=PLANE('',#3934);
#238=PLANE('',#3937);
#239=PLANE('',#3938);
#240=PLANE('',#3939);
#241=PLANE('',#3940);
#242=PLANE('',#3944);
#243=PLANE('',#3947);
#244=PLANE('',#3948);
#245=PLANE('',#3949);
#246=PLANE('',#3950);
#247=PLANE('',#3951);
#248=PLANE('',#3952);
#249=PLANE('',#3953);
#250=PLANE('',#3954);
#251=PLANE('',#3955);
#252=PLANE('',#3958);
#253=PLANE('',#3959);
#254=PLANE('',#3962);
#255=PLANE('',#3963);
#256=PLANE('',#3964);
#257=PLANE('',#3965);
#258=PLANE('',#3966);
#259=PLANE('',#3967);
#260=PLANE('',#3968);
#261=PLANE('',#3969);
#262=PLANE('',#3970);
#263=PLANE('',#3971);
#264=PLANE('',#3972);
#265=PLANE('',#3973);
#266=PLANE('',#3974);
#267=PLANE('',#3975);
#268=PLANE('',#3976);
#269=LINE('',#4877,#641);
#270=LINE('',#4884,#642);
#271=LINE('',#4890,#643);
#272=LINE('',#4899,#644);
#273=LINE('',#4912,#645);
#274=LINE('',#4918,#646);
#275=LINE('',#4943,#647);
#276=LINE('',#4949,#648);
#277=LINE('',#4956,#649);
#278=LINE('',#4970,#650);
#279=LINE('',#4977,#651);
#280=LINE('',#4983,#652);
#281=LINE('',#4991,#653);
#282=LINE('',#4994,#654);
#283=LINE('',#4996,#655);
#284=LINE('',#4998,#656);
#285=LINE('',#5016,#657);
#286=LINE('',#5018,#658);
#287=LINE('',#5020,#659);
#288=LINE('',#5022,#660);
#289=LINE('',#5074,#661);
#290=LINE('',#5088,#662);
#291=LINE('',#5094,#663);
#292=LINE('',#5101,#664);
#293=LINE('',#5115,#665);
#294=LINE('',#5121,#666);
#295=LINE('',#5126,#667);
#296=LINE('',#5130,#668);
#297=LINE('',#5138,#669);
#298=LINE('',#5142,#670);
#299=LINE('',#5148,#671);
#300=LINE('',#5152,#672);
#301=LINE('',#5160,#673);
#302=LINE('',#5164,#674);
#303=LINE('',#5167,#675);
#304=LINE('',#5175,#676);
#305=LINE('',#5179,#677);
#306=LINE('',#5187,#678);
#307=LINE('',#5191,#679);
#308=LINE('',#5199,#680);
#309=LINE('',#5203,#681);
#310=LINE('',#5211,#682);
#311=LINE('',#5215,#683);
#312=LINE('',#5218,#684);
#313=LINE('',#5220,#685);
#314=LINE('',#5222,#686);
#315=LINE('',#5224,#687);
#316=LINE('',#5226,#688);
#317=LINE('',#5228,#689);
#318=LINE('',#5230,#690);
#319=LINE('',#5232,#691);
#320=LINE('',#5234,#692);
#321=LINE('',#5237,#693);
#322=LINE('',#5239,#694);
#323=LINE('',#5241,#695);
#324=LINE('',#5243,#696);
#325=LINE('',#5245,#697);
#326=LINE('',#5247,#698);
#327=LINE('',#5249,#699);
#328=LINE('',#5251,#700);
#329=LINE('',#5253,#701);
#330=LINE('',#5255,#702);
#331=LINE('',#5257,#703);
#332=LINE('',#5259,#704);
#333=LINE('',#5260,#705);
#334=LINE('',#5262,#706);
#335=LINE('',#5263,#707);
#336=LINE('',#5265,#708);
#337=LINE('',#5266,#709);
#338=LINE('',#5268,#710);
#339=LINE('',#5269,#711);
#340=LINE('',#5271,#712);
#341=LINE('',#5273,#713);
#342=LINE('',#5275,#714);
#343=LINE('',#5277,#715);
#344=LINE('',#5278,#716);
#345=LINE('',#5280,#717);
#346=LINE('',#5281,#718);
#347=LINE('',#5283,#719);
#348=LINE('',#5284,#720);
#349=LINE('',#5298,#721);
#350=LINE('',#5301,#722);
#351=LINE('',#5303,#723);
#352=LINE('',#5305,#724);
#353=LINE('',#5307,#725);
#354=LINE('',#5309,#726);
#355=LINE('',#5311,#727);
#356=LINE('',#5313,#728);
#357=LINE('',#5315,#729);
#358=LINE('',#5317,#730);
#359=LINE('',#5320,#731);
#360=LINE('',#5322,#732);
#361=LINE('',#5324,#733);
#362=LINE('',#5326,#734);
#363=LINE('',#5328,#735);
#364=LINE('',#5330,#736);
#365=LINE('',#5332,#737);
#366=LINE('',#5334,#738);
#367=LINE('',#5336,#739);
#368=LINE('',#5338,#740);
#369=LINE('',#5340,#741);
#370=LINE('',#5342,#742);
#371=LINE('',#5343,#743);
#372=LINE('',#5345,#744);
#373=LINE('',#5346,#745);
#374=LINE('',#5348,#746);
#375=LINE('',#5349,#747);
#376=LINE('',#5351,#748);
#377=LINE('',#5352,#749);
#378=LINE('',#5354,#750);
#379=LINE('',#5356,#751);
#380=LINE('',#5358,#752);
#381=LINE('',#5360,#753);
#382=LINE('',#5361,#754);
#383=LINE('',#5363,#755);
#384=LINE('',#5364,#756);
#385=LINE('',#5366,#757);
#386=LINE('',#5367,#758);
#387=LINE('',#5387,#759);
#388=LINE('',#5389,#760);
#389=LINE('',#5391,#761);
#390=LINE('',#5394,#762);
#391=LINE('',#5396,#763);
#392=LINE('',#5398,#764);
#393=LINE('',#5400,#765);
#394=LINE('',#5403,#766);
#395=LINE('',#5405,#767);
#396=LINE('',#5407,#768);
#397=LINE('',#5409,#769);
#398=LINE('',#5414,#770);
#399=LINE('',#5416,#771);
#400=LINE('',#5421,#772);
#401=LINE('',#5448,#773);
#402=LINE('',#5450,#774);
#403=LINE('',#5452,#775);
#404=LINE('',#5480,#776);
#405=LINE('',#5506,#777);
#406=LINE('',#5508,#778);
#407=LINE('',#5510,#779);
#408=LINE('',#5536,#780);
#409=LINE('',#5537,#781);
#410=LINE('',#5541,#782);
#411=LINE('',#5552,#783);
#412=LINE('',#5554,#784);
#413=LINE('',#5557,#785);
#414=LINE('',#5559,#786);
#415=LINE('',#5561,#787);
#416=LINE('',#5563,#788);
#417=LINE('',#5565,#789);
#418=LINE('',#5567,#790);
#419=LINE('',#5569,#791);
#420=LINE('',#5572,#792);
#421=LINE('',#5574,#793);
#422=LINE('',#5576,#794);
#423=LINE('',#5578,#795);
#424=LINE('',#5580,#796);
#425=LINE('',#5582,#797);
#426=LINE('',#5584,#798);
#427=LINE('',#5586,#799);
#428=LINE('',#5589,#800);
#429=LINE('',#5591,#801);
#430=LINE('',#5593,#802);
#431=LINE('',#5595,#803);
#432=LINE('',#5597,#804);
#433=LINE('',#5599,#805);
#434=LINE('',#5602,#806);
#435=LINE('',#5604,#807);
#436=LINE('',#5606,#808);
#437=LINE('',#5608,#809);
#438=LINE('',#5610,#810);
#439=LINE('',#5612,#811);
#440=LINE('',#5615,#812);
#441=LINE('',#5617,#813);
#442=LINE('',#5619,#814);
#443=LINE('',#5621,#815);
#444=LINE('',#5623,#816);
#445=LINE('',#5625,#817);
#446=LINE('',#5627,#818);
#447=LINE('',#5630,#819);
#448=LINE('',#5632,#820);
#449=LINE('',#5634,#821);
#450=LINE('',#5636,#822);
#451=LINE('',#5638,#823);
#452=LINE('',#5640,#824);
#453=LINE('',#5642,#825);
#454=LINE('',#5644,#826);
#455=LINE('',#5646,#827);
#456=LINE('',#5648,#828);
#457=LINE('',#5650,#829);
#458=LINE('',#5652,#830);
#459=LINE('',#5654,#831);
#460=LINE('',#5656,#832);
#461=LINE('',#5658,#833);
#462=LINE('',#5659,#834);
#463=LINE('',#5662,#835);
#464=LINE('',#5666,#836);
#465=LINE('',#5668,#837);
#466=LINE('',#5669,#838);
#467=LINE('',#5672,#839);
#468=LINE('',#5676,#840);
#469=LINE('',#5678,#841);
#470=LINE('',#5680,#842);
#471=LINE('',#5682,#843);
#472=LINE('',#5684,#844);
#473=LINE('',#5686,#845);
#474=LINE('',#5688,#846);
#475=LINE('',#5690,#847);
#476=LINE('',#5692,#848);
#477=LINE('',#5694,#849);
#478=LINE('',#5696,#850);
#479=LINE('',#5698,#851);
#480=LINE('',#5700,#852);
#481=LINE('',#5703,#853);
#482=LINE('',#5705,#854);
#483=LINE('',#5707,#855);
#484=LINE('',#5709,#856);
#485=LINE('',#5711,#857);
#486=LINE('',#5713,#858);
#487=LINE('',#5744,#859);
#488=LINE('',#5751,#860);
#489=LINE('',#5753,#861);
#490=LINE('',#5754,#862);
#491=LINE('',#5756,#863);
#492=LINE('',#5758,#864);
#493=LINE('',#5765,#865);
#494=LINE('',#5766,#866);
#495=LINE('',#5768,#867);
#496=LINE('',#5775,#868);
#497=LINE('',#5776,#869);
#498=LINE('',#5783,#870);
#499=LINE('',#5784,#871);
#500=LINE('',#5786,#872);
#501=LINE('',#5788,#873);
#502=LINE('',#5790,#874);
#503=LINE('',#5792,#875);
#504=LINE('',#5794,#876);
#505=LINE('',#5795,#877);
#506=LINE('',#5797,#878);
#507=LINE('',#5799,#879);
#508=LINE('',#5801,#880);
#509=LINE('',#5804,#881);
#510=LINE('',#5805,#882);
#511=LINE('',#5807,#883);
#512=LINE('',#5810,#884);
#513=LINE('',#5811,#885);
#514=LINE('',#5813,#886);
#515=LINE('',#5814,#887);
#516=LINE('',#5816,#888);
#517=LINE('',#5818,#889);
#518=LINE('',#5820,#890);
#519=LINE('',#5822,#891);
#520=LINE('',#5824,#892);
#521=LINE('',#5826,#893);
#522=LINE('',#5828,#894);
#523=LINE('',#5830,#895);
#524=LINE('',#5832,#896);
#525=LINE('',#5835,#897);
#526=LINE('',#5836,#898);
#527=LINE('',#5838,#899);
#528=LINE('',#5839,#900);
#529=LINE('',#5841,#901);
#530=LINE('',#5843,#902);
#531=LINE('',#5845,#903);
#532=LINE('',#5847,#904);
#533=LINE('',#5849,#905);
#534=LINE('',#5851,#906);
#535=LINE('',#5853,#907);
#536=LINE('',#5856,#908);
#537=LINE('',#5857,#909);
#538=LINE('',#5859,#910);
#539=LINE('',#5861,#911);
#540=LINE('',#5862,#912);
#541=LINE('',#5864,#913);
#542=LINE('',#5866,#914);
#543=LINE('',#5868,#915);
#544=LINE('',#5870,#916);
#545=LINE('',#5872,#917);
#546=LINE('',#5874,#918);
#547=LINE('',#5876,#919);
#548=LINE('',#5878,#920);
#549=LINE('',#5880,#921);
#550=LINE('',#5882,#922);
#551=LINE('',#5884,#923);
#552=LINE('',#5886,#924);
#553=LINE('',#5888,#925);
#554=LINE('',#5890,#926);
#555=LINE('',#5892,#927);
#556=LINE('',#5895,#928);
#557=LINE('',#5901,#929);
#558=LINE('',#5903,#930);
#559=LINE('',#5905,#931);
#560=LINE('',#5909,#932);
#561=LINE('',#5913,#933);
#562=LINE('',#5915,#934);
#563=LINE('',#5917,#935);
#564=LINE('',#5921,#936);
#565=LINE('',#5923,#937);
#566=LINE('',#5957,#938);
#567=LINE('',#5960,#939);
#568=LINE('',#5963,#940);
#569=LINE('',#5966,#941);
#570=LINE('',#5968,#942);
#571=LINE('',#5970,#943);
#572=LINE('',#5972,#944);
#573=LINE('',#5974,#945);
#574=LINE('',#5976,#946);
#575=LINE('',#5978,#947);
#576=LINE('',#5980,#948);
#577=LINE('',#6032,#949);
#578=LINE('',#6039,#950);
#579=LINE('',#6053,#951);
#580=LINE('',#6079,#952);
#581=LINE('',#6081,#953);
#582=LINE('',#6088,#954);
#583=LINE('',#6114,#955);
#584=LINE('',#6128,#956);
#585=LINE('',#6189,#957);
#586=LINE('',#6204,#958);
#587=LINE('',#6211,#959);
#588=LINE('',#6213,#960);
#589=LINE('',#6222,#961);
#590=LINE('',#6267,#962);
#591=LINE('',#6283,#963);
#592=LINE('',#6290,#964);
#593=LINE('',#6292,#965);
#594=LINE('',#6301,#966);
#595=LINE('',#6308,#967);
#596=LINE('',#6310,#968);
#597=LINE('',#6312,#969);
#598=LINE('',#6314,#970);
#599=LINE('',#6316,#971);
#600=LINE('',#6318,#972);
#601=LINE('',#6320,#973);
#602=LINE('',#6322,#974);
#603=LINE('',#6324,#975);
#604=LINE('',#6326,#976);
#605=LINE('',#6328,#977);
#606=LINE('',#6330,#978);
#607=LINE('',#6332,#979);
#608=LINE('',#6334,#980);
#609=LINE('',#6336,#981);
#610=LINE('',#6343,#982);
#611=LINE('',#6357,#983);
#612=LINE('',#6359,#984);
#613=LINE('',#6361,#985);
#614=LINE('',#6368,#986);
#615=LINE('',#6382,#987);
#616=LINE('',#6389,#988);
#617=LINE('',#6391,#989);
#618=LINE('',#6393,#990);
#619=LINE('',#6395,#991);
#620=LINE('',#6397,#992);
#621=LINE('',#6399,#993);
#622=LINE('',#6401,#994);
#623=LINE('',#6403,#995);
#624=LINE('',#6405,#996);
#625=LINE('',#6407,#997);
#626=LINE('',#6409,#998);
#627=LINE('',#6411,#999);
#628=LINE('',#6413,#1000);
#629=LINE('',#6415,#1001);
#630=LINE('',#6417,#1002);
#631=LINE('',#6419,#1003);
#632=LINE('',#6421,#1004);
#633=LINE('',#6423,#1005);
#634=LINE('',#6425,#1006);
#635=LINE('',#6427,#1007);
#636=LINE('',#6429,#1008);
#637=LINE('',#6431,#1009);
#638=LINE('',#6433,#1010);
#639=LINE('',#6440,#1011);
#640=LINE('',#6442,#1012);
#641=VECTOR('',#3979,1000.);
#642=VECTOR('',#3980,1000.);
#643=VECTOR('',#3981,1000.);
#644=VECTOR('',#3982,1000.);
#645=VECTOR('',#3983,1000.);
#646=VECTOR('',#3984,1000.);
#647=VECTOR('',#3985,1000.);
#648=VECTOR('',#3986,1000.);
#649=VECTOR('',#3987,1000.);
#650=VECTOR('',#3988,1000.);
#651=VECTOR('',#3989,1000.);
#652=VECTOR('',#3990,1000.);
#653=VECTOR('',#3993,1000.);
#654=VECTOR('',#3994,1000.);
#655=VECTOR('',#3995,1000.);
#656=VECTOR('',#3996,1000.);
#657=VECTOR('',#3997,1000.);
#658=VECTOR('',#4000,1000.);
#659=VECTOR('',#4001,1000.);
#660=VECTOR('',#4002,1000.);
#661=VECTOR('',#4005,1000.);
#662=VECTOR('',#4008,1000.);
#663=VECTOR('',#4009,1000.);
#664=VECTOR('',#4012,1000.);
#665=VECTOR('',#4015,1000.);
#666=VECTOR('',#4016,1000.);
#667=VECTOR('',#4021,1000.);
#668=VECTOR('',#4024,1000.);
#669=VECTOR('',#4031,1000.);
#670=VECTOR('',#4034,1000.);
#671=VECTOR('',#4041,1000.);
#672=VECTOR('',#4044,1000.);
#673=VECTOR('',#4051,1000.);
#674=VECTOR('',#4054,1000.);
#675=VECTOR('',#4059,1000.);
#676=VECTOR('',#4060,1000.);
#677=VECTOR('',#4065,1000.);
#678=VECTOR('',#4066,1000.);
#679=VECTOR('',#4071,1000.);
#680=VECTOR('',#4072,1000.);
#681=VECTOR('',#4077,1000.);
#682=VECTOR('',#4078,1000.);
#683=VECTOR('',#4083,1000.);
#684=VECTOR('',#4084,1000.);
#685=VECTOR('',#4085,1000.);
#686=VECTOR('',#4086,1000.);
#687=VECTOR('',#4087,1000.);
#688=VECTOR('',#4090,1000.);
#689=VECTOR('',#4091,1000.);
#690=VECTOR('',#4092,1000.);
#691=VECTOR('',#4093,1000.);
#692=VECTOR('',#4096,1000.);
#693=VECTOR('',#4097,1000.);
#694=VECTOR('',#4098,1000.);
#695=VECTOR('',#4099,1000.);
#696=VECTOR('',#4100,1000.);
#697=VECTOR('',#4103,1000.);
#698=VECTOR('',#4104,1000.);
#699=VECTOR('',#4105,1000.);
#700=VECTOR('',#4106,1000.);
#701=VECTOR('',#4109,1000.);
#702=VECTOR('',#4110,1000.);
#703=VECTOR('',#4111,1000.);
#704=VECTOR('',#4114,1000.);
#705=VECTOR('',#4115,1000.);
#706=VECTOR('',#4118,1000.);
#707=VECTOR('',#4119,1000.);
#708=VECTOR('',#4122,1000.);
#709=VECTOR('',#4123,1000.);
#710=VECTOR('',#4126,1000.);
#711=VECTOR('',#4127,1000.);
#712=VECTOR('',#4130,1000.);
#713=VECTOR('',#4131,1000.);
#714=VECTOR('',#4132,1000.);
#715=VECTOR('',#4135,1000.);
#716=VECTOR('',#4136,1000.);
#717=VECTOR('',#4139,1000.);
#718=VECTOR('',#4140,1000.);
#719=VECTOR('',#4143,1000.);
#720=VECTOR('',#4144,1000.);
#721=VECTOR('',#4171,1000.);
#722=VECTOR('',#4172,1000.);
#723=VECTOR('',#4173,1000.);
#724=VECTOR('',#4174,1000.);
#725=VECTOR('',#4175,1000.);
#726=VECTOR('',#4178,1000.);
#727=VECTOR('',#4179,1000.);
#728=VECTOR('',#4180,1000.);
#729=VECTOR('',#4181,1000.);
#730=VECTOR('',#4184,1000.);
#731=VECTOR('',#4185,1000.);
#732=VECTOR('',#4186,1000.);
#733=VECTOR('',#4187,1000.);
#734=VECTOR('',#4188,1000.);
#735=VECTOR('',#4191,1000.);
#736=VECTOR('',#4192,1000.);
#737=VECTOR('',#4193,1000.);
#738=VECTOR('',#4194,1000.);
#739=VECTOR('',#4197,1000.);
#740=VECTOR('',#4198,1000.);
#741=VECTOR('',#4199,1000.);
#742=VECTOR('',#4202,1000.);
#743=VECTOR('',#4203,1000.);
#744=VECTOR('',#4206,1000.);
#745=VECTOR('',#4207,1000.);
#746=VECTOR('',#4210,1000.);
#747=VECTOR('',#4211,1000.);
#748=VECTOR('',#4214,1000.);
#749=VECTOR('',#4215,1000.);
#750=VECTOR('',#4218,1000.);
#751=VECTOR('',#4219,1000.);
#752=VECTOR('',#4220,1000.);
#753=VECTOR('',#4223,1000.);
#754=VECTOR('',#4224,1000.);
#755=VECTOR('',#4227,1000.);
#756=VECTOR('',#4228,1000.);
#757=VECTOR('',#4231,1000.);
#758=VECTOR('',#4232,1000.);
#759=VECTOR('',#4267,1000.);
#760=VECTOR('',#4270,1000.);
#761=VECTOR('',#4273,1000.);
#762=VECTOR('',#4274,1000.);
#763=VECTOR('',#4275,1000.);
#764=VECTOR('',#4276,1000.);
#765=VECTOR('',#4279,1000.);
#766=VECTOR('',#4280,1000.);
#767=VECTOR('',#4281,1000.);
#768=VECTOR('',#4282,1000.);
#769=VECTOR('',#4285,1000.);
#770=VECTOR('',#4290,1000.);
#771=VECTOR('',#4293,1000.);
#772=VECTOR('',#4298,1000.);
#773=VECTOR('',#4303,1000.);
#774=VECTOR('',#4304,1000.);
#775=VECTOR('',#4305,1000.);
#776=VECTOR('',#4308,1000.);
#777=VECTOR('',#4311,1000.);
#778=VECTOR('',#4312,1000.);
#779=VECTOR('',#4313,1000.);
#780=VECTOR('',#4316,1000.);
#781=VECTOR('',#4317,1000.);
#782=VECTOR('',#4320,1000.);
#783=VECTOR('',#4329,1000.);
#784=VECTOR('',#4332,1000.);
#785=VECTOR('',#4333,1000.);
#786=VECTOR('',#4334,1000.);
#787=VECTOR('',#4335,1000.);
#788=VECTOR('',#4336,1000.);
#789=VECTOR('',#4337,1000.);
#790=VECTOR('',#4338,1000.);
#791=VECTOR('',#4341,1000.);
#792=VECTOR('',#4342,1000.);
#793=VECTOR('',#4343,1000.);
#794=VECTOR('',#4344,1000.);
#795=VECTOR('',#4345,1000.);
#796=VECTOR('',#4346,1000.);
#797=VECTOR('',#4349,1000.);
#798=VECTOR('',#4350,1000.);
#799=VECTOR('',#4353,1000.);
#800=VECTOR('',#4354,1000.);
#801=VECTOR('',#4355,1000.);
#802=VECTOR('',#4356,1000.);
#803=VECTOR('',#4357,1000.);
#804=VECTOR('',#4358,1000.);
#805=VECTOR('',#4361,1000.);
#806=VECTOR('',#4362,1000.);
#807=VECTOR('',#4363,1000.);
#808=VECTOR('',#4364,1000.);
#809=VECTOR('',#4365,1000.);
#810=VECTOR('',#4366,1000.);
#811=VECTOR('',#4369,1000.);
#812=VECTOR('',#4370,1000.);
#813=VECTOR('',#4371,1000.);
#814=VECTOR('',#4372,1000.);
#815=VECTOR('',#4373,1000.);
#816=VECTOR('',#4374,1000.);
#817=VECTOR('',#4375,1000.);
#818=VECTOR('',#4378,1000.);
#819=VECTOR('',#4379,1000.);
#820=VECTOR('',#4380,1000.);
#821=VECTOR('',#4381,1000.);
#822=VECTOR('',#4382,1000.);
#823=VECTOR('',#4383,1000.);
#824=VECTOR('',#4386,1000.);
#825=VECTOR('',#4387,1000.);
#826=VECTOR('',#4390,1000.);
#827=VECTOR('',#4391,1000.);
#828=VECTOR('',#4392,1000.);
#829=VECTOR('',#4395,1000.);
#830=VECTOR('',#4396,1000.);
#831=VECTOR('',#4397,1000.);
#832=VECTOR('',#4400,1000.);
#833=VECTOR('',#4401,1000.);
#834=VECTOR('',#4402,1000.);
#835=VECTOR('',#4405,1000.);
#836=VECTOR('',#4410,1000.);
#837=VECTOR('',#4411,1000.);
#838=VECTOR('',#4412,1000.);
#839=VECTOR('',#4415,1000.);
#840=VECTOR('',#4420,1000.);
#841=VECTOR('',#4421,1000.);
#842=VECTOR('',#4422,1000.);
#843=VECTOR('',#4423,1000.);
#844=VECTOR('',#4424,1000.);
#845=VECTOR('',#4427,1000.);
#846=VECTOR('',#4428,1000.);
#847=VECTOR('',#4429,1000.);
#848=VECTOR('',#4430,1000.);
#849=VECTOR('',#4431,1000.);
#850=VECTOR('',#4434,1000.);
#851=VECTOR('',#4435,1000.);
#852=VECTOR('',#4436,1000.);
#853=VECTOR('',#4441,1000.);
#854=VECTOR('',#4442,1000.);
#855=VECTOR('',#4443,1000.);
#856=VECTOR('',#4446,1000.);
#857=VECTOR('',#4447,1000.);
#858=VECTOR('',#4448,1000.);
#859=VECTOR('',#4465,1000.);
#860=VECTOR('',#4466,1000.);
#861=VECTOR('',#4467,1000.);
#862=VECTOR('',#4468,1000.);
#863=VECTOR('',#4471,1000.);
#864=VECTOR('',#4472,1000.);
#865=VECTOR('',#4475,1000.);
#866=VECTOR('',#4476,1000.);
#867=VECTOR('',#4479,1000.);
#868=VECTOR('',#4480,1000.);
#869=VECTOR('',#4481,1000.);
#870=VECTOR('',#4484,1000.);
#871=VECTOR('',#4485,1000.);
#872=VECTOR('',#4488,1000.);
#873=VECTOR('',#4489,1000.);
#874=VECTOR('',#4490,1000.);
#875=VECTOR('',#4493,1000.);
#876=VECTOR('',#4494,1000.);
#877=VECTOR('',#4495,1000.);
#878=VECTOR('',#4498,1000.);
#879=VECTOR('',#4499,1000.);
#880=VECTOR('',#4502,1000.);
#881=VECTOR('',#4503,1000.);
#882=VECTOR('',#4504,1000.);
#883=VECTOR('',#4507,1000.);
#884=VECTOR('',#4508,1000.);
#885=VECTOR('',#4509,1000.);
#886=VECTOR('',#4512,1000.);
#887=VECTOR('',#4513,1000.);
#888=VECTOR('',#4516,1000.);
#889=VECTOR('',#4517,1000.);
#890=VECTOR('',#4520,1000.);
#891=VECTOR('',#4521,1000.);
#892=VECTOR('',#4524,1000.);
#893=VECTOR('',#4525,1000.);
#894=VECTOR('',#4528,1000.);
#895=VECTOR('',#4529,1000.);
#896=VECTOR('',#4532,1000.);
#897=VECTOR('',#4533,1000.);
#898=VECTOR('',#4534,1000.);
#899=VECTOR('',#4537,1000.);
#900=VECTOR('',#4538,1000.);
#901=VECTOR('',#4541,1000.);
#902=VECTOR('',#4542,1000.);
#903=VECTOR('',#4545,1000.);
#904=VECTOR('',#4546,1000.);
#905=VECTOR('',#4549,1000.);
#906=VECTOR('',#4550,1000.);
#907=VECTOR('',#4553,1000.);
#908=VECTOR('',#4554,1000.);
#909=VECTOR('',#4555,1000.);
#910=VECTOR('',#4558,1000.);
#911=VECTOR('',#4559,1000.);
#912=VECTOR('',#4560,1000.);
#913=VECTOR('',#4563,1000.);
#914=VECTOR('',#4566,1000.);
#915=VECTOR('',#4567,1000.);
#916=VECTOR('',#4570,1000.);
#917=VECTOR('',#4573,1000.);
#918=VECTOR('',#4574,1000.);
#919=VECTOR('',#4577,1000.);
#920=VECTOR('',#4580,1000.);
#921=VECTOR('',#4583,1000.);
#922=VECTOR('',#4584,1000.);
#923=VECTOR('',#4587,1000.);
#924=VECTOR('',#4588,1000.);
#925=VECTOR('',#4591,1000.);
#926=VECTOR('',#4594,1000.);
#927=VECTOR('',#4595,1000.);
#928=VECTOR('',#4598,1000.);
#929=VECTOR('',#4607,1000.);
#930=VECTOR('',#4608,1000.);
#931=VECTOR('',#4609,1000.);
#932=VECTOR('',#4616,1000.);
#933=VECTOR('',#4619,1000.);
#934=VECTOR('',#4622,1000.);
#935=VECTOR('',#4625,1000.);
#936=VECTOR('',#4628,1000.);
#937=VECTOR('',#4631,1000.);
#938=VECTOR('',#4650,1000.);
#939=VECTOR('',#4655,1000.);
#940=VECTOR('',#4660,1000.);
#941=VECTOR('',#4665,1000.);
#942=VECTOR('',#4666,1000.);
#943=VECTOR('',#4669,1000.);
#944=VECTOR('',#4670,1000.);
#945=VECTOR('',#4673,1000.);
#946=VECTOR('',#4674,1000.);
#947=VECTOR('',#4677,1000.);
#948=VECTOR('',#4678,1000.);
#949=VECTOR('',#4701,1000.);
#950=VECTOR('',#4706,1000.);
#951=VECTOR('',#4709,1000.);
#952=VECTOR('',#4712,1000.);
#953=VECTOR('',#4715,1000.);
#954=VECTOR('',#4720,1000.);
#955=VECTOR('',#4723,1000.);
#956=VECTOR('',#4726,1000.);
#957=VECTOR('',#4735,1000.);
#958=VECTOR('',#4736,1000.);
#959=VECTOR('',#4739,1000.);
#960=VECTOR('',#4740,1000.);
#961=VECTOR('',#4741,1000.);
#962=VECTOR('',#4746,1000.);
#963=VECTOR('',#4747,1000.);
#964=VECTOR('',#4750,1000.);
#965=VECTOR('',#4751,1000.);
#966=VECTOR('',#4752,1000.);
#967=VECTOR('',#4755,1000.);
#968=VECTOR('',#4756,1000.);
#969=VECTOR('',#4757,1000.);
#970=VECTOR('',#4760,1000.);
#971=VECTOR('',#4761,1000.);
#972=VECTOR('',#4764,1000.);
#973=VECTOR('',#4765,1000.);
#974=VECTOR('',#4768,1000.);
#975=VECTOR('',#4769,1000.);
#976=VECTOR('',#4772,1000.);
#977=VECTOR('',#4773,1000.);
#978=VECTOR('',#4776,1000.);
#979=VECTOR('',#4777,1000.);
#980=VECTOR('',#4780,1000.);
#981=VECTOR('',#4781,1000.);
#982=VECTOR('',#4784,1000.);
#983=VECTOR('',#4791,1000.);
#984=VECTOR('',#4792,1000.);
#985=VECTOR('',#4793,1000.);
#986=VECTOR('',#4796,1000.);
#987=VECTOR('',#4803,1000.);
#988=VECTOR('',#4804,1000.);
#989=VECTOR('',#4807,1000.);
#990=VECTOR('',#4808,1000.);
#991=VECTOR('',#4811,1000.);
#992=VECTOR('',#4812,1000.);
#993=VECTOR('',#4815,1000.);
#994=VECTOR('',#4816,1000.);
#995=VECTOR('',#4819,1000.);
#996=VECTOR('',#4820,1000.);
#997=VECTOR('',#4823,1000.);
#998=VECTOR('',#4824,1000.);
#999=VECTOR('',#4827,1000.);
#1000=VECTOR('',#4828,1000.);
#1001=VECTOR('',#4829,1000.);
#1002=VECTOR('',#4832,1000.);
#1003=VECTOR('',#4833,1000.);
#1004=VECTOR('',#4836,1000.);
#1005=VECTOR('',#4837,1000.);
#1006=VECTOR('',#4840,1000.);
#1007=VECTOR('',#4841,1000.);
#1008=VECTOR('',#4844,1000.);
#1009=VECTOR('',#4845,1000.);
#1010=VECTOR('',#4848,1000.);
#1011=VECTOR('',#4851,1000.);
#1012=VECTOR('',#4854,1000.);
#1013=ORIENTED_EDGE('',*,*,#2069,.T.);
#1014=ORIENTED_EDGE('',*,*,#2070,.T.);
#1015=ORIENTED_EDGE('',*,*,#2071,.F.);
#1016=ORIENTED_EDGE('',*,*,#2072,.T.);
#1017=ORIENTED_EDGE('',*,*,#2073,.T.);
#1018=ORIENTED_EDGE('',*,*,#2074,.T.);
#1019=ORIENTED_EDGE('',*,*,#2075,.T.);
#1020=ORIENTED_EDGE('',*,*,#2076,.T.);
#1021=ORIENTED_EDGE('',*,*,#2077,.T.);
#1022=ORIENTED_EDGE('',*,*,#2078,.T.);
#1023=ORIENTED_EDGE('',*,*,#2079,.F.);
#1024=ORIENTED_EDGE('',*,*,#2080,.T.);
#1025=ORIENTED_EDGE('',*,*,#2081,.T.);
#1026=ORIENTED_EDGE('',*,*,#2082,.T.);
#1027=ORIENTED_EDGE('',*,*,#2083,.F.);
#1028=ORIENTED_EDGE('',*,*,#2084,.F.);
#1029=ORIENTED_EDGE('',*,*,#2085,.F.);
#1030=ORIENTED_EDGE('',*,*,#2086,.F.);
#1031=ORIENTED_EDGE('',*,*,#2087,.T.);
#1032=ORIENTED_EDGE('',*,*,#2088,.T.);
#1033=ORIENTED_EDGE('',*,*,#2089,.T.);
#1034=ORIENTED_EDGE('',*,*,#2090,.F.);
#1035=ORIENTED_EDGE('',*,*,#2091,.F.);
#1036=ORIENTED_EDGE('',*,*,#2092,.T.);
#1037=ORIENTED_EDGE('',*,*,#2093,.T.);
#1038=ORIENTED_EDGE('',*,*,#2094,.F.);
#1039=ORIENTED_EDGE('',*,*,#2095,.T.);
#1040=ORIENTED_EDGE('',*,*,#2096,.F.);
#1041=ORIENTED_EDGE('',*,*,#2097,.T.);
#1042=ORIENTED_EDGE('',*,*,#2098,.T.);
#1043=ORIENTED_EDGE('',*,*,#2099,.F.);
#1044=ORIENTED_EDGE('',*,*,#2100,.T.);
#1045=ORIENTED_EDGE('',*,*,#2101,.F.);
#1046=ORIENTED_EDGE('',*,*,#2089,.F.);
#1047=ORIENTED_EDGE('',*,*,#2102,.T.);
#1048=ORIENTED_EDGE('',*,*,#2103,.T.);
#1049=ORIENTED_EDGE('',*,*,#2104,.F.);
#1050=ORIENTED_EDGE('',*,*,#2103,.F.);
#1051=ORIENTED_EDGE('',*,*,#2105,.T.);
#1052=ORIENTED_EDGE('',*,*,#2106,.T.);
#1053=ORIENTED_EDGE('',*,*,#2071,.T.);
#1054=ORIENTED_EDGE('',*,*,#2107,.T.);
#1055=ORIENTED_EDGE('',*,*,#2106,.F.);
#1056=ORIENTED_EDGE('',*,*,#2108,.T.);
#1057=ORIENTED_EDGE('',*,*,#2099,.T.);
#1058=ORIENTED_EDGE('',*,*,#2109,.T.);
#1059=ORIENTED_EDGE('',*,*,#2076,.F.);
#1060=ORIENTED_EDGE('',*,*,#2110,.T.);
#1061=ORIENTED_EDGE('',*,*,#2111,.F.);
#1062=ORIENTED_EDGE('',*,*,#2097,.F.);
#1063=ORIENTED_EDGE('',*,*,#2112,.T.);
#1064=ORIENTED_EDGE('',*,*,#2091,.T.);
#1065=ORIENTED_EDGE('',*,*,#2084,.T.);
#1066=ORIENTED_EDGE('',*,*,#2113,.F.);
#1067=ORIENTED_EDGE('',*,*,#2114,.T.);
#1068=ORIENTED_EDGE('',*,*,#2115,.T.);
#1069=ORIENTED_EDGE('',*,*,#2116,.F.);
#1070=ORIENTED_EDGE('',*,*,#2117,.F.);
#1071=ORIENTED_EDGE('',*,*,#2118,.T.);
#1072=ORIENTED_EDGE('',*,*,#2119,.T.);
#1073=ORIENTED_EDGE('',*,*,#2096,.T.);
#1074=ORIENTED_EDGE('',*,*,#2120,.F.);
#1075=ORIENTED_EDGE('',*,*,#2078,.F.);
#1076=ORIENTED_EDGE('',*,*,#2121,.F.);
#1077=ORIENTED_EDGE('',*,*,#2122,.T.);
#1078=ORIENTED_EDGE('',*,*,#2123,.T.);
#1079=ORIENTED_EDGE('',*,*,#2124,.F.);
#1080=ORIENTED_EDGE('',*,*,#2125,.F.);
#1081=ORIENTED_EDGE('',*,*,#2126,.T.);
#1082=ORIENTED_EDGE('',*,*,#2127,.T.);
#1083=ORIENTED_EDGE('',*,*,#2069,.F.);
#1084=ORIENTED_EDGE('',*,*,#2128,.F.);
#1085=ORIENTED_EDGE('',*,*,#2129,.T.);
#1086=ORIENTED_EDGE('',*,*,#2130,.F.);
#1087=ORIENTED_EDGE('',*,*,#2131,.F.);
#1088=ORIENTED_EDGE('',*,*,#2132,.T.);
#1089=ORIENTED_EDGE('',*,*,#2133,.F.);
#1090=ORIENTED_EDGE('',*,*,#2134,.F.);
#1091=ORIENTED_EDGE('',*,*,#2135,.F.);
#1092=ORIENTED_EDGE('',*,*,#2136,.F.);
#1093=ORIENTED_EDGE('',*,*,#2137,.F.);
#1094=ORIENTED_EDGE('',*,*,#2138,.T.);
#1095=ORIENTED_EDGE('',*,*,#2139,.F.);
#1096=ORIENTED_EDGE('',*,*,#2124,.T.);
#1097=ORIENTED_EDGE('',*,*,#2140,.T.);
#1098=ORIENTED_EDGE('',*,*,#2141,.F.);
#1099=ORIENTED_EDGE('',*,*,#2142,.F.);
#1100=ORIENTED_EDGE('',*,*,#2143,.T.);
#1101=ORIENTED_EDGE('',*,*,#2144,.F.);
#1102=ORIENTED_EDGE('',*,*,#2145,.F.);
#1103=ORIENTED_EDGE('',*,*,#2146,.F.);
#1104=ORIENTED_EDGE('',*,*,#2147,.F.);
#1105=ORIENTED_EDGE('',*,*,#2148,.F.);
#1106=ORIENTED_EDGE('',*,*,#2149,.T.);
#1107=ORIENTED_EDGE('',*,*,#2150,.F.);
#1108=ORIENTED_EDGE('',*,*,#2116,.T.);
#1109=ORIENTED_EDGE('',*,*,#2151,.F.);
#1110=ORIENTED_EDGE('',*,*,#2152,.T.);
#1111=ORIENTED_EDGE('',*,*,#2153,.F.);
#1112=ORIENTED_EDGE('',*,*,#2154,.F.);
#1113=ORIENTED_EDGE('',*,*,#2155,.F.);
#1114=ORIENTED_EDGE('',*,*,#2156,.T.);
#1115=ORIENTED_EDGE('',*,*,#2157,.F.);
#1116=ORIENTED_EDGE('',*,*,#2158,.F.);
#1117=ORIENTED_EDGE('',*,*,#2159,.F.);
#1118=ORIENTED_EDGE('',*,*,#2160,.T.);
#1119=ORIENTED_EDGE('',*,*,#2161,.F.);
#1120=ORIENTED_EDGE('',*,*,#2162,.F.);
#1121=ORIENTED_EDGE('',*,*,#2163,.F.);
#1122=ORIENTED_EDGE('',*,*,#2164,.T.);
#1123=ORIENTED_EDGE('',*,*,#2165,.F.);
#1124=ORIENTED_EDGE('',*,*,#2166,.F.);
#1125=ORIENTED_EDGE('',*,*,#2167,.F.);
#1126=ORIENTED_EDGE('',*,*,#2168,.F.);
#1127=ORIENTED_EDGE('',*,*,#2169,.T.);
#1128=ORIENTED_EDGE('',*,*,#2170,.T.);
#1129=ORIENTED_EDGE('',*,*,#2171,.T.);
#1130=ORIENTED_EDGE('',*,*,#2172,.F.);
#1131=ORIENTED_EDGE('',*,*,#2171,.F.);
#1132=ORIENTED_EDGE('',*,*,#2173,.T.);
#1133=ORIENTED_EDGE('',*,*,#2174,.T.);
#1134=ORIENTED_EDGE('',*,*,#2175,.T.);
#1135=ORIENTED_EDGE('',*,*,#2176,.F.);
#1136=ORIENTED_EDGE('',*,*,#2177,.F.);
#1137=ORIENTED_EDGE('',*,*,#2178,.T.);
#1138=ORIENTED_EDGE('',*,*,#2179,.T.);
#1139=ORIENTED_EDGE('',*,*,#2180,.T.);
#1140=ORIENTED_EDGE('',*,*,#2181,.F.);
#1141=ORIENTED_EDGE('',*,*,#2180,.F.);
#1142=ORIENTED_EDGE('',*,*,#2182,.T.);
#1143=ORIENTED_EDGE('',*,*,#2183,.T.);
#1144=ORIENTED_EDGE('',*,*,#2184,.T.);
#1145=ORIENTED_EDGE('',*,*,#2185,.F.);
#1146=ORIENTED_EDGE('',*,*,#2186,.F.);
#1147=ORIENTED_EDGE('',*,*,#2187,.T.);
#1148=ORIENTED_EDGE('',*,*,#2168,.T.);
#1149=ORIENTED_EDGE('',*,*,#2188,.T.);
#1150=ORIENTED_EDGE('',*,*,#2169,.F.);
#1151=ORIENTED_EDGE('',*,*,#2189,.F.);
#1152=ORIENTED_EDGE('',*,*,#2136,.T.);
#1153=ORIENTED_EDGE('',*,*,#2190,.T.);
#1154=ORIENTED_EDGE('',*,*,#2138,.F.);
#1155=ORIENTED_EDGE('',*,*,#2191,.F.);
#1156=ORIENTED_EDGE('',*,*,#2183,.F.);
#1157=ORIENTED_EDGE('',*,*,#2192,.F.);
#1158=ORIENTED_EDGE('',*,*,#2184,.F.);
#1159=ORIENTED_EDGE('',*,*,#2193,.T.);
#1160=ORIENTED_EDGE('',*,*,#2186,.T.);
#1161=ORIENTED_EDGE('',*,*,#2194,.T.);
#1162=ORIENTED_EDGE('',*,*,#2132,.F.);
#1163=ORIENTED_EDGE('',*,*,#2195,.F.);
#1164=ORIENTED_EDGE('',*,*,#2174,.F.);
#1165=ORIENTED_EDGE('',*,*,#2196,.F.);
#1166=ORIENTED_EDGE('',*,*,#2175,.F.);
#1167=ORIENTED_EDGE('',*,*,#2197,.T.);
#1168=ORIENTED_EDGE('',*,*,#2198,.T.);
#1169=ORIENTED_EDGE('',*,*,#2199,.F.);
#1170=ORIENTED_EDGE('',*,*,#2198,.F.);
#1171=ORIENTED_EDGE('',*,*,#2200,.T.);
#1172=ORIENTED_EDGE('',*,*,#2177,.T.);
#1173=ORIENTED_EDGE('',*,*,#2201,.T.);
#1174=ORIENTED_EDGE('',*,*,#2178,.F.);
#1175=ORIENTED_EDGE('',*,*,#2202,.F.);
#1176=ORIENTED_EDGE('',*,*,#2130,.T.);
#1177=ORIENTED_EDGE('',*,*,#2170,.F.);
#1178=ORIENTED_EDGE('',*,*,#2203,.T.);
#1179=ORIENTED_EDGE('',*,*,#2134,.T.);
#1180=ORIENTED_EDGE('',*,*,#2204,.T.);
#1181=ORIENTED_EDGE('',*,*,#2173,.F.);
#1182=ORIENTED_EDGE('',*,*,#2181,.T.);
#1183=ORIENTED_EDGE('',*,*,#2192,.T.);
#1184=ORIENTED_EDGE('',*,*,#2205,.T.);
#1185=ORIENTED_EDGE('',*,*,#2206,.T.);
#1186=ORIENTED_EDGE('',*,*,#2185,.T.);
#1187=ORIENTED_EDGE('',*,*,#2167,.T.);
#1188=ORIENTED_EDGE('',*,*,#2131,.T.);
#1189=ORIENTED_EDGE('',*,*,#2202,.T.);
#1190=ORIENTED_EDGE('',*,*,#2200,.F.);
#1191=ORIENTED_EDGE('',*,*,#2197,.F.);
#1192=ORIENTED_EDGE('',*,*,#2195,.T.);
#1193=ORIENTED_EDGE('',*,*,#2199,.T.);
#1194=ORIENTED_EDGE('',*,*,#2176,.T.);
#1195=ORIENTED_EDGE('',*,*,#2207,.T.);
#1196=ORIENTED_EDGE('',*,*,#2193,.F.);
#1197=ORIENTED_EDGE('',*,*,#2191,.T.);
#1198=ORIENTED_EDGE('',*,*,#2137,.T.);
#1199=ORIENTED_EDGE('',*,*,#2189,.T.);
#1200=ORIENTED_EDGE('',*,*,#2187,.F.);
#1201=ORIENTED_EDGE('',*,*,#2203,.F.);
#1202=ORIENTED_EDGE('',*,*,#2188,.F.);
#1203=ORIENTED_EDGE('',*,*,#2135,.T.);
#1204=ORIENTED_EDGE('',*,*,#2172,.T.);
#1205=ORIENTED_EDGE('',*,*,#2196,.T.);
#1206=ORIENTED_EDGE('',*,*,#2208,.T.);
#1207=ORIENTED_EDGE('',*,*,#2190,.F.);
#1208=ORIENTED_EDGE('',*,*,#2182,.F.);
#1209=ORIENTED_EDGE('',*,*,#2179,.F.);
#1210=ORIENTED_EDGE('',*,*,#2201,.F.);
#1211=ORIENTED_EDGE('',*,*,#2129,.F.);
#1212=ORIENTED_EDGE('',*,*,#2209,.F.);
#1213=ORIENTED_EDGE('',*,*,#2210,.F.);
#1214=ORIENTED_EDGE('',*,*,#2211,.T.);
#1215=ORIENTED_EDGE('',*,*,#2212,.T.);
#1216=ORIENTED_EDGE('',*,*,#2213,.T.);
#1217=ORIENTED_EDGE('',*,*,#2214,.F.);
#1218=ORIENTED_EDGE('',*,*,#2215,.F.);
#1219=ORIENTED_EDGE('',*,*,#2216,.T.);
#1220=ORIENTED_EDGE('',*,*,#2217,.T.);
#1221=ORIENTED_EDGE('',*,*,#2210,.T.);
#1222=ORIENTED_EDGE('',*,*,#2218,.F.);
#1223=ORIENTED_EDGE('',*,*,#2219,.F.);
#1224=ORIENTED_EDGE('',*,*,#2220,.T.);
#1225=ORIENTED_EDGE('',*,*,#2221,.T.);
#1226=ORIENTED_EDGE('',*,*,#2222,.T.);
#1227=ORIENTED_EDGE('',*,*,#2223,.F.);
#1228=ORIENTED_EDGE('',*,*,#2224,.F.);
#1229=ORIENTED_EDGE('',*,*,#2225,.T.);
#1230=ORIENTED_EDGE('',*,*,#2226,.T.);
#1231=ORIENTED_EDGE('',*,*,#2219,.T.);
#1232=ORIENTED_EDGE('',*,*,#2227,.F.);
#1233=ORIENTED_EDGE('',*,*,#2228,.F.);
#1234=ORIENTED_EDGE('',*,*,#2229,.T.);
#1235=ORIENTED_EDGE('',*,*,#2224,.T.);
#1236=ORIENTED_EDGE('',*,*,#2230,.T.);
#1237=ORIENTED_EDGE('',*,*,#2225,.F.);
#1238=ORIENTED_EDGE('',*,*,#2231,.F.);
#1239=ORIENTED_EDGE('',*,*,#2141,.T.);
#1240=ORIENTED_EDGE('',*,*,#2232,.T.);
#1241=ORIENTED_EDGE('',*,*,#2143,.F.);
#1242=ORIENTED_EDGE('',*,*,#2233,.F.);
#1243=ORIENTED_EDGE('',*,*,#2212,.F.);
#1244=ORIENTED_EDGE('',*,*,#2234,.F.);
#1245=ORIENTED_EDGE('',*,*,#2213,.F.);
#1246=ORIENTED_EDGE('',*,*,#2235,.T.);
#1247=ORIENTED_EDGE('',*,*,#2228,.T.);
#1248=ORIENTED_EDGE('',*,*,#2236,.T.);
#1249=ORIENTED_EDGE('',*,*,#2149,.F.);
#1250=ORIENTED_EDGE('',*,*,#2237,.F.);
#1251=ORIENTED_EDGE('',*,*,#2221,.F.);
#1252=ORIENTED_EDGE('',*,*,#2238,.F.);
#1253=ORIENTED_EDGE('',*,*,#2222,.F.);
#1254=ORIENTED_EDGE('',*,*,#2239,.T.);
#1255=ORIENTED_EDGE('',*,*,#2240,.T.);
#1256=ORIENTED_EDGE('',*,*,#2241,.F.);
#1257=ORIENTED_EDGE('',*,*,#2240,.F.);
#1258=ORIENTED_EDGE('',*,*,#2242,.T.);
#1259=ORIENTED_EDGE('',*,*,#2215,.T.);
#1260=ORIENTED_EDGE('',*,*,#2243,.T.);
#1261=ORIENTED_EDGE('',*,*,#2216,.F.);
#1262=ORIENTED_EDGE('',*,*,#2244,.F.);
#1263=ORIENTED_EDGE('',*,*,#2147,.T.);
#1264=ORIENTED_EDGE('',*,*,#2145,.T.);
#1265=ORIENTED_EDGE('',*,*,#2245,.T.);
#1266=ORIENTED_EDGE('',*,*,#2211,.F.);
#1267=ORIENTED_EDGE('',*,*,#2217,.F.);
#1268=ORIENTED_EDGE('',*,*,#2246,.T.);
#1269=ORIENTED_EDGE('',*,*,#2209,.T.);
#1270=ORIENTED_EDGE('',*,*,#2234,.T.);
#1271=ORIENTED_EDGE('',*,*,#2247,.T.);
#1272=ORIENTED_EDGE('',*,*,#2248,.T.);
#1273=ORIENTED_EDGE('',*,*,#2227,.T.);
#1274=ORIENTED_EDGE('',*,*,#2223,.T.);
#1275=ORIENTED_EDGE('',*,*,#2148,.T.);
#1276=ORIENTED_EDGE('',*,*,#2244,.T.);
#1277=ORIENTED_EDGE('',*,*,#2242,.F.);
#1278=ORIENTED_EDGE('',*,*,#2239,.F.);
#1279=ORIENTED_EDGE('',*,*,#2237,.T.);
#1280=ORIENTED_EDGE('',*,*,#2241,.T.);
#1281=ORIENTED_EDGE('',*,*,#2214,.T.);
#1282=ORIENTED_EDGE('',*,*,#2249,.T.);
#1283=ORIENTED_EDGE('',*,*,#2235,.F.);
#1284=ORIENTED_EDGE('',*,*,#2233,.T.);
#1285=ORIENTED_EDGE('',*,*,#2142,.T.);
#1286=ORIENTED_EDGE('',*,*,#2231,.T.);
#1287=ORIENTED_EDGE('',*,*,#2229,.F.);
#1288=ORIENTED_EDGE('',*,*,#2218,.T.);
#1289=ORIENTED_EDGE('',*,*,#2238,.T.);
#1290=ORIENTED_EDGE('',*,*,#2250,.T.);
#1291=ORIENTED_EDGE('',*,*,#2245,.F.);
#1292=ORIENTED_EDGE('',*,*,#2144,.T.);
#1293=ORIENTED_EDGE('',*,*,#2232,.F.);
#1294=ORIENTED_EDGE('',*,*,#2243,.F.);
#1295=ORIENTED_EDGE('',*,*,#2146,.T.);
#1296=ORIENTED_EDGE('',*,*,#2246,.F.);
#1297=ORIENTED_EDGE('',*,*,#2251,.F.);
#1298=ORIENTED_EDGE('',*,*,#2206,.F.);
#1299=ORIENTED_EDGE('',*,*,#2208,.F.);
#1300=ORIENTED_EDGE('',*,*,#2207,.F.);
#1301=ORIENTED_EDGE('',*,*,#2205,.F.);
#1302=ORIENTED_EDGE('',*,*,#2252,.F.);
#1303=ORIENTED_EDGE('',*,*,#2248,.F.);
#1304=ORIENTED_EDGE('',*,*,#2250,.F.);
#1305=ORIENTED_EDGE('',*,*,#2249,.F.);
#1306=ORIENTED_EDGE('',*,*,#2247,.F.);
#1307=ORIENTED_EDGE('',*,*,#2079,.T.);
#1308=ORIENTED_EDGE('',*,*,#2128,.T.);
#1309=ORIENTED_EDGE('',*,*,#2075,.F.);
#1310=ORIENTED_EDGE('',*,*,#2253,.T.);
#1311=ORIENTED_EDGE('',*,*,#2085,.T.);
#1312=ORIENTED_EDGE('',*,*,#2120,.T.);
#1313=ORIENTED_EDGE('',*,*,#2095,.F.);
#1314=ORIENTED_EDGE('',*,*,#2254,.T.);
#1315=ORIENTED_EDGE('',*,*,#2255,.F.);
#1316=ORIENTED_EDGE('',*,*,#2256,.T.);
#1317=ORIENTED_EDGE('',*,*,#2257,.T.);
#1318=ORIENTED_EDGE('',*,*,#2258,.F.);
#1319=ORIENTED_EDGE('',*,*,#2259,.F.);
#1320=ORIENTED_EDGE('',*,*,#2260,.T.);
#1321=ORIENTED_EDGE('',*,*,#2261,.T.);
#1322=ORIENTED_EDGE('',*,*,#2262,.F.);
#1323=ORIENTED_EDGE('',*,*,#2252,.T.);
#1324=ORIENTED_EDGE('',*,*,#2263,.F.);
#1325=ORIENTED_EDGE('',*,*,#2264,.T.);
#1326=ORIENTED_EDGE('',*,*,#2086,.T.);
#1327=ORIENTED_EDGE('',*,*,#2254,.F.);
#1328=ORIENTED_EDGE('',*,*,#2094,.T.);
#1329=ORIENTED_EDGE('',*,*,#2265,.T.);
#1330=ORIENTED_EDGE('',*,*,#2266,.F.);
#1331=ORIENTED_EDGE('',*,*,#2262,.T.);
#1332=ORIENTED_EDGE('',*,*,#2251,.T.);
#1333=ORIENTED_EDGE('',*,*,#2267,.F.);
#1334=ORIENTED_EDGE('',*,*,#2268,.T.);
#1335=ORIENTED_EDGE('',*,*,#2080,.F.);
#1336=ORIENTED_EDGE('',*,*,#2253,.F.);
#1337=ORIENTED_EDGE('',*,*,#2074,.F.);
#1338=ORIENTED_EDGE('',*,*,#2269,.T.);
#1339=ORIENTED_EDGE('',*,*,#2270,.T.);
#1340=ORIENTED_EDGE('',*,*,#2258,.T.);
#1341=ORIENTED_EDGE('',*,*,#2271,.T.);
#1342=ORIENTED_EDGE('',*,*,#2272,.T.);
#1343=ORIENTED_EDGE('',*,*,#2273,.T.);
#1344=ORIENTED_EDGE('',*,*,#2274,.T.);
#1345=ORIENTED_EDGE('',*,*,#2275,.T.);
#1346=ORIENTED_EDGE('',*,*,#2276,.T.);
#1347=ORIENTED_EDGE('',*,*,#2277,.T.);
#1348=ORIENTED_EDGE('',*,*,#2278,.T.);
#1349=ORIENTED_EDGE('',*,*,#2279,.T.);
#1350=ORIENTED_EDGE('',*,*,#2280,.T.);
#1351=ORIENTED_EDGE('',*,*,#2281,.T.);
#1352=ORIENTED_EDGE('',*,*,#2282,.T.);
#1353=ORIENTED_EDGE('',*,*,#2283,.T.);
#1354=ORIENTED_EDGE('',*,*,#2284,.T.);
#1355=ORIENTED_EDGE('',*,*,#2285,.T.);
#1356=ORIENTED_EDGE('',*,*,#2286,.T.);
#1357=ORIENTED_EDGE('',*,*,#2287,.T.);
#1358=ORIENTED_EDGE('',*,*,#2288,.T.);
#1359=ORIENTED_EDGE('',*,*,#2289,.T.);
#1360=ORIENTED_EDGE('',*,*,#2290,.T.);
#1361=ORIENTED_EDGE('',*,*,#2291,.T.);
#1362=ORIENTED_EDGE('',*,*,#2292,.F.);
#1363=ORIENTED_EDGE('',*,*,#2293,.T.);
#1364=ORIENTED_EDGE('',*,*,#2294,.F.);
#1365=ORIENTED_EDGE('',*,*,#2295,.F.);
#1366=ORIENTED_EDGE('',*,*,#2296,.F.);
#1367=ORIENTED_EDGE('',*,*,#2297,.F.);
#1368=ORIENTED_EDGE('',*,*,#2298,.T.);
#1369=ORIENTED_EDGE('',*,*,#2299,.T.);
#1370=ORIENTED_EDGE('',*,*,#2300,.F.);
#1371=ORIENTED_EDGE('',*,*,#2301,.T.);
#1372=ORIENTED_EDGE('',*,*,#2302,.F.);
#1373=ORIENTED_EDGE('',*,*,#2303,.F.);
#1374=ORIENTED_EDGE('',*,*,#2304,.F.);
#1375=ORIENTED_EDGE('',*,*,#2305,.F.);
#1376=ORIENTED_EDGE('',*,*,#2306,.T.);
#1377=ORIENTED_EDGE('',*,*,#2307,.F.);
#1378=ORIENTED_EDGE('',*,*,#2308,.T.);
#1379=ORIENTED_EDGE('',*,*,#2309,.F.);
#1380=ORIENTED_EDGE('',*,*,#2310,.F.);
#1381=ORIENTED_EDGE('',*,*,#2311,.T.);
#1382=ORIENTED_EDGE('',*,*,#2312,.F.);
#1383=ORIENTED_EDGE('',*,*,#2313,.T.);
#1384=ORIENTED_EDGE('',*,*,#2302,.T.);
#1385=ORIENTED_EDGE('',*,*,#2314,.T.);
#1386=ORIENTED_EDGE('',*,*,#2315,.F.);
#1387=ORIENTED_EDGE('',*,*,#2316,.T.);
#1388=ORIENTED_EDGE('',*,*,#2317,.F.);
#1389=ORIENTED_EDGE('',*,*,#2318,.F.);
#1390=ORIENTED_EDGE('',*,*,#2319,.T.);
#1391=ORIENTED_EDGE('',*,*,#2320,.T.);
#1392=ORIENTED_EDGE('',*,*,#2321,.F.);
#1393=ORIENTED_EDGE('',*,*,#2322,.T.);
#1394=ORIENTED_EDGE('',*,*,#2323,.F.);
#1395=ORIENTED_EDGE('',*,*,#2324,.F.);
#1396=ORIENTED_EDGE('',*,*,#2325,.T.);
#1397=ORIENTED_EDGE('',*,*,#2326,.T.);
#1398=ORIENTED_EDGE('',*,*,#2327,.F.);
#1399=ORIENTED_EDGE('',*,*,#2328,.T.);
#1400=ORIENTED_EDGE('',*,*,#2329,.T.);
#1401=ORIENTED_EDGE('',*,*,#2330,.F.);
#1402=ORIENTED_EDGE('',*,*,#2331,.F.);
#1403=ORIENTED_EDGE('',*,*,#2332,.F.);
#1404=ORIENTED_EDGE('',*,*,#2333,.T.);
#1405=ORIENTED_EDGE('',*,*,#2334,.F.);
#1406=ORIENTED_EDGE('',*,*,#2335,.T.);
#1407=ORIENTED_EDGE('',*,*,#2336,.T.);
#1408=ORIENTED_EDGE('',*,*,#2337,.F.);
#1409=ORIENTED_EDGE('',*,*,#2338,.T.);
#1410=ORIENTED_EDGE('',*,*,#2339,.F.);
#1411=ORIENTED_EDGE('',*,*,#2332,.T.);
#1412=ORIENTED_EDGE('',*,*,#2340,.T.);
#1413=ORIENTED_EDGE('',*,*,#2341,.T.);
#1414=ORIENTED_EDGE('',*,*,#2342,.F.);
#1415=ORIENTED_EDGE('',*,*,#2343,.F.);
#1416=ORIENTED_EDGE('',*,*,#2303,.T.);
#1417=ORIENTED_EDGE('',*,*,#2313,.F.);
#1418=ORIENTED_EDGE('',*,*,#2344,.T.);
#1419=ORIENTED_EDGE('',*,*,#2340,.F.);
#1420=ORIENTED_EDGE('',*,*,#2331,.T.);
#1421=ORIENTED_EDGE('',*,*,#2345,.F.);
#1422=ORIENTED_EDGE('',*,*,#2346,.F.);
#1423=ORIENTED_EDGE('',*,*,#2347,.F.);
#1424=ORIENTED_EDGE('',*,*,#2333,.F.);
#1425=ORIENTED_EDGE('',*,*,#2348,.F.);
#1426=ORIENTED_EDGE('',*,*,#2328,.F.);
#1427=ORIENTED_EDGE('',*,*,#2349,.F.);
#1428=ORIENTED_EDGE('',*,*,#2350,.F.);
#1429=ORIENTED_EDGE('',*,*,#2351,.F.);
#1430=ORIENTED_EDGE('',*,*,#2352,.F.);
#1431=ORIENTED_EDGE('',*,*,#2353,.F.);
#1432=ORIENTED_EDGE('',*,*,#2299,.F.);
#1433=ORIENTED_EDGE('',*,*,#2354,.F.);
#1434=ORIENTED_EDGE('',*,*,#2308,.F.);
#1435=ORIENTED_EDGE('',*,*,#2355,.F.);
#1436=ORIENTED_EDGE('',*,*,#2356,.F.);
#1437=ORIENTED_EDGE('',*,*,#2357,.F.);
#1438=ORIENTED_EDGE('',*,*,#2358,.F.);
#1439=ORIENTED_EDGE('',*,*,#2359,.F.);
#1440=ORIENTED_EDGE('',*,*,#2360,.F.);
#1441=ORIENTED_EDGE('',*,*,#2361,.F.);
#1442=ORIENTED_EDGE('',*,*,#2362,.T.);
#1443=ORIENTED_EDGE('',*,*,#2363,.F.);
#1444=ORIENTED_EDGE('',*,*,#2309,.T.);
#1445=ORIENTED_EDGE('',*,*,#2354,.T.);
#1446=ORIENTED_EDGE('',*,*,#2305,.T.);
#1447=ORIENTED_EDGE('',*,*,#2364,.F.);
#1448=ORIENTED_EDGE('',*,*,#2365,.F.);
#1449=ORIENTED_EDGE('',*,*,#2366,.F.);
#1450=ORIENTED_EDGE('',*,*,#2367,.T.);
#1451=ORIENTED_EDGE('',*,*,#2368,.F.);
#1452=ORIENTED_EDGE('',*,*,#2329,.F.);
#1453=ORIENTED_EDGE('',*,*,#2348,.T.);
#1454=ORIENTED_EDGE('',*,*,#2338,.F.);
#1455=ORIENTED_EDGE('',*,*,#2369,.F.);
#1456=ORIENTED_EDGE('',*,*,#2370,.T.);
#1457=ORIENTED_EDGE('',*,*,#2371,.F.);
#1458=ORIENTED_EDGE('',*,*,#2166,.T.);
#1459=ORIENTED_EDGE('',*,*,#2372,.F.);
#1460=ORIENTED_EDGE('',*,*,#2162,.T.);
#1461=ORIENTED_EDGE('',*,*,#2373,.T.);
#1462=ORIENTED_EDGE('',*,*,#2374,.T.);
#1463=ORIENTED_EDGE('',*,*,#2375,.F.);
#1464=ORIENTED_EDGE('',*,*,#2368,.T.);
#1465=ORIENTED_EDGE('',*,*,#2376,.F.);
#1466=ORIENTED_EDGE('',*,*,#2377,.T.);
#1467=ORIENTED_EDGE('',*,*,#2378,.F.);
#1468=ORIENTED_EDGE('',*,*,#2363,.T.);
#1469=ORIENTED_EDGE('',*,*,#2379,.T.);
#1470=ORIENTED_EDGE('',*,*,#2380,.F.);
#1471=ORIENTED_EDGE('',*,*,#2381,.T.);
#1472=ORIENTED_EDGE('',*,*,#2155,.T.);
#1473=ORIENTED_EDGE('',*,*,#2382,.T.);
#1474=ORIENTED_EDGE('',*,*,#2153,.T.);
#1475=ORIENTED_EDGE('',*,*,#2383,.T.);
#1476=ORIENTED_EDGE('',*,*,#2384,.T.);
#1477=ORIENTED_EDGE('',*,*,#2165,.T.);
#1478=ORIENTED_EDGE('',*,*,#2385,.T.);
#1479=ORIENTED_EDGE('',*,*,#2386,.F.);
#1480=ORIENTED_EDGE('',*,*,#2387,.T.);
#1481=ORIENTED_EDGE('',*,*,#2159,.T.);
#1482=ORIENTED_EDGE('',*,*,#2372,.T.);
#1483=ORIENTED_EDGE('',*,*,#2388,.F.);
#1484=ORIENTED_EDGE('',*,*,#2389,.T.);
#1485=ORIENTED_EDGE('',*,*,#2151,.T.);
#1486=ORIENTED_EDGE('',*,*,#2390,.T.);
#1487=ORIENTED_EDGE('',*,*,#2391,.T.);
#1488=ORIENTED_EDGE('',*,*,#2360,.T.);
#1489=ORIENTED_EDGE('',*,*,#2392,.F.);
#1490=ORIENTED_EDGE('',*,*,#2393,.F.);
#1491=ORIENTED_EDGE('',*,*,#2390,.F.);
#1492=ORIENTED_EDGE('',*,*,#2154,.T.);
#1493=ORIENTED_EDGE('',*,*,#2382,.F.);
#1494=ORIENTED_EDGE('',*,*,#2158,.T.);
#1495=ORIENTED_EDGE('',*,*,#2394,.F.);
#1496=ORIENTED_EDGE('',*,*,#2157,.T.);
#1497=ORIENTED_EDGE('',*,*,#2395,.T.);
#1498=ORIENTED_EDGE('',*,*,#2396,.F.);
#1499=ORIENTED_EDGE('',*,*,#2376,.T.);
#1500=ORIENTED_EDGE('',*,*,#2362,.F.);
#1501=ORIENTED_EDGE('',*,*,#2397,.F.);
#1502=ORIENTED_EDGE('',*,*,#2394,.T.);
#1503=ORIENTED_EDGE('',*,*,#2398,.F.);
#1504=ORIENTED_EDGE('',*,*,#2399,.T.);
#1505=ORIENTED_EDGE('',*,*,#2163,.T.);
#1506=ORIENTED_EDGE('',*,*,#2371,.T.);
#1507=ORIENTED_EDGE('',*,*,#2400,.T.);
#1508=ORIENTED_EDGE('',*,*,#2365,.T.);
#1509=ORIENTED_EDGE('',*,*,#2401,.F.);
#1510=ORIENTED_EDGE('',*,*,#2161,.T.);
#1511=ORIENTED_EDGE('',*,*,#2402,.T.);
#1512=ORIENTED_EDGE('',*,*,#2403,.F.);
#1513=ORIENTED_EDGE('',*,*,#2373,.F.);
#1514=ORIENTED_EDGE('',*,*,#2367,.F.);
#1515=ORIENTED_EDGE('',*,*,#2404,.F.);
#1516=ORIENTED_EDGE('',*,*,#2369,.T.);
#1517=ORIENTED_EDGE('',*,*,#2405,.T.);
#1518=ORIENTED_EDGE('',*,*,#2406,.T.);
#1519=ORIENTED_EDGE('',*,*,#2407,.F.);
#1520=ORIENTED_EDGE('',*,*,#2324,.T.);
#1521=ORIENTED_EDGE('',*,*,#2408,.T.);
#1522=ORIENTED_EDGE('',*,*,#2409,.T.);
#1523=ORIENTED_EDGE('',*,*,#2405,.F.);
#1524=ORIENTED_EDGE('',*,*,#2410,.T.);
#1525=ORIENTED_EDGE('',*,*,#2411,.T.);
#1526=ORIENTED_EDGE('',*,*,#2412,.T.);
#1527=ORIENTED_EDGE('',*,*,#2408,.F.);
#1528=ORIENTED_EDGE('',*,*,#2318,.T.);
#1529=ORIENTED_EDGE('',*,*,#2413,.T.);
#1530=ORIENTED_EDGE('',*,*,#2414,.T.);
#1531=ORIENTED_EDGE('',*,*,#2411,.F.);
#1532=ORIENTED_EDGE('',*,*,#2415,.T.);
#1533=ORIENTED_EDGE('',*,*,#2416,.T.);
#1534=ORIENTED_EDGE('',*,*,#2417,.T.);
#1535=ORIENTED_EDGE('',*,*,#2413,.F.);
#1536=ORIENTED_EDGE('',*,*,#2418,.T.);
#1537=ORIENTED_EDGE('',*,*,#2407,.T.);
#1538=ORIENTED_EDGE('',*,*,#2419,.T.);
#1539=ORIENTED_EDGE('',*,*,#2416,.F.);
#1540=ORIENTED_EDGE('',*,*,#2420,.T.);
#1541=ORIENTED_EDGE('',*,*,#2378,.T.);
#1542=ORIENTED_EDGE('',*,*,#2421,.T.);
#1543=ORIENTED_EDGE('',*,*,#2422,.F.);
#1544=ORIENTED_EDGE('',*,*,#2310,.T.);
#1545=ORIENTED_EDGE('',*,*,#2423,.T.);
#1546=ORIENTED_EDGE('',*,*,#2424,.T.);
#1547=ORIENTED_EDGE('',*,*,#2392,.T.);
#1548=ORIENTED_EDGE('',*,*,#2359,.T.);
#1549=ORIENTED_EDGE('',*,*,#2425,.T.);
#1550=ORIENTED_EDGE('',*,*,#2426,.T.);
#1551=ORIENTED_EDGE('',*,*,#2423,.F.);
#1552=ORIENTED_EDGE('',*,*,#2304,.T.);
#1553=ORIENTED_EDGE('',*,*,#2427,.T.);
#1554=ORIENTED_EDGE('',*,*,#2428,.T.);
#1555=ORIENTED_EDGE('',*,*,#2425,.F.);
#1556=ORIENTED_EDGE('',*,*,#2343,.T.);
#1557=ORIENTED_EDGE('',*,*,#2429,.T.);
#1558=ORIENTED_EDGE('',*,*,#2430,.T.);
#1559=ORIENTED_EDGE('',*,*,#2427,.F.);
#1560=ORIENTED_EDGE('',*,*,#2431,.T.);
#1561=ORIENTED_EDGE('',*,*,#2422,.T.);
#1562=ORIENTED_EDGE('',*,*,#2432,.T.);
#1563=ORIENTED_EDGE('',*,*,#2429,.F.);
#1564=ORIENTED_EDGE('',*,*,#2433,.T.);
#1565=ORIENTED_EDGE('',*,*,#2375,.T.);
#1566=ORIENTED_EDGE('',*,*,#2434,.T.);
#1567=ORIENTED_EDGE('',*,*,#2435,.F.);
#1568=ORIENTED_EDGE('',*,*,#2330,.T.);
#1569=ORIENTED_EDGE('',*,*,#2436,.T.);
#1570=ORIENTED_EDGE('',*,*,#2437,.T.);
#1571=ORIENTED_EDGE('',*,*,#2401,.T.);
#1572=ORIENTED_EDGE('',*,*,#2364,.T.);
#1573=ORIENTED_EDGE('',*,*,#2438,.T.);
#1574=ORIENTED_EDGE('',*,*,#2439,.T.);
#1575=ORIENTED_EDGE('',*,*,#2436,.F.);
#1576=ORIENTED_EDGE('',*,*,#2337,.T.);
#1577=ORIENTED_EDGE('',*,*,#2440,.T.);
#1578=ORIENTED_EDGE('',*,*,#2441,.T.);
#1579=ORIENTED_EDGE('',*,*,#2438,.F.);
#1580=ORIENTED_EDGE('',*,*,#2442,.T.);
#1581=ORIENTED_EDGE('',*,*,#2443,.T.);
#1582=ORIENTED_EDGE('',*,*,#2444,.T.);
#1583=ORIENTED_EDGE('',*,*,#2440,.F.);
#1584=ORIENTED_EDGE('',*,*,#2445,.T.);
#1585=ORIENTED_EDGE('',*,*,#2435,.T.);
#1586=ORIENTED_EDGE('',*,*,#2446,.T.);
#1587=ORIENTED_EDGE('',*,*,#2443,.F.);
#1588=ORIENTED_EDGE('',*,*,#2345,.T.);
#1589=ORIENTED_EDGE('',*,*,#2447,.T.);
#1590=ORIENTED_EDGE('',*,*,#2311,.F.);
#1591=ORIENTED_EDGE('',*,*,#2433,.F.);
#1592=ORIENTED_EDGE('',*,*,#2448,.T.);
#1593=ORIENTED_EDGE('',*,*,#2449,.T.);
#1594=ORIENTED_EDGE('',*,*,#2448,.F.);
#1595=ORIENTED_EDGE('',*,*,#2431,.F.);
#1596=ORIENTED_EDGE('',*,*,#2342,.T.);
#1597=ORIENTED_EDGE('',*,*,#2450,.T.);
#1598=ORIENTED_EDGE('',*,*,#2346,.T.);
#1599=ORIENTED_EDGE('',*,*,#2445,.F.);
#1600=ORIENTED_EDGE('',*,*,#2451,.F.);
#1601=ORIENTED_EDGE('',*,*,#2452,.T.);
#1602=ORIENTED_EDGE('',*,*,#2451,.T.);
#1603=ORIENTED_EDGE('',*,*,#2442,.F.);
#1604=ORIENTED_EDGE('',*,*,#2336,.F.);
#1605=ORIENTED_EDGE('',*,*,#2319,.F.);
#1606=ORIENTED_EDGE('',*,*,#2410,.F.);
#1607=ORIENTED_EDGE('',*,*,#2323,.T.);
#1608=ORIENTED_EDGE('',*,*,#2453,.T.);
#1609=ORIENTED_EDGE('',*,*,#2454,.T.);
#1610=ORIENTED_EDGE('',*,*,#2455,.F.);
#1611=ORIENTED_EDGE('',*,*,#2415,.F.);
#1612=ORIENTED_EDGE('',*,*,#2317,.T.);
#1613=ORIENTED_EDGE('',*,*,#2456,.T.);
#1614=ORIENTED_EDGE('',*,*,#2457,.T.);
#1615=ORIENTED_EDGE('',*,*,#2418,.F.);
#1616=ORIENTED_EDGE('',*,*,#2455,.T.);
#1617=ORIENTED_EDGE('',*,*,#2458,.T.);
#1618=ORIENTED_EDGE('',*,*,#2325,.F.);
#1619=ORIENTED_EDGE('',*,*,#2420,.F.);
#1620=ORIENTED_EDGE('',*,*,#2457,.F.);
#1621=ORIENTED_EDGE('',*,*,#2459,.F.);
#1622=ORIENTED_EDGE('',*,*,#2314,.F.);
#1623=ORIENTED_EDGE('',*,*,#2453,.F.);
#1624=ORIENTED_EDGE('',*,*,#2322,.F.);
#1625=ORIENTED_EDGE('',*,*,#2460,.F.);
#1626=ORIENTED_EDGE('',*,*,#2461,.F.);
#1627=ORIENTED_EDGE('',*,*,#2462,.T.);
#1628=ORIENTED_EDGE('',*,*,#2463,.F.);
#1629=ORIENTED_EDGE('',*,*,#2391,.F.);
#1630=ORIENTED_EDGE('',*,*,#2393,.T.);
#1631=ORIENTED_EDGE('',*,*,#2397,.T.);
#1632=ORIENTED_EDGE('',*,*,#2361,.T.);
#1633=ORIENTED_EDGE('',*,*,#2370,.F.);
#1634=ORIENTED_EDGE('',*,*,#2404,.T.);
#1635=ORIENTED_EDGE('',*,*,#2366,.T.);
#1636=ORIENTED_EDGE('',*,*,#2400,.F.);
#1637=ORIENTED_EDGE('',*,*,#2464,.F.);
#1638=ORIENTED_EDGE('',*,*,#2465,.T.);
#1639=ORIENTED_EDGE('',*,*,#2466,.T.);
#1640=ORIENTED_EDGE('',*,*,#2462,.F.);
#1641=ORIENTED_EDGE('',*,*,#2466,.F.);
#1642=ORIENTED_EDGE('',*,*,#2467,.T.);
#1643=ORIENTED_EDGE('',*,*,#2464,.T.);
#1644=ORIENTED_EDGE('',*,*,#2461,.T.);
#1645=ORIENTED_EDGE('',*,*,#2463,.T.);
#1646=ORIENTED_EDGE('',*,*,#2468,.F.);
#1647=ORIENTED_EDGE('',*,*,#2469,.T.);
#1648=ORIENTED_EDGE('',*,*,#2470,.T.);
#1649=ORIENTED_EDGE('',*,*,#2350,.T.);
#1650=ORIENTED_EDGE('',*,*,#2352,.T.);
#1651=ORIENTED_EDGE('',*,*,#2470,.F.);
#1652=ORIENTED_EDGE('',*,*,#2471,.T.);
#1653=ORIENTED_EDGE('',*,*,#2468,.T.);
#1654=ORIENTED_EDGE('',*,*,#2351,.T.);
#1655=ORIENTED_EDGE('',*,*,#2472,.F.);
#1656=ORIENTED_EDGE('',*,*,#2473,.T.);
#1657=ORIENTED_EDGE('',*,*,#2474,.T.);
#1658=ORIENTED_EDGE('',*,*,#2356,.T.);
#1659=ORIENTED_EDGE('',*,*,#2358,.T.);
#1660=ORIENTED_EDGE('',*,*,#2474,.F.);
#1661=ORIENTED_EDGE('',*,*,#2475,.T.);
#1662=ORIENTED_EDGE('',*,*,#2472,.T.);
#1663=ORIENTED_EDGE('',*,*,#2357,.T.);
#1664=ORIENTED_EDGE('',*,*,#2476,.T.);
#1665=ORIENTED_EDGE('',*,*,#2465,.F.);
#1666=ORIENTED_EDGE('',*,*,#2477,.T.);
#1667=ORIENTED_EDGE('',*,*,#2293,.F.);
#1668=ORIENTED_EDGE('',*,*,#2477,.F.);
#1669=ORIENTED_EDGE('',*,*,#2467,.F.);
#1670=ORIENTED_EDGE('',*,*,#2476,.F.);
#1671=ORIENTED_EDGE('',*,*,#2294,.T.);
#1672=ORIENTED_EDGE('',*,*,#2478,.T.);
#1673=ORIENTED_EDGE('',*,*,#2291,.F.);
#1674=ORIENTED_EDGE('',*,*,#2479,.T.);
#1675=ORIENTED_EDGE('',*,*,#2475,.F.);
#1676=ORIENTED_EDGE('',*,*,#2479,.F.);
#1677=ORIENTED_EDGE('',*,*,#2292,.T.);
#1678=ORIENTED_EDGE('',*,*,#2478,.F.);
#1679=ORIENTED_EDGE('',*,*,#2473,.F.);
#1680=ORIENTED_EDGE('',*,*,#2379,.F.);
#1681=ORIENTED_EDGE('',*,*,#2295,.T.);
#1682=ORIENTED_EDGE('',*,*,#2384,.F.);
#1683=ORIENTED_EDGE('',*,*,#2296,.T.);
#1684=ORIENTED_EDGE('',*,*,#2480,.T.);
#1685=ORIENTED_EDGE('',*,*,#2297,.T.);
#1686=ORIENTED_EDGE('',*,*,#2481,.T.);
#1687=ORIENTED_EDGE('',*,*,#2469,.F.);
#1688=ORIENTED_EDGE('',*,*,#2480,.F.);
#1689=ORIENTED_EDGE('',*,*,#2471,.F.);
#1690=ORIENTED_EDGE('',*,*,#2481,.F.);
#1691=ORIENTED_EDGE('',*,*,#2298,.F.);
#1692=ORIENTED_EDGE('',*,*,#2327,.T.);
#1693=ORIENTED_EDGE('',*,*,#2482,.F.);
#1694=ORIENTED_EDGE('',*,*,#2334,.T.);
#1695=ORIENTED_EDGE('',*,*,#2347,.T.);
#1696=ORIENTED_EDGE('',*,*,#2349,.T.);
#1697=ORIENTED_EDGE('',*,*,#2482,.T.);
#1698=ORIENTED_EDGE('',*,*,#2326,.F.);
#1699=ORIENTED_EDGE('',*,*,#2339,.T.);
#1700=ORIENTED_EDGE('',*,*,#2344,.F.);
#1701=ORIENTED_EDGE('',*,*,#2450,.F.);
#1702=ORIENTED_EDGE('',*,*,#2452,.F.);
#1703=ORIENTED_EDGE('',*,*,#2335,.F.);
#1704=ORIENTED_EDGE('',*,*,#2315,.T.);
#1705=ORIENTED_EDGE('',*,*,#2459,.T.);
#1706=ORIENTED_EDGE('',*,*,#2460,.T.);
#1707=ORIENTED_EDGE('',*,*,#2321,.T.);
#1708=ORIENTED_EDGE('',*,*,#2483,.F.);
#1709=ORIENTED_EDGE('',*,*,#2454,.F.);
#1710=ORIENTED_EDGE('',*,*,#2316,.F.);
#1711=ORIENTED_EDGE('',*,*,#2483,.T.);
#1712=ORIENTED_EDGE('',*,*,#2320,.F.);
#1713=ORIENTED_EDGE('',*,*,#2458,.F.);
#1714=ORIENTED_EDGE('',*,*,#2456,.F.);
#1715=ORIENTED_EDGE('',*,*,#2300,.T.);
#1716=ORIENTED_EDGE('',*,*,#2353,.T.);
#1717=ORIENTED_EDGE('',*,*,#2355,.T.);
#1718=ORIENTED_EDGE('',*,*,#2307,.T.);
#1719=ORIENTED_EDGE('',*,*,#2484,.F.);
#1720=ORIENTED_EDGE('',*,*,#2312,.T.);
#1721=ORIENTED_EDGE('',*,*,#2301,.F.);
#1722=ORIENTED_EDGE('',*,*,#2484,.T.);
#1723=ORIENTED_EDGE('',*,*,#2306,.F.);
#1724=ORIENTED_EDGE('',*,*,#2447,.F.);
#1725=ORIENTED_EDGE('',*,*,#2449,.F.);
#1726=ORIENTED_EDGE('',*,*,#2341,.F.);
#1727=ORIENTED_EDGE('',*,*,#2485,.T.);
#1728=ORIENTED_EDGE('',*,*,#2486,.T.);
#1729=ORIENTED_EDGE('',*,*,#2255,.T.);
#1730=ORIENTED_EDGE('',*,*,#2270,.F.);
#1731=ORIENTED_EDGE('',*,*,#2257,.F.);
#1732=ORIENTED_EDGE('',*,*,#2487,.T.);
#1733=ORIENTED_EDGE('',*,*,#2488,.T.);
#1734=ORIENTED_EDGE('',*,*,#2267,.T.);
#1735=ORIENTED_EDGE('',*,*,#2489,.T.);
#1736=ORIENTED_EDGE('',*,*,#2490,.T.);
#1737=ORIENTED_EDGE('',*,*,#2259,.T.);
#1738=ORIENTED_EDGE('',*,*,#2266,.T.);
#1739=ORIENTED_EDGE('',*,*,#2261,.F.);
#1740=ORIENTED_EDGE('',*,*,#2491,.T.);
#1741=ORIENTED_EDGE('',*,*,#2492,.T.);
#1742=ORIENTED_EDGE('',*,*,#2263,.T.);
#1743=ORIENTED_EDGE('',*,*,#2204,.F.);
#1744=ORIENTED_EDGE('',*,*,#2133,.T.);
#1745=ORIENTED_EDGE('',*,*,#2194,.F.);
#1746=ORIENTED_EDGE('',*,*,#2236,.F.);
#1747=ORIENTED_EDGE('',*,*,#2220,.F.);
#1748=ORIENTED_EDGE('',*,*,#2226,.F.);
#1749=ORIENTED_EDGE('',*,*,#2230,.F.);
#1750=ORIENTED_EDGE('',*,*,#2140,.F.);
#1751=ORIENTED_EDGE('',*,*,#2093,.F.);
#1752=ORIENTED_EDGE('',*,*,#2493,.T.);
#1753=ORIENTED_EDGE('',*,*,#2489,.F.);
#1754=ORIENTED_EDGE('',*,*,#2265,.F.);
#1755=ORIENTED_EDGE('',*,*,#2492,.F.);
#1756=ORIENTED_EDGE('',*,*,#2494,.T.);
#1757=ORIENTED_EDGE('',*,*,#2087,.F.);
#1758=ORIENTED_EDGE('',*,*,#2264,.F.);
#1759=ORIENTED_EDGE('',*,*,#2073,.F.);
#1760=ORIENTED_EDGE('',*,*,#2495,.T.);
#1761=ORIENTED_EDGE('',*,*,#2485,.F.);
#1762=ORIENTED_EDGE('',*,*,#2269,.F.);
#1763=ORIENTED_EDGE('',*,*,#2488,.F.);
#1764=ORIENTED_EDGE('',*,*,#2496,.T.);
#1765=ORIENTED_EDGE('',*,*,#2081,.F.);
#1766=ORIENTED_EDGE('',*,*,#2268,.F.);
#1767=ORIENTED_EDGE('',*,*,#2497,.F.);
#1768=ORIENTED_EDGE('',*,*,#2282,.F.);
#1769=ORIENTED_EDGE('',*,*,#2498,.F.);
#1770=ORIENTED_EDGE('',*,*,#2082,.F.);
#1771=ORIENTED_EDGE('',*,*,#2498,.T.);
#1772=ORIENTED_EDGE('',*,*,#2281,.F.);
#1773=ORIENTED_EDGE('',*,*,#2499,.F.);
#1774=ORIENTED_EDGE('',*,*,#2110,.F.);
#1775=ORIENTED_EDGE('',*,*,#2497,.T.);
#1776=ORIENTED_EDGE('',*,*,#2496,.F.);
#1777=ORIENTED_EDGE('',*,*,#2500,.F.);
#1778=ORIENTED_EDGE('',*,*,#2283,.F.);
#1779=ORIENTED_EDGE('',*,*,#2499,.T.);
#1780=ORIENTED_EDGE('',*,*,#2280,.F.);
#1781=ORIENTED_EDGE('',*,*,#2501,.F.);
#1782=ORIENTED_EDGE('',*,*,#2100,.F.);
#1783=ORIENTED_EDGE('',*,*,#2500,.T.);
#1784=ORIENTED_EDGE('',*,*,#2487,.F.);
#1785=ORIENTED_EDGE('',*,*,#2502,.F.);
#1786=ORIENTED_EDGE('',*,*,#2284,.F.);
#1787=ORIENTED_EDGE('',*,*,#2501,.T.);
#1788=ORIENTED_EDGE('',*,*,#2279,.F.);
#1789=ORIENTED_EDGE('',*,*,#2503,.F.);
#1790=ORIENTED_EDGE('',*,*,#2112,.F.);
#1791=ORIENTED_EDGE('',*,*,#2502,.T.);
#1792=ORIENTED_EDGE('',*,*,#2256,.F.);
#1793=ORIENTED_EDGE('',*,*,#2504,.F.);
#1794=ORIENTED_EDGE('',*,*,#2285,.F.);
#1795=ORIENTED_EDGE('',*,*,#2503,.T.);
#1796=ORIENTED_EDGE('',*,*,#2278,.F.);
#1797=ORIENTED_EDGE('',*,*,#2505,.F.);
#1798=ORIENTED_EDGE('',*,*,#2092,.F.);
#1799=ORIENTED_EDGE('',*,*,#2504,.T.);
#1800=ORIENTED_EDGE('',*,*,#2486,.F.);
#1801=ORIENTED_EDGE('',*,*,#2506,.F.);
#1802=ORIENTED_EDGE('',*,*,#2286,.F.);
#1803=ORIENTED_EDGE('',*,*,#2505,.T.);
#1804=ORIENTED_EDGE('',*,*,#2277,.F.);
#1805=ORIENTED_EDGE('',*,*,#2507,.F.);
#1806=ORIENTED_EDGE('',*,*,#2493,.F.);
#1807=ORIENTED_EDGE('',*,*,#2506,.T.);
#1808=ORIENTED_EDGE('',*,*,#2495,.F.);
#1809=ORIENTED_EDGE('',*,*,#2508,.F.);
#1810=ORIENTED_EDGE('',*,*,#2287,.F.);
#1811=ORIENTED_EDGE('',*,*,#2507,.T.);
#1812=ORIENTED_EDGE('',*,*,#2276,.F.);
#1813=ORIENTED_EDGE('',*,*,#2509,.F.);
#1814=ORIENTED_EDGE('',*,*,#2490,.F.);
#1815=ORIENTED_EDGE('',*,*,#2508,.T.);
#1816=ORIENTED_EDGE('',*,*,#2072,.F.);
#1817=ORIENTED_EDGE('',*,*,#2510,.F.);
#1818=ORIENTED_EDGE('',*,*,#2288,.F.);
#1819=ORIENTED_EDGE('',*,*,#2509,.T.);
#1820=ORIENTED_EDGE('',*,*,#2275,.F.);
#1821=ORIENTED_EDGE('',*,*,#2511,.F.);
#1822=ORIENTED_EDGE('',*,*,#2260,.F.);
#1823=ORIENTED_EDGE('',*,*,#2510,.T.);
#1824=ORIENTED_EDGE('',*,*,#2108,.F.);
#1825=ORIENTED_EDGE('',*,*,#2512,.F.);
#1826=ORIENTED_EDGE('',*,*,#2289,.F.);
#1827=ORIENTED_EDGE('',*,*,#2511,.T.);
#1828=ORIENTED_EDGE('',*,*,#2274,.F.);
#1829=ORIENTED_EDGE('',*,*,#2513,.F.);
#1830=ORIENTED_EDGE('',*,*,#2491,.F.);
#1831=ORIENTED_EDGE('',*,*,#2512,.T.);
#1832=ORIENTED_EDGE('',*,*,#2105,.F.);
#1833=ORIENTED_EDGE('',*,*,#2514,.F.);
#1834=ORIENTED_EDGE('',*,*,#2290,.F.);
#1835=ORIENTED_EDGE('',*,*,#2513,.T.);
#1836=ORIENTED_EDGE('',*,*,#2273,.F.);
#1837=ORIENTED_EDGE('',*,*,#2515,.F.);
#1838=ORIENTED_EDGE('',*,*,#2494,.F.);
#1839=ORIENTED_EDGE('',*,*,#2514,.T.);
#1840=ORIENTED_EDGE('',*,*,#2102,.F.);
#1841=ORIENTED_EDGE('',*,*,#2516,.F.);
#1842=ORIENTED_EDGE('',*,*,#2271,.F.);
#1843=ORIENTED_EDGE('',*,*,#2515,.T.);
#1844=ORIENTED_EDGE('',*,*,#2272,.F.);
#1845=ORIENTED_EDGE('',*,*,#2516,.T.);
#1846=ORIENTED_EDGE('',*,*,#2088,.F.);
#1847=ORIENTED_EDGE('',*,*,#2139,.T.);
#1848=ORIENTED_EDGE('',*,*,#2123,.F.);
#1849=ORIENTED_EDGE('',*,*,#2517,.F.);
#1850=ORIENTED_EDGE('',*,*,#2125,.T.);
#1851=ORIENTED_EDGE('',*,*,#2077,.F.);
#1852=ORIENTED_EDGE('',*,*,#2518,.F.);
#1853=ORIENTED_EDGE('',*,*,#2519,.T.);
#1854=ORIENTED_EDGE('',*,*,#2121,.T.);
#1855=ORIENTED_EDGE('',*,*,#2109,.F.);
#1856=ORIENTED_EDGE('',*,*,#2520,.F.);
#1857=ORIENTED_EDGE('',*,*,#2521,.T.);
#1858=ORIENTED_EDGE('',*,*,#2518,.T.);
#1859=ORIENTED_EDGE('',*,*,#2098,.F.);
#1860=ORIENTED_EDGE('',*,*,#2522,.F.);
#1861=ORIENTED_EDGE('',*,*,#2523,.T.);
#1862=ORIENTED_EDGE('',*,*,#2520,.T.);
#1863=ORIENTED_EDGE('',*,*,#2111,.T.);
#1864=ORIENTED_EDGE('',*,*,#2524,.F.);
#1865=ORIENTED_EDGE('',*,*,#2525,.F.);
#1866=ORIENTED_EDGE('',*,*,#2522,.T.);
#1867=ORIENTED_EDGE('',*,*,#2090,.T.);
#1868=ORIENTED_EDGE('',*,*,#2119,.F.);
#1869=ORIENTED_EDGE('',*,*,#2526,.F.);
#1870=ORIENTED_EDGE('',*,*,#2524,.T.);
#1871=ORIENTED_EDGE('',*,*,#2150,.T.);
#1872=ORIENTED_EDGE('',*,*,#2115,.F.);
#1873=ORIENTED_EDGE('',*,*,#2527,.F.);
#1874=ORIENTED_EDGE('',*,*,#2117,.T.);
#1875=ORIENTED_EDGE('',*,*,#2083,.T.);
#1876=ORIENTED_EDGE('',*,*,#2528,.F.);
#1877=ORIENTED_EDGE('',*,*,#2529,.F.);
#1878=ORIENTED_EDGE('',*,*,#2113,.T.);
#1879=ORIENTED_EDGE('',*,*,#2101,.T.);
#1880=ORIENTED_EDGE('',*,*,#2530,.F.);
#1881=ORIENTED_EDGE('',*,*,#2531,.F.);
#1882=ORIENTED_EDGE('',*,*,#2528,.T.);
#1883=ORIENTED_EDGE('',*,*,#2104,.T.);
#1884=ORIENTED_EDGE('',*,*,#2532,.F.);
#1885=ORIENTED_EDGE('',*,*,#2533,.F.);
#1886=ORIENTED_EDGE('',*,*,#2530,.T.);
#1887=ORIENTED_EDGE('',*,*,#2107,.F.);
#1888=ORIENTED_EDGE('',*,*,#2534,.F.);
#1889=ORIENTED_EDGE('',*,*,#2535,.T.);
#1890=ORIENTED_EDGE('',*,*,#2532,.T.);
#1891=ORIENTED_EDGE('',*,*,#2437,.F.);
#1892=ORIENTED_EDGE('',*,*,#2536,.F.);
#1893=ORIENTED_EDGE('',*,*,#2537,.T.);
#1894=ORIENTED_EDGE('',*,*,#2538,.T.);
#1895=ORIENTED_EDGE('',*,*,#2439,.F.);
#1896=ORIENTED_EDGE('',*,*,#2539,.F.);
#1897=ORIENTED_EDGE('',*,*,#2540,.T.);
#1898=ORIENTED_EDGE('',*,*,#2536,.T.);
#1899=ORIENTED_EDGE('',*,*,#2441,.F.);
#1900=ORIENTED_EDGE('',*,*,#2541,.F.);
#1901=ORIENTED_EDGE('',*,*,#2542,.T.);
#1902=ORIENTED_EDGE('',*,*,#2539,.T.);
#1903=ORIENTED_EDGE('',*,*,#2444,.F.);
#1904=ORIENTED_EDGE('',*,*,#2543,.F.);
#1905=ORIENTED_EDGE('',*,*,#2544,.T.);
#1906=ORIENTED_EDGE('',*,*,#2541,.T.);
#1907=ORIENTED_EDGE('',*,*,#2446,.F.);
#1908=ORIENTED_EDGE('',*,*,#2545,.F.);
#1909=ORIENTED_EDGE('',*,*,#2546,.T.);
#1910=ORIENTED_EDGE('',*,*,#2543,.T.);
#1911=ORIENTED_EDGE('',*,*,#2434,.F.);
#1912=ORIENTED_EDGE('',*,*,#2547,.F.);
#1913=ORIENTED_EDGE('',*,*,#2548,.T.);
#1914=ORIENTED_EDGE('',*,*,#2545,.T.);
#1915=ORIENTED_EDGE('',*,*,#2374,.F.);
#1916=ORIENTED_EDGE('',*,*,#2549,.F.);
#1917=ORIENTED_EDGE('',*,*,#2550,.T.);
#1918=ORIENTED_EDGE('',*,*,#2547,.T.);
#1919=ORIENTED_EDGE('',*,*,#2403,.T.);
#1920=ORIENTED_EDGE('',*,*,#2551,.T.);
#1921=ORIENTED_EDGE('',*,*,#2552,.F.);
#1922=ORIENTED_EDGE('',*,*,#2549,.T.);
#1923=ORIENTED_EDGE('',*,*,#2386,.T.);
#1924=ORIENTED_EDGE('',*,*,#2553,.T.);
#1925=ORIENTED_EDGE('',*,*,#2554,.F.);
#1926=ORIENTED_EDGE('',*,*,#2555,.T.);
#1927=ORIENTED_EDGE('',*,*,#2377,.F.);
#1928=ORIENTED_EDGE('',*,*,#2556,.F.);
#1929=ORIENTED_EDGE('',*,*,#2557,.T.);
#1930=ORIENTED_EDGE('',*,*,#2558,.T.);
#1931=ORIENTED_EDGE('',*,*,#2396,.T.);
#1932=ORIENTED_EDGE('',*,*,#2559,.T.);
#1933=ORIENTED_EDGE('',*,*,#2560,.F.);
#1934=ORIENTED_EDGE('',*,*,#2556,.T.);
#1935=ORIENTED_EDGE('',*,*,#2561,.F.);
#1936=ORIENTED_EDGE('',*,*,#2562,.T.);
#1937=ORIENTED_EDGE('',*,*,#2380,.T.);
#1938=ORIENTED_EDGE('',*,*,#2563,.T.);
#1939=ORIENTED_EDGE('',*,*,#2564,.F.);
#1940=ORIENTED_EDGE('',*,*,#2565,.T.);
#1941=ORIENTED_EDGE('',*,*,#2388,.T.);
#1942=ORIENTED_EDGE('',*,*,#2566,.F.);
#1943=ORIENTED_EDGE('',*,*,#2424,.F.);
#1944=ORIENTED_EDGE('',*,*,#2567,.F.);
#1945=ORIENTED_EDGE('',*,*,#2568,.T.);
#1946=ORIENTED_EDGE('',*,*,#2566,.T.);
#1947=ORIENTED_EDGE('',*,*,#2426,.F.);
#1948=ORIENTED_EDGE('',*,*,#2569,.F.);
#1949=ORIENTED_EDGE('',*,*,#2570,.T.);
#1950=ORIENTED_EDGE('',*,*,#2567,.T.);
#1951=ORIENTED_EDGE('',*,*,#2428,.F.);
#1952=ORIENTED_EDGE('',*,*,#2571,.F.);
#1953=ORIENTED_EDGE('',*,*,#2572,.T.);
#1954=ORIENTED_EDGE('',*,*,#2569,.T.);
#1955=ORIENTED_EDGE('',*,*,#2430,.F.);
#1956=ORIENTED_EDGE('',*,*,#2573,.F.);
#1957=ORIENTED_EDGE('',*,*,#2574,.T.);
#1958=ORIENTED_EDGE('',*,*,#2571,.T.);
#1959=ORIENTED_EDGE('',*,*,#2432,.F.);
#1960=ORIENTED_EDGE('',*,*,#2575,.F.);
#1961=ORIENTED_EDGE('',*,*,#2576,.T.);
#1962=ORIENTED_EDGE('',*,*,#2573,.T.);
#1963=ORIENTED_EDGE('',*,*,#2419,.F.);
#1964=ORIENTED_EDGE('',*,*,#2577,.F.);
#1965=ORIENTED_EDGE('',*,*,#2578,.T.);
#1966=ORIENTED_EDGE('',*,*,#2579,.T.);
#1967=ORIENTED_EDGE('',*,*,#2406,.F.);
#1968=ORIENTED_EDGE('',*,*,#2580,.F.);
#1969=ORIENTED_EDGE('',*,*,#2581,.T.);
#1970=ORIENTED_EDGE('',*,*,#2577,.T.);
#1971=ORIENTED_EDGE('',*,*,#2409,.F.);
#1972=ORIENTED_EDGE('',*,*,#2582,.F.);
#1973=ORIENTED_EDGE('',*,*,#2583,.T.);
#1974=ORIENTED_EDGE('',*,*,#2580,.T.);
#1975=ORIENTED_EDGE('',*,*,#2412,.F.);
#1976=ORIENTED_EDGE('',*,*,#2584,.F.);
#1977=ORIENTED_EDGE('',*,*,#2585,.T.);
#1978=ORIENTED_EDGE('',*,*,#2582,.T.);
#1979=ORIENTED_EDGE('',*,*,#2414,.F.);
#1980=ORIENTED_EDGE('',*,*,#2586,.F.);
#1981=ORIENTED_EDGE('',*,*,#2587,.T.);
#1982=ORIENTED_EDGE('',*,*,#2584,.T.);
#1983=ORIENTED_EDGE('',*,*,#2588,.F.);
#1984=ORIENTED_EDGE('',*,*,#2589,.T.);
#1985=ORIENTED_EDGE('',*,*,#2398,.T.);
#1986=ORIENTED_EDGE('',*,*,#2538,.F.);
#1987=ORIENTED_EDGE('',*,*,#2421,.F.);
#1988=ORIENTED_EDGE('',*,*,#2558,.F.);
#1989=ORIENTED_EDGE('',*,*,#2590,.T.);
#1990=ORIENTED_EDGE('',*,*,#2575,.T.);
#1991=ORIENTED_EDGE('',*,*,#2417,.F.);
#1992=ORIENTED_EDGE('',*,*,#2579,.F.);
#1993=ORIENTED_EDGE('',*,*,#2591,.T.);
#1994=ORIENTED_EDGE('',*,*,#2586,.T.);
#1995=ORIENTED_EDGE('',*,*,#2070,.F.);
#1996=ORIENTED_EDGE('',*,*,#2127,.F.);
#1997=ORIENTED_EDGE('',*,*,#2592,.T.);
#1998=ORIENTED_EDGE('',*,*,#2534,.T.);
#1999=ORIENTED_EDGE('',*,*,#2578,.F.);
#2000=ORIENTED_EDGE('',*,*,#2581,.F.);
#2001=ORIENTED_EDGE('',*,*,#2583,.F.);
#2002=ORIENTED_EDGE('',*,*,#2585,.F.);
#2003=ORIENTED_EDGE('',*,*,#2587,.F.);
#2004=ORIENTED_EDGE('',*,*,#2591,.F.);
#2005=ORIENTED_EDGE('',*,*,#2560,.T.);
#2006=ORIENTED_EDGE('',*,*,#2593,.T.);
#2007=ORIENTED_EDGE('',*,*,#2561,.T.);
#2008=ORIENTED_EDGE('',*,*,#2594,.T.);
#2009=ORIENTED_EDGE('',*,*,#2564,.T.);
#2010=ORIENTED_EDGE('',*,*,#2568,.F.);
#2011=ORIENTED_EDGE('',*,*,#2570,.F.);
#2012=ORIENTED_EDGE('',*,*,#2572,.F.);
#2013=ORIENTED_EDGE('',*,*,#2574,.F.);
#2014=ORIENTED_EDGE('',*,*,#2576,.F.);
#2015=ORIENTED_EDGE('',*,*,#2590,.F.);
#2016=ORIENTED_EDGE('',*,*,#2557,.F.);
#2017=ORIENTED_EDGE('',*,*,#2554,.T.);
#2018=ORIENTED_EDGE('',*,*,#2595,.T.);
#2019=ORIENTED_EDGE('',*,*,#2588,.T.);
#2020=ORIENTED_EDGE('',*,*,#2537,.F.);
#2021=ORIENTED_EDGE('',*,*,#2540,.F.);
#2022=ORIENTED_EDGE('',*,*,#2542,.F.);
#2023=ORIENTED_EDGE('',*,*,#2544,.F.);
#2024=ORIENTED_EDGE('',*,*,#2546,.F.);
#2025=ORIENTED_EDGE('',*,*,#2548,.F.);
#2026=ORIENTED_EDGE('',*,*,#2550,.F.);
#2027=ORIENTED_EDGE('',*,*,#2552,.T.);
#2028=ORIENTED_EDGE('',*,*,#2596,.T.);
#2029=ORIENTED_EDGE('',*,*,#2126,.F.);
#2030=ORIENTED_EDGE('',*,*,#2517,.T.);
#2031=ORIENTED_EDGE('',*,*,#2122,.F.);
#2032=ORIENTED_EDGE('',*,*,#2519,.F.);
#2033=ORIENTED_EDGE('',*,*,#2521,.F.);
#2034=ORIENTED_EDGE('',*,*,#2523,.F.);
#2035=ORIENTED_EDGE('',*,*,#2525,.T.);
#2036=ORIENTED_EDGE('',*,*,#2526,.T.);
#2037=ORIENTED_EDGE('',*,*,#2118,.F.);
#2038=ORIENTED_EDGE('',*,*,#2527,.T.);
#2039=ORIENTED_EDGE('',*,*,#2114,.F.);
#2040=ORIENTED_EDGE('',*,*,#2529,.T.);
#2041=ORIENTED_EDGE('',*,*,#2531,.T.);
#2042=ORIENTED_EDGE('',*,*,#2533,.T.);
#2043=ORIENTED_EDGE('',*,*,#2535,.F.);
#2044=ORIENTED_EDGE('',*,*,#2592,.F.);
#2045=ORIENTED_EDGE('',*,*,#2593,.F.);
#2046=ORIENTED_EDGE('',*,*,#2559,.F.);
#2047=ORIENTED_EDGE('',*,*,#2395,.F.);
#2048=ORIENTED_EDGE('',*,*,#2156,.F.);
#2049=ORIENTED_EDGE('',*,*,#2381,.F.);
#2050=ORIENTED_EDGE('',*,*,#2562,.F.);
#2051=ORIENTED_EDGE('',*,*,#2594,.F.);
#2052=ORIENTED_EDGE('',*,*,#2563,.F.);
#2053=ORIENTED_EDGE('',*,*,#2383,.F.);
#2054=ORIENTED_EDGE('',*,*,#2152,.F.);
#2055=ORIENTED_EDGE('',*,*,#2389,.F.);
#2056=ORIENTED_EDGE('',*,*,#2565,.F.);
#2057=ORIENTED_EDGE('',*,*,#2595,.F.);
#2058=ORIENTED_EDGE('',*,*,#2553,.F.);
#2059=ORIENTED_EDGE('',*,*,#2385,.F.);
#2060=ORIENTED_EDGE('',*,*,#2164,.F.);
#2061=ORIENTED_EDGE('',*,*,#2399,.F.);
#2062=ORIENTED_EDGE('',*,*,#2589,.F.);
#2063=ORIENTED_EDGE('',*,*,#2596,.F.);
#2064=ORIENTED_EDGE('',*,*,#2551,.F.);
#2065=ORIENTED_EDGE('',*,*,#2402,.F.);
#2066=ORIENTED_EDGE('',*,*,#2160,.F.);
#2067=ORIENTED_EDGE('',*,*,#2387,.F.);
#2068=ORIENTED_EDGE('',*,*,#2555,.F.);
#2069=EDGE_CURVE('',#2597,#2598,#2916,.T.);
#2070=EDGE_CURVE('',#2598,#2599,#2917,.F.);
#2071=EDGE_CURVE('',#2600,#2599,#269,.T.);
#2072=EDGE_CURVE('',#2600,#2601,#2918,.T.);
#2073=EDGE_CURVE('',#2601,#2602,#270,.T.);
#2074=EDGE_CURVE('',#2602,#2603,#2919,.T.);
#2075=EDGE_CURVE('',#2603,#2597,#271,.T.);
#2076=EDGE_CURVE('',#2604,#2605,#272,.T.);
#2077=EDGE_CURVE('',#2605,#2606,#2920,.F.);
#2078=EDGE_CURVE('',#2606,#2607,#2921,.T.);
#2079=EDGE_CURVE('',#2608,#2607,#273,.T.);
#2080=EDGE_CURVE('',#2608,#2609,#2922,.T.);
#2081=EDGE_CURVE('',#2609,#2610,#274,.F.);
#2082=EDGE_CURVE('',#2610,#2604,#2923,.T.);
#2083=EDGE_CURVE('',#2611,#2612,#2924,.F.);
#2084=EDGE_CURVE('',#2613,#2611,#2925,.T.);
#2085=EDGE_CURVE('',#2614,#2613,#275,.T.);
#2086=EDGE_CURVE('',#2615,#2614,#2926,.T.);
#2087=EDGE_CURVE('',#2615,#2616,#276,.F.);
#2088=EDGE_CURVE('',#2616,#2617,#2927,.T.);
#2089=EDGE_CURVE('',#2617,#2612,#277,.T.);
#2090=EDGE_CURVE('',#2618,#2619,#2928,.F.);
#2091=EDGE_CURVE('',#2620,#2618,#278,.T.);
#2092=EDGE_CURVE('',#2620,#2621,#2929,.T.);
#2093=EDGE_CURVE('',#2621,#2622,#279,.T.);
#2094=EDGE_CURVE('',#2623,#2622,#2930,.T.);
#2095=EDGE_CURVE('',#2623,#2624,#280,.T.);
#2096=EDGE_CURVE('',#2619,#2624,#2931,.T.);
#2097=EDGE_CURVE('',#2625,#2626,#281,.T.);
#2098=EDGE_CURVE('',#2626,#2627,#282,.T.);
#2099=EDGE_CURVE('',#2628,#2627,#283,.T.);
#2100=EDGE_CURVE('',#2628,#2625,#284,.T.);
#2101=EDGE_CURVE('',#2612,#2629,#2932,.F.);
#2102=EDGE_CURVE('',#2617,#2630,#2933,.T.);
#2103=EDGE_CURVE('',#2630,#2629,#285,.T.);
#2104=EDGE_CURVE('',#2629,#2631,#286,.T.);
#2105=EDGE_CURVE('',#2630,#2632,#287,.T.);
#2106=EDGE_CURVE('',#2632,#2631,#288,.T.);
#2107=EDGE_CURVE('',#2599,#2631,#2934,.F.);
#2108=EDGE_CURVE('',#2632,#2600,#2935,.T.);
#2109=EDGE_CURVE('',#2627,#2605,#2936,.F.);
#2110=EDGE_CURVE('',#2604,#2628,#2937,.T.);
#2111=EDGE_CURVE('',#2626,#2618,#2938,.F.);
#2112=EDGE_CURVE('',#2625,#2620,#2939,.T.);
#2113=EDGE_CURVE('',#2633,#2611,#2940,.T.);
#2114=EDGE_CURVE('',#2633,#2634,#289,.T.);
#2115=EDGE_CURVE('',#2634,#2635,#2941,.T.);
#2116=EDGE_CURVE('',#2636,#2635,#110,.F.);
#2117=EDGE_CURVE('',#2637,#2636,#2942,.T.);
#2118=EDGE_CURVE('',#2637,#2638,#290,.T.);
#2119=EDGE_CURVE('',#2638,#2619,#2943,.T.);
#2120=EDGE_CURVE('',#2613,#2624,#291,.F.);
#2121=EDGE_CURVE('',#2639,#2606,#2944,.T.);
#2122=EDGE_CURVE('',#2639,#2640,#292,.T.);
#2123=EDGE_CURVE('',#2640,#2641,#2945,.T.);
#2124=EDGE_CURVE('',#2642,#2641,#111,.T.);
#2125=EDGE_CURVE('',#2643,#2642,#2946,.T.);
#2126=EDGE_CURVE('',#2643,#2644,#293,.T.);
#2127=EDGE_CURVE('',#2644,#2598,#2947,.T.);
#2128=EDGE_CURVE('',#2607,#2597,#294,.T.);
#2129=EDGE_CURVE('',#2645,#2646,#29,.F.);
#2130=EDGE_CURVE('',#2647,#2646,#295,.T.);
#2131=EDGE_CURVE('',#2648,#2647,#30,.T.);
#2132=EDGE_CURVE('',#2648,#2649,#296,.T.);
#2133=EDGE_CURVE('',#2650,#2649,#31,.T.);
#2134=EDGE_CURVE('',#2651,#2650,#32,.T.);
#2135=EDGE_CURVE('',#2652,#2651,#33,.T.);
#2136=EDGE_CURVE('',#2653,#2652,#297,.T.);
#2137=EDGE_CURVE('',#2654,#2653,#34,.T.);
#2138=EDGE_CURVE('',#2654,#2645,#298,.T.);
#2139=EDGE_CURVE('',#2642,#2641,#35,.F.);
#2140=EDGE_CURVE('',#2655,#2656,#36,.F.);
#2141=EDGE_CURVE('',#2657,#2656,#299,.T.);
#2142=EDGE_CURVE('',#2658,#2657,#37,.T.);
#2143=EDGE_CURVE('',#2658,#2659,#300,.T.);
#2144=EDGE_CURVE('',#2660,#2659,#38,.T.);
#2145=EDGE_CURVE('',#2661,#2660,#39,.T.);
#2146=EDGE_CURVE('',#2662,#2661,#40,.T.);
#2147=EDGE_CURVE('',#2663,#2662,#301,.T.);
#2148=EDGE_CURVE('',#2664,#2663,#41,.T.);
#2149=EDGE_CURVE('',#2664,#2655,#302,.T.);
#2150=EDGE_CURVE('',#2636,#2635,#42,.F.);
#2151=EDGE_CURVE('',#2665,#2666,#303,.T.);
#2152=EDGE_CURVE('',#2665,#2667,#2948,.T.);
#2153=EDGE_CURVE('',#2668,#2667,#304,.F.);
#2154=EDGE_CURVE('',#2666,#2668,#43,.F.);
#2155=EDGE_CURVE('',#2669,#2670,#305,.T.);
#2156=EDGE_CURVE('',#2669,#2671,#2949,.T.);
#2157=EDGE_CURVE('',#2672,#2671,#306,.F.);
#2158=EDGE_CURVE('',#2670,#2672,#44,.F.);
#2159=EDGE_CURVE('',#2673,#2674,#307,.T.);
#2160=EDGE_CURVE('',#2673,#2675,#2950,.T.);
#2161=EDGE_CURVE('',#2676,#2675,#308,.T.);
#2162=EDGE_CURVE('',#2674,#2676,#45,.F.);
#2163=EDGE_CURVE('',#2677,#2678,#309,.F.);
#2164=EDGE_CURVE('',#2677,#2679,#2951,.T.);
#2165=EDGE_CURVE('',#2680,#2679,#310,.F.);
#2166=EDGE_CURVE('',#2678,#2680,#46,.F.);
#2167=EDGE_CURVE('',#2681,#2682,#311,.T.);
#2168=EDGE_CURVE('',#2683,#2681,#312,.T.);
#2169=EDGE_CURVE('',#2683,#2684,#313,.F.);
#2170=EDGE_CURVE('',#2684,#2685,#314,.T.);
#2171=EDGE_CURVE('',#2685,#2682,#315,.F.);
#2172=EDGE_CURVE('',#2682,#2686,#316,.T.);
#2173=EDGE_CURVE('',#2685,#2687,#317,.T.);
#2174=EDGE_CURVE('',#2687,#2688,#318,.T.);
#2175=EDGE_CURVE('',#2688,#2686,#319,.T.);
#2176=EDGE_CURVE('',#2689,#2690,#320,.F.);
#2177=EDGE_CURVE('',#2691,#2689,#321,.T.);
#2178=EDGE_CURVE('',#2691,#2692,#322,.F.);
#2179=EDGE_CURVE('',#2692,#2693,#323,.F.);
#2180=EDGE_CURVE('',#2693,#2690,#324,.F.);
#2181=EDGE_CURVE('',#2690,#2694,#325,.F.);
#2182=EDGE_CURVE('',#2693,#2695,#326,.F.);
#2183=EDGE_CURVE('',#2695,#2696,#327,.T.);
#2184=EDGE_CURVE('',#2696,#2694,#328,.T.);
#2185=EDGE_CURVE('',#2697,#2681,#329,.T.);
#2186=EDGE_CURVE('',#2698,#2697,#330,.F.);
#2187=EDGE_CURVE('',#2698,#2683,#331,.T.);
#2188=EDGE_CURVE('',#2652,#2684,#332,.F.);
#2189=EDGE_CURVE('',#2653,#2683,#333,.F.);
#2190=EDGE_CURVE('',#2695,#2645,#334,.T.);
#2191=EDGE_CURVE('',#2696,#2654,#335,.T.);
#2192=EDGE_CURVE('',#2694,#2697,#336,.T.);
#2193=EDGE_CURVE('',#2696,#2698,#337,.T.);
#2194=EDGE_CURVE('',#2687,#2649,#338,.F.);
#2195=EDGE_CURVE('',#2688,#2648,#339,.F.);
#2196=EDGE_CURVE('',#2686,#2699,#340,.F.);
#2197=EDGE_CURVE('',#2688,#2700,#341,.F.);
#2198=EDGE_CURVE('',#2700,#2699,#342,.F.);
#2199=EDGE_CURVE('',#2699,#2689,#343,.F.);
#2200=EDGE_CURVE('',#2700,#2691,#344,.F.);
#2201=EDGE_CURVE('',#2646,#2692,#345,.T.);
#2202=EDGE_CURVE('',#2647,#2691,#346,.T.);
#2203=EDGE_CURVE('',#2684,#2651,#347,.T.);
#2204=EDGE_CURVE('',#2650,#2687,#348,.F.);
#2205=EDGE_CURVE('',#2697,#2690,#47,.F.);
#2206=EDGE_CURVE('',#2682,#2697,#48,.F.);
#2207=EDGE_CURVE('',#2690,#2699,#49,.F.);
#2208=EDGE_CURVE('',#2699,#2682,#50,.F.);
#2209=EDGE_CURVE('',#2701,#2702,#349,.F.);
#2210=EDGE_CURVE('',#2703,#2701,#350,.F.);
#2211=EDGE_CURVE('',#2703,#2704,#351,.F.);
#2212=EDGE_CURVE('',#2704,#2705,#352,.T.);
#2213=EDGE_CURVE('',#2705,#2702,#353,.T.);
#2214=EDGE_CURVE('',#2706,#2701,#354,.F.);
#2215=EDGE_CURVE('',#2707,#2706,#355,.T.);
#2216=EDGE_CURVE('',#2707,#2708,#356,.F.);
#2217=EDGE_CURVE('',#2708,#2703,#357,.F.);
#2218=EDGE_CURVE('',#2709,#2710,#358,.T.);
#2219=EDGE_CURVE('',#2711,#2709,#359,.F.);
#2220=EDGE_CURVE('',#2711,#2712,#360,.T.);
#2221=EDGE_CURVE('',#2712,#2713,#361,.T.);
#2222=EDGE_CURVE('',#2713,#2710,#362,.T.);
#2223=EDGE_CURVE('',#2714,#2709,#363,.T.);
#2224=EDGE_CURVE('',#2715,#2714,#364,.T.);
#2225=EDGE_CURVE('',#2715,#2716,#365,.F.);
#2226=EDGE_CURVE('',#2716,#2711,#366,.T.);
#2227=EDGE_CURVE('',#2717,#2714,#367,.T.);
#2228=EDGE_CURVE('',#2718,#2717,#368,.F.);
#2229=EDGE_CURVE('',#2718,#2715,#369,.T.);
#2230=EDGE_CURVE('',#2656,#2716,#370,.F.);
#2231=EDGE_CURVE('',#2657,#2715,#371,.F.);
#2232=EDGE_CURVE('',#2704,#2659,#372,.T.);
#2233=EDGE_CURVE('',#2705,#2658,#373,.T.);
#2234=EDGE_CURVE('',#2702,#2717,#374,.T.);
#2235=EDGE_CURVE('',#2705,#2718,#375,.T.);
#2236=EDGE_CURVE('',#2712,#2655,#376,.F.);
#2237=EDGE_CURVE('',#2713,#2664,#377,.F.);
#2238=EDGE_CURVE('',#2710,#2719,#378,.F.);
#2239=EDGE_CURVE('',#2713,#2720,#379,.F.);
#2240=EDGE_CURVE('',#2720,#2719,#380,.F.);
#2241=EDGE_CURVE('',#2719,#2706,#381,.F.);
#2242=EDGE_CURVE('',#2720,#2707,#382,.F.);
#2243=EDGE_CURVE('',#2662,#2708,#383,.T.);
#2244=EDGE_CURVE('',#2663,#2707,#384,.T.);
#2245=EDGE_CURVE('',#2660,#2704,#385,.T.);
#2246=EDGE_CURVE('',#2708,#2661,#386,.F.);
#2247=EDGE_CURVE('',#2717,#2701,#51,.F.);
#2248=EDGE_CURVE('',#2709,#2717,#52,.F.);
#2249=EDGE_CURVE('',#2701,#2719,#53,.F.);
#2250=EDGE_CURVE('',#2719,#2709,#54,.F.);
#2251=EDGE_CURVE('',#2721,#2721,#55,.T.);
#2252=EDGE_CURVE('',#2722,#2722,#56,.T.);
#2253=EDGE_CURVE('',#2603,#2608,#387,.T.);
#2254=EDGE_CURVE('',#2623,#2614,#388,.T.);
#2255=EDGE_CURVE('',#2723,#2724,#389,.T.);
#2256=EDGE_CURVE('',#2723,#2725,#390,.T.);
#2257=EDGE_CURVE('',#2725,#2726,#391,.T.);
#2258=EDGE_CURVE('',#2724,#2726,#392,.T.);
#2259=EDGE_CURVE('',#2727,#2728,#393,.T.);
#2260=EDGE_CURVE('',#2727,#2729,#394,.T.);
#2261=EDGE_CURVE('',#2729,#2730,#395,.T.);
#2262=EDGE_CURVE('',#2728,#2730,#396,.T.);
#2263=EDGE_CURVE('',#2731,#2730,#397,.T.);
#2264=EDGE_CURVE('',#2731,#2615,#57,.T.);
#2265=EDGE_CURVE('',#2622,#2732,#58,.T.);
#2266=EDGE_CURVE('',#2728,#2732,#398,.T.);
#2267=EDGE_CURVE('',#2733,#2726,#399,.T.);
#2268=EDGE_CURVE('',#2733,#2609,#59,.T.);
#2269=EDGE_CURVE('',#2602,#2734,#60,.T.);
#2270=EDGE_CURVE('',#2734,#2724,#400,.T.);
#2271=EDGE_CURVE('',#2735,#2736,#2952,.T.);
#2272=EDGE_CURVE('',#2736,#2737,#2953,.T.);
#2273=EDGE_CURVE('',#2737,#2738,#61,.T.);
#2274=EDGE_CURVE('',#2738,#2739,#401,.T.);
#2275=EDGE_CURVE('',#2739,#2740,#402,.T.);
#2276=EDGE_CURVE('',#2740,#2741,#403,.T.);
#2277=EDGE_CURVE('',#2741,#2742,#62,.T.);
#2278=EDGE_CURVE('',#2742,#2743,#2954,.T.);
#2279=EDGE_CURVE('',#2743,#2744,#2955,.T.);
#2280=EDGE_CURVE('',#2744,#2745,#404,.T.);
#2281=EDGE_CURVE('',#2745,#2746,#2956,.T.);
#2282=EDGE_CURVE('',#2746,#2747,#2957,.T.);
#2283=EDGE_CURVE('',#2747,#2748,#63,.T.);
#2284=EDGE_CURVE('',#2748,#2749,#405,.T.);
#2285=EDGE_CURVE('',#2749,#2750,#406,.T.);
#2286=EDGE_CURVE('',#2750,#2751,#407,.T.);
#2287=EDGE_CURVE('',#2751,#2752,#64,.T.);
#2288=EDGE_CURVE('',#2752,#2753,#2958,.T.);
#2289=EDGE_CURVE('',#2753,#2754,#2959,.T.);
#2290=EDGE_CURVE('',#2754,#2735,#408,.T.);
#2291=EDGE_CURVE('',#2755,#2756,#409,.T.);
#2292=EDGE_CURVE('',#2755,#2756,#65,.T.);
#2293=EDGE_CURVE('',#2757,#2758,#410,.T.);
#2294=EDGE_CURVE('',#2757,#2758,#66,.T.);
#2295=EDGE_CURVE('',#2759,#2759,#67,.T.);
#2296=EDGE_CURVE('',#2760,#2760,#68,.T.);
#2297=EDGE_CURVE('',#2761,#2762,#69,.T.);
#2298=EDGE_CURVE('',#2761,#2762,#411,.T.);
#2299=EDGE_CURVE('',#2763,#2764,#412,.T.);
#2300=EDGE_CURVE('',#2765,#2764,#413,.T.);
#2301=EDGE_CURVE('',#2765,#2766,#414,.T.);
#2302=EDGE_CURVE('',#2767,#2766,#415,.T.);
#2303=EDGE_CURVE('',#2768,#2767,#416,.T.);
#2304=EDGE_CURVE('',#2769,#2768,#417,.T.);
#2305=EDGE_CURVE('',#2763,#2769,#418,.T.);
#2306=EDGE_CURVE('',#2770,#2771,#419,.T.);
#2307=EDGE_CURVE('',#2772,#2771,#420,.T.);
#2308=EDGE_CURVE('',#2772,#2773,#421,.T.);
#2309=EDGE_CURVE('',#2774,#2773,#422,.T.);
#2310=EDGE_CURVE('',#2775,#2774,#423,.T.);
#2311=EDGE_CURVE('',#2775,#2770,#424,.T.);
#2312=EDGE_CURVE('',#2776,#2766,#425,.T.);
#2313=EDGE_CURVE('',#2776,#2767,#426,.T.);
#2314=EDGE_CURVE('',#2777,#2778,#427,.T.);
#2315=EDGE_CURVE('',#2779,#2778,#428,.T.);
#2316=EDGE_CURVE('',#2779,#2780,#429,.T.);
#2317=EDGE_CURVE('',#2781,#2780,#430,.T.);
#2318=EDGE_CURVE('',#2782,#2781,#431,.T.);
#2319=EDGE_CURVE('',#2782,#2777,#432,.T.);
#2320=EDGE_CURVE('',#2783,#2784,#433,.T.);
#2321=EDGE_CURVE('',#2785,#2784,#434,.T.);
#2322=EDGE_CURVE('',#2785,#2786,#435,.T.);
#2323=EDGE_CURVE('',#2787,#2786,#436,.T.);
#2324=EDGE_CURVE('',#2788,#2787,#437,.T.);
#2325=EDGE_CURVE('',#2788,#2783,#438,.T.);
#2326=EDGE_CURVE('',#2789,#2790,#439,.T.);
#2327=EDGE_CURVE('',#2791,#2790,#440,.T.);
#2328=EDGE_CURVE('',#2791,#2792,#441,.T.);
#2329=EDGE_CURVE('',#2792,#2793,#442,.T.);
#2330=EDGE_CURVE('',#2794,#2793,#443,.T.);
#2331=EDGE_CURVE('',#2795,#2794,#444,.T.);
#2332=EDGE_CURVE('',#2789,#2795,#445,.T.);
#2333=EDGE_CURVE('',#2796,#2797,#446,.T.);
#2334=EDGE_CURVE('',#2798,#2797,#447,.T.);
#2335=EDGE_CURVE('',#2798,#2799,#448,.T.);
#2336=EDGE_CURVE('',#2799,#2800,#449,.T.);
#2337=EDGE_CURVE('',#2801,#2800,#450,.T.);
#2338=EDGE_CURVE('',#2801,#2796,#451,.T.);
#2339=EDGE_CURVE('',#2789,#2802,#452,.T.);
#2340=EDGE_CURVE('',#2795,#2802,#453,.T.);
#2341=EDGE_CURVE('',#2776,#2803,#454,.T.);
#2342=EDGE_CURVE('',#2804,#2803,#455,.T.);
#2343=EDGE_CURVE('',#2768,#2804,#456,.T.);
#2344=EDGE_CURVE('',#2805,#2802,#457,.T.);
#2345=EDGE_CURVE('',#2806,#2794,#458,.T.);
#2346=EDGE_CURVE('',#2805,#2806,#459,.T.);
#2347=EDGE_CURVE('',#2797,#2807,#460,.T.);
#2348=EDGE_CURVE('',#2792,#2796,#461,.T.);
#2349=EDGE_CURVE('',#2807,#2791,#462,.T.);
#2350=EDGE_CURVE('',#2808,#2807,#70,.T.);
#2351=EDGE_CURVE('',#2809,#2808,#463,.T.);
#2352=EDGE_CURVE('',#2807,#2809,#71,.T.);
#2353=EDGE_CURVE('',#2764,#2810,#464,.T.);
#2354=EDGE_CURVE('',#2773,#2763,#465,.T.);
#2355=EDGE_CURVE('',#2810,#2772,#466,.T.);
#2356=EDGE_CURVE('',#2811,#2810,#72,.T.);
#2357=EDGE_CURVE('',#2812,#2811,#467,.T.);
#2358=EDGE_CURVE('',#2810,#2812,#73,.T.);
#2359=EDGE_CURVE('',#2813,#2769,#468,.T.);
#2360=EDGE_CURVE('',#2814,#2813,#469,.T.);
#2361=EDGE_CURVE('',#2815,#2814,#470,.T.);
#2362=EDGE_CURVE('',#2815,#2816,#471,.T.);
#2363=EDGE_CURVE('',#2774,#2816,#472,.T.);
#2364=EDGE_CURVE('',#2817,#2801,#473,.T.);
#2365=EDGE_CURVE('',#2818,#2817,#474,.T.);
#2366=EDGE_CURVE('',#2819,#2818,#475,.T.);
#2367=EDGE_CURVE('',#2819,#2820,#476,.T.);
#2368=EDGE_CURVE('',#2793,#2820,#477,.T.);
#2369=EDGE_CURVE('',#2821,#2676,#478,.T.);
#2370=EDGE_CURVE('',#2821,#2822,#479,.T.);
#2371=EDGE_CURVE('',#2678,#2822,#480,.T.);
#2372=EDGE_CURVE('',#2674,#2680,#74,.T.);
#2373=EDGE_CURVE('',#2820,#2823,#481,.T.);
#2374=EDGE_CURVE('',#2823,#2824,#482,.T.);
#2375=EDGE_CURVE('',#2793,#2824,#483,.T.);
#2376=EDGE_CURVE('',#2825,#2816,#484,.T.);
#2377=EDGE_CURVE('',#2825,#2826,#485,.T.);
#2378=EDGE_CURVE('',#2774,#2826,#486,.T.);
#2379=EDGE_CURVE('',#2827,#2827,#75,.T.);
#2380=EDGE_CURVE('',#2828,#2829,#76,.T.);
#2381=EDGE_CURVE('',#2828,#2669,#2960,.T.);
#2382=EDGE_CURVE('',#2670,#2668,#77,.T.);
#2383=EDGE_CURVE('',#2667,#2829,#2961,.T.);
#2384=EDGE_CURVE('',#2830,#2830,#78,.T.);
#2385=EDGE_CURVE('',#2679,#2831,#2962,.T.);
#2386=EDGE_CURVE('',#2832,#2831,#79,.T.);
#2387=EDGE_CURVE('',#2832,#2673,#2963,.T.);
#2388=EDGE_CURVE('',#2833,#2834,#487,.T.);
#2389=EDGE_CURVE('',#2833,#2665,#2964,.T.);
#2390=EDGE_CURVE('',#2666,#2835,#488,.T.);
#2391=EDGE_CURVE('',#2835,#2814,#489,.T.);
#2392=EDGE_CURVE('',#2834,#2813,#490,.T.);
#2393=EDGE_CURVE('',#2835,#2836,#491,.T.);
#2394=EDGE_CURVE('',#2836,#2672,#492,.T.);
#2395=EDGE_CURVE('',#2671,#2837,#2965,.T.);
#2396=EDGE_CURVE('',#2825,#2837,#493,.T.);
#2397=EDGE_CURVE('',#2836,#2815,#494,.T.);
#2398=EDGE_CURVE('',#2838,#2839,#495,.T.);
#2399=EDGE_CURVE('',#2838,#2677,#2966,.T.);
#2400=EDGE_CURVE('',#2822,#2818,#496,.T.);
#2401=EDGE_CURVE('',#2839,#2817,#497,.T.);
#2402=EDGE_CURVE('',#2675,#2840,#2967,.T.);
#2403=EDGE_CURVE('',#2823,#2840,#498,.T.);
#2404=EDGE_CURVE('',#2821,#2819,#499,.T.);
#2405=EDGE_CURVE('',#2787,#2841,#500,.T.);
#2406=EDGE_CURVE('',#2841,#2842,#501,.T.);
#2407=EDGE_CURVE('',#2788,#2842,#502,.T.);
#2408=EDGE_CURVE('',#2782,#2843,#503,.T.);
#2409=EDGE_CURVE('',#2843,#2841,#504,.T.);
#2410=EDGE_CURVE('',#2787,#2782,#505,.T.);
#2411=EDGE_CURVE('',#2781,#2844,#506,.T.);
#2412=EDGE_CURVE('',#2844,#2843,#507,.T.);
#2413=EDGE_CURVE('',#2845,#2846,#508,.T.);
#2414=EDGE_CURVE('',#2846,#2844,#509,.T.);
#2415=EDGE_CURVE('',#2781,#2845,#510,.T.);
#2416=EDGE_CURVE('',#2847,#2848,#511,.T.);
#2417=EDGE_CURVE('',#2848,#2846,#512,.T.);
#2418=EDGE_CURVE('',#2845,#2847,#513,.T.);
#2419=EDGE_CURVE('',#2842,#2848,#514,.T.);
#2420=EDGE_CURVE('',#2847,#2788,#515,.T.);
#2421=EDGE_CURVE('',#2826,#2849,#516,.T.);
#2422=EDGE_CURVE('',#2775,#2849,#517,.T.);
#2423=EDGE_CURVE('',#2769,#2850,#518,.T.);
#2424=EDGE_CURVE('',#2850,#2834,#519,.T.);
#2425=EDGE_CURVE('',#2768,#2851,#520,.T.);
#2426=EDGE_CURVE('',#2851,#2850,#521,.T.);
#2427=EDGE_CURVE('',#2804,#2852,#522,.T.);
#2428=EDGE_CURVE('',#2852,#2851,#523,.T.);
#2429=EDGE_CURVE('',#2853,#2854,#524,.T.);
#2430=EDGE_CURVE('',#2854,#2852,#525,.T.);
#2431=EDGE_CURVE('',#2804,#2853,#526,.T.);
#2432=EDGE_CURVE('',#2849,#2854,#527,.T.);
#2433=EDGE_CURVE('',#2853,#2775,#528,.T.);
#2434=EDGE_CURVE('',#2824,#2855,#529,.T.);
#2435=EDGE_CURVE('',#2794,#2855,#530,.T.);
#2436=EDGE_CURVE('',#2801,#2856,#531,.T.);
#2437=EDGE_CURVE('',#2856,#2839,#532,.T.);
#2438=EDGE_CURVE('',#2800,#2857,#533,.T.);
#2439=EDGE_CURVE('',#2857,#2856,#534,.T.);
#2440=EDGE_CURVE('',#2858,#2859,#535,.T.);
#2441=EDGE_CURVE('',#2859,#2857,#536,.T.);
#2442=EDGE_CURVE('',#2800,#2858,#537,.T.);
#2443=EDGE_CURVE('',#2806,#2860,#538,.T.);
#2444=EDGE_CURVE('',#2860,#2859,#539,.T.);
#2445=EDGE_CURVE('',#2858,#2806,#540,.T.);
#2446=EDGE_CURVE('',#2855,#2860,#541,.T.);
#2447=EDGE_CURVE('',#2861,#2770,#542,.T.);
#2448=EDGE_CURVE('',#2853,#2861,#543,.T.);
#2449=EDGE_CURVE('',#2803,#2861,#544,.T.);
#2450=EDGE_CURVE('',#2862,#2805,#545,.T.);
#2451=EDGE_CURVE('',#2862,#2858,#546,.T.);
#2452=EDGE_CURVE('',#2799,#2862,#547,.T.);
#2453=EDGE_CURVE('',#2786,#2777,#548,.T.);
#2454=EDGE_CURVE('',#2780,#2863,#549,.T.);
#2455=EDGE_CURVE('',#2845,#2863,#550,.T.);
#2456=EDGE_CURVE('',#2863,#2864,#551,.T.);
#2457=EDGE_CURVE('',#2864,#2847,#552,.T.);
#2458=EDGE_CURVE('',#2864,#2783,#553,.T.);
#2459=EDGE_CURVE('',#2778,#2865,#554,.T.);
#2460=EDGE_CURVE('',#2865,#2785,#555,.T.);
#2461=EDGE_CURVE('',#2866,#2865,#80,.T.);
#2462=EDGE_CURVE('',#2866,#2867,#556,.T.);
#2463=EDGE_CURVE('',#2865,#2867,#81,.T.);
#2464=EDGE_CURVE('',#2868,#2866,#557,.T.);
#2465=EDGE_CURVE('',#2868,#2869,#558,.T.);
#2466=EDGE_CURVE('',#2869,#2867,#559,.T.);
#2467=EDGE_CURVE('',#2869,#2868,#82,.T.);
#2468=EDGE_CURVE('',#2870,#2809,#560,.T.);
#2469=EDGE_CURVE('',#2870,#2871,#83,.T.);
#2470=EDGE_CURVE('',#2871,#2808,#561,.T.);
#2471=EDGE_CURVE('',#2871,#2870,#562,.T.);
#2472=EDGE_CURVE('',#2872,#2812,#563,.T.);
#2473=EDGE_CURVE('',#2872,#2873,#84,.T.);
#2474=EDGE_CURVE('',#2873,#2811,#564,.T.);
#2475=EDGE_CURVE('',#2873,#2872,#565,.T.);
#2476=EDGE_CURVE('',#2757,#2869,#2968,.T.);
#2477=EDGE_CURVE('',#2868,#2758,#2969,.T.);
#2478=EDGE_CURVE('',#2873,#2756,#2970,.T.);
#2479=EDGE_CURVE('',#2755,#2872,#2971,.T.);
#2480=EDGE_CURVE('',#2870,#2761,#2972,.T.);
#2481=EDGE_CURVE('',#2762,#2871,#2973,.T.);
#2482=EDGE_CURVE('',#2798,#2790,#566,.T.);
#2483=EDGE_CURVE('',#2779,#2784,#567,.T.);
#2484=EDGE_CURVE('',#2765,#2771,#568,.T.);
#2485=EDGE_CURVE('',#2734,#2874,#569,.F.);
#2486=EDGE_CURVE('',#2874,#2723,#570,.T.);
#2487=EDGE_CURVE('',#2725,#2875,#571,.T.);
#2488=EDGE_CURVE('',#2875,#2733,#572,.F.);
#2489=EDGE_CURVE('',#2732,#2876,#573,.F.);
#2490=EDGE_CURVE('',#2876,#2727,#574,.T.);
#2491=EDGE_CURVE('',#2729,#2877,#575,.T.);
#2492=EDGE_CURVE('',#2877,#2731,#576,.T.);
#2493=EDGE_CURVE('',#2621,#2876,#85,.F.);
#2494=EDGE_CURVE('',#2877,#2616,#86,.F.);
#2495=EDGE_CURVE('',#2601,#2874,#87,.F.);
#2496=EDGE_CURVE('',#2875,#2610,#88,.F.);
#2497=EDGE_CURVE('',#2747,#2610,#2974,.T.);
#2498=EDGE_CURVE('',#2604,#2746,#2975,.F.);
#2499=EDGE_CURVE('',#2628,#2745,#2976,.T.);
#2500=EDGE_CURVE('',#2748,#2875,#577,.T.);
#2501=EDGE_CURVE('',#2625,#2744,#2977,.F.);
#2502=EDGE_CURVE('',#2749,#2725,#578,.T.);
#2503=EDGE_CURVE('',#2620,#2743,#2978,.F.);
#2504=EDGE_CURVE('',#2750,#2723,#579,.F.);
#2505=EDGE_CURVE('',#2621,#2742,#2979,.T.);
#2506=EDGE_CURVE('',#2751,#2874,#580,.T.);
#2507=EDGE_CURVE('',#2876,#2741,#581,.T.);
#2508=EDGE_CURVE('',#2752,#2601,#2980,.F.);
#2509=EDGE_CURVE('',#2727,#2740,#582,.F.);
#2510=EDGE_CURVE('',#2753,#2600,#2981,.F.);
#2511=EDGE_CURVE('',#2729,#2739,#583,.F.);
#2512=EDGE_CURVE('',#2754,#2632,#2982,.T.);
#2513=EDGE_CURVE('',#2877,#2738,#584,.T.);
#2514=EDGE_CURVE('',#2735,#2630,#2983,.F.);
#2515=EDGE_CURVE('',#2616,#2737,#2984,.F.);
#2516=EDGE_CURVE('',#2736,#2617,#2985,.F.);
#2517=EDGE_CURVE('',#2643,#2640,#89,.F.);
#2518=EDGE_CURVE('',#2878,#2605,#585,.T.);
#2519=EDGE_CURVE('',#2878,#2639,#2986,.T.);
#2520=EDGE_CURVE('',#2879,#2627,#586,.T.);
#2521=EDGE_CURVE('',#2879,#2878,#2987,.T.);
#2522=EDGE_CURVE('',#2880,#2626,#587,.T.);
#2523=EDGE_CURVE('',#2880,#2879,#588,.T.);
#2524=EDGE_CURVE('',#2881,#2618,#589,.T.);
#2525=EDGE_CURVE('',#2880,#2881,#2988,.T.);
#2526=EDGE_CURVE('',#2881,#2638,#2989,.T.);
#2527=EDGE_CURVE('',#2637,#2634,#90,.F.);
#2528=EDGE_CURVE('',#2882,#2612,#590,.T.);
#2529=EDGE_CURVE('',#2633,#2882,#2990,.T.);
#2530=EDGE_CURVE('',#2883,#2629,#591,.T.);
#2531=EDGE_CURVE('',#2882,#2883,#2991,.T.);
#2532=EDGE_CURVE('',#2884,#2631,#592,.T.);
#2533=EDGE_CURVE('',#2883,#2884,#593,.F.);
#2534=EDGE_CURVE('',#2885,#2599,#594,.T.);
#2535=EDGE_CURVE('',#2885,#2884,#2992,.T.);
#2536=EDGE_CURVE('',#2886,#2856,#595,.T.);
#2537=EDGE_CURVE('',#2886,#2887,#596,.T.);
#2538=EDGE_CURVE('',#2887,#2839,#597,.F.);
#2539=EDGE_CURVE('',#2888,#2857,#598,.T.);
#2540=EDGE_CURVE('',#2888,#2886,#599,.T.);
#2541=EDGE_CURVE('',#2889,#2859,#600,.T.);
#2542=EDGE_CURVE('',#2889,#2888,#601,.T.);
#2543=EDGE_CURVE('',#2890,#2860,#602,.T.);
#2544=EDGE_CURVE('',#2890,#2889,#603,.T.);
#2545=EDGE_CURVE('',#2891,#2855,#604,.T.);
#2546=EDGE_CURVE('',#2891,#2890,#605,.T.);
#2547=EDGE_CURVE('',#2892,#2824,#606,.T.);
#2548=EDGE_CURVE('',#2892,#2891,#607,.T.);
#2549=EDGE_CURVE('',#2893,#2823,#608,.F.);
#2550=EDGE_CURVE('',#2893,#2892,#609,.T.);
#2551=EDGE_CURVE('',#2840,#2894,#2993,.T.);
#2552=EDGE_CURVE('',#2893,#2894,#610,.F.);
#2553=EDGE_CURVE('',#2831,#2895,#2994,.T.);
#2554=EDGE_CURVE('',#2896,#2895,#91,.F.);
#2555=EDGE_CURVE('',#2896,#2832,#2995,.T.);
#2556=EDGE_CURVE('',#2897,#2825,#611,.F.);
#2557=EDGE_CURVE('',#2897,#2898,#612,.T.);
#2558=EDGE_CURVE('',#2898,#2826,#613,.T.);
#2559=EDGE_CURVE('',#2837,#2899,#2996,.T.);
#2560=EDGE_CURVE('',#2897,#2899,#614,.F.);
#2561=EDGE_CURVE('',#2900,#2901,#92,.F.);
#2562=EDGE_CURVE('',#2900,#2828,#2997,.T.);
#2563=EDGE_CURVE('',#2829,#2901,#2998,.T.);
#2564=EDGE_CURVE('',#2902,#2903,#615,.F.);
#2565=EDGE_CURVE('',#2902,#2833,#2999,.T.);
#2566=EDGE_CURVE('',#2903,#2834,#616,.F.);
#2567=EDGE_CURVE('',#2904,#2850,#617,.T.);
#2568=EDGE_CURVE('',#2904,#2903,#618,.T.);
#2569=EDGE_CURVE('',#2905,#2851,#619,.T.);
#2570=EDGE_CURVE('',#2905,#2904,#620,.T.);
#2571=EDGE_CURVE('',#2906,#2852,#621,.T.);
#2572=EDGE_CURVE('',#2906,#2905,#622,.T.);
#2573=EDGE_CURVE('',#2907,#2854,#623,.T.);
#2574=EDGE_CURVE('',#2907,#2906,#624,.T.);
#2575=EDGE_CURVE('',#2908,#2849,#625,.T.);
#2576=EDGE_CURVE('',#2908,#2907,#626,.T.);
#2577=EDGE_CURVE('',#2909,#2842,#627,.T.);
#2578=EDGE_CURVE('',#2909,#2910,#628,.T.);
#2579=EDGE_CURVE('',#2910,#2848,#629,.T.);
#2580=EDGE_CURVE('',#2911,#2841,#630,.T.);
#2581=EDGE_CURVE('',#2911,#2909,#631,.T.);
#2582=EDGE_CURVE('',#2912,#2843,#632,.T.);
#2583=EDGE_CURVE('',#2912,#2911,#633,.T.);
#2584=EDGE_CURVE('',#2913,#2844,#634,.T.);
#2585=EDGE_CURVE('',#2913,#2912,#635,.T.);
#2586=EDGE_CURVE('',#2914,#2846,#636,.T.);
#2587=EDGE_CURVE('',#2914,#2913,#637,.T.);
#2588=EDGE_CURVE('',#2915,#2887,#638,.F.);
#2589=EDGE_CURVE('',#2915,#2838,#3000,.T.);
#2590=EDGE_CURVE('',#2898,#2908,#639,.T.);
#2591=EDGE_CURVE('',#2910,#2914,#640,.T.);
#2592=EDGE_CURVE('',#2644,#2885,#3001,.T.);
#2593=EDGE_CURVE('',#2899,#2900,#3002,.T.);
#2594=EDGE_CURVE('',#2901,#2902,#3003,.T.);
#2595=EDGE_CURVE('',#2895,#2915,#3004,.T.);
#2596=EDGE_CURVE('',#2894,#2896,#3005,.T.);
#2597=VERTEX_POINT('',#4871);
#2598=VERTEX_POINT('',#4872);
#2599=VERTEX_POINT('',#4876);
#2600=VERTEX_POINT('',#4878);
#2601=VERTEX_POINT('',#4883);
#2602=VERTEX_POINT('',#4885);
#2603=VERTEX_POINT('',#4889);
#2604=VERTEX_POINT('',#4900);
#2605=VERTEX_POINT('',#4901);
#2606=VERTEX_POINT('',#4905);
#2607=VERTEX_POINT('',#4911);
#2608=VERTEX_POINT('',#4913);
#2609=VERTEX_POINT('',#4917);
#2610=VERTEX_POINT('',#4919);
#2611=VERTEX_POINT('',#4935);
#2612=VERTEX_POINT('',#4936);
#2613=VERTEX_POINT('',#4942);
#2614=VERTEX_POINT('',#4944);
#2615=VERTEX_POINT('',#4948);
#2616=VERTEX_POINT('',#4950);
#2617=VERTEX_POINT('',#4955);
#2618=VERTEX_POINT('',#4968);
#2619=VERTEX_POINT('',#4969);
#2620=VERTEX_POINT('',#4971);
#2621=VERTEX_POINT('',#4976);
#2622=VERTEX_POINT('',#4978);
#2623=VERTEX_POINT('',#4982);
#2624=VERTEX_POINT('',#4984);
#2625=VERTEX_POINT('',#4992);
#2626=VERTEX_POINT('',#4993);
#2627=VERTEX_POINT('',#4995);
#2628=VERTEX_POINT('',#4997);
#2629=VERTEX_POINT('',#5010);
#2630=VERTEX_POINT('',#5015);
#2631=VERTEX_POINT('',#5019);
#2632=VERTEX_POINT('',#5021);
#2633=VERTEX_POINT('',#5073);
#2634=VERTEX_POINT('',#5075);
#2635=VERTEX_POINT('',#5080);
#2636=VERTEX_POINT('',#5082);
#2637=VERTEX_POINT('',#5087);
#2638=VERTEX_POINT('',#5089);
#2639=VERTEX_POINT('',#5100);
#2640=VERTEX_POINT('',#5102);
#2641=VERTEX_POINT('',#5107);
#2642=VERTEX_POINT('',#5109);
#2643=VERTEX_POINT('',#5114);
#2644=VERTEX_POINT('',#5116);
#2645=VERTEX_POINT('',#5124);
#2646=VERTEX_POINT('',#5125);
#2647=VERTEX_POINT('',#5127);
#2648=VERTEX_POINT('',#5129);
#2649=VERTEX_POINT('',#5131);
#2650=VERTEX_POINT('',#5133);
#2651=VERTEX_POINT('',#5135);
#2652=VERTEX_POINT('',#5137);
#2653=VERTEX_POINT('',#5139);
#2654=VERTEX_POINT('',#5141);
#2655=VERTEX_POINT('',#5146);
#2656=VERTEX_POINT('',#5147);
#2657=VERTEX_POINT('',#5149);
#2658=VERTEX_POINT('',#5151);
#2659=VERTEX_POINT('',#5153);
#2660=VERTEX_POINT('',#5155);
#2661=VERTEX_POINT('',#5157);
#2662=VERTEX_POINT('',#5159);
#2663=VERTEX_POINT('',#5161);
#2664=VERTEX_POINT('',#5163);
#2665=VERTEX_POINT('',#5168);
#2666=VERTEX_POINT('',#5169);
#2667=VERTEX_POINT('',#5174);
#2668=VERTEX_POINT('',#5176);
#2669=VERTEX_POINT('',#5180);
#2670=VERTEX_POINT('',#5181);
#2671=VERTEX_POINT('',#5186);
#2672=VERTEX_POINT('',#5188);
#2673=VERTEX_POINT('',#5192);
#2674=VERTEX_POINT('',#5193);
#2675=VERTEX_POINT('',#5198);
#2676=VERTEX_POINT('',#5200);
#2677=VERTEX_POINT('',#5204);
#2678=VERTEX_POINT('',#5205);
#2679=VERTEX_POINT('',#5210);
#2680=VERTEX_POINT('',#5212);
#2681=VERTEX_POINT('',#5216);
#2682=VERTEX_POINT('',#5217);
#2683=VERTEX_POINT('',#5219);
#2684=VERTEX_POINT('',#5221);
#2685=VERTEX_POINT('',#5223);
#2686=VERTEX_POINT('',#5227);
#2687=VERTEX_POINT('',#5229);
#2688=VERTEX_POINT('',#5231);
#2689=VERTEX_POINT('',#5235);
#2690=VERTEX_POINT('',#5236);
#2691=VERTEX_POINT('',#5238);
#2692=VERTEX_POINT('',#5240);
#2693=VERTEX_POINT('',#5242);
#2694=VERTEX_POINT('',#5246);
#2695=VERTEX_POINT('',#5248);
#2696=VERTEX_POINT('',#5250);
#2697=VERTEX_POINT('',#5254);
#2698=VERTEX_POINT('',#5256);
#2699=VERTEX_POINT('',#5272);
#2700=VERTEX_POINT('',#5274);
#2701=VERTEX_POINT('',#5299);
#2702=VERTEX_POINT('',#5300);
#2703=VERTEX_POINT('',#5302);
#2704=VERTEX_POINT('',#5304);
#2705=VERTEX_POINT('',#5306);
#2706=VERTEX_POINT('',#5310);
#2707=VERTEX_POINT('',#5312);
#2708=VERTEX_POINT('',#5314);
#2709=VERTEX_POINT('',#5318);
#2710=VERTEX_POINT('',#5319);
#2711=VERTEX_POINT('',#5321);
#2712=VERTEX_POINT('',#5323);
#2713=VERTEX_POINT('',#5325);
#2714=VERTEX_POINT('',#5329);
#2715=VERTEX_POINT('',#5331);
#2716=VERTEX_POINT('',#5333);
#2717=VERTEX_POINT('',#5337);
#2718=VERTEX_POINT('',#5339);
#2719=VERTEX_POINT('',#5355);
#2720=VERTEX_POINT('',#5357);
#2721=VERTEX_POINT('',#5382);
#2722=VERTEX_POINT('',#5385);
#2723=VERTEX_POINT('',#5392);
#2724=VERTEX_POINT('',#5393);
#2725=VERTEX_POINT('',#5395);
#2726=VERTEX_POINT('',#5397);
#2727=VERTEX_POINT('',#5401);
#2728=VERTEX_POINT('',#5402);
#2729=VERTEX_POINT('',#5404);
#2730=VERTEX_POINT('',#5406);
#2731=VERTEX_POINT('',#5410);
#2732=VERTEX_POINT('',#5413);
#2733=VERTEX_POINT('',#5417);
#2734=VERTEX_POINT('',#5420);
#2735=VERTEX_POINT('',#5427);
#2736=VERTEX_POINT('',#5428);
#2737=VERTEX_POINT('',#5445);
#2738=VERTEX_POINT('',#5447);
#2739=VERTEX_POINT('',#5449);
#2740=VERTEX_POINT('',#5451);
#2741=VERTEX_POINT('',#5453);
#2742=VERTEX_POINT('',#5455);
#2743=VERTEX_POINT('',#5474);
#2744=VERTEX_POINT('',#5479);
#2745=VERTEX_POINT('',#5481);
#2746=VERTEX_POINT('',#5486);
#2747=VERTEX_POINT('',#5503);
#2748=VERTEX_POINT('',#5505);
#2749=VERTEX_POINT('',#5507);
#2750=VERTEX_POINT('',#5509);
#2751=VERTEX_POINT('',#5511);
#2752=VERTEX_POINT('',#5513);
#2753=VERTEX_POINT('',#5530);
#2754=VERTEX_POINT('',#5535);
#2755=VERTEX_POINT('',#5538);
#2756=VERTEX_POINT('',#5539);
#2757=VERTEX_POINT('',#5542);
#2758=VERTEX_POINT('',#5543);
#2759=VERTEX_POINT('',#5546);
#2760=VERTEX_POINT('',#5548);
#2761=VERTEX_POINT('',#5550);
#2762=VERTEX_POINT('',#5551);
#2763=VERTEX_POINT('',#5555);
#2764=VERTEX_POINT('',#5556);
#2765=VERTEX_POINT('',#5558);
#2766=VERTEX_POINT('',#5560);
#2767=VERTEX_POINT('',#5562);
#2768=VERTEX_POINT('',#5564);
#2769=VERTEX_POINT('',#5566);
#2770=VERTEX_POINT('',#5570);
#2771=VERTEX_POINT('',#5571);
#2772=VERTEX_POINT('',#5573);
#2773=VERTEX_POINT('',#5575);
#2774=VERTEX_POINT('',#5577);
#2775=VERTEX_POINT('',#5579);
#2776=VERTEX_POINT('',#5583);
#2777=VERTEX_POINT('',#5587);
#2778=VERTEX_POINT('',#5588);
#2779=VERTEX_POINT('',#5590);
#2780=VERTEX_POINT('',#5592);
#2781=VERTEX_POINT('',#5594);
#2782=VERTEX_POINT('',#5596);
#2783=VERTEX_POINT('',#5600);
#2784=VERTEX_POINT('',#5601);
#2785=VERTEX_POINT('',#5603);
#2786=VERTEX_POINT('',#5605);
#2787=VERTEX_POINT('',#5607);
#2788=VERTEX_POINT('',#5609);
#2789=VERTEX_POINT('',#5613);
#2790=VERTEX_POINT('',#5614);
#2791=VERTEX_POINT('',#5616);
#2792=VERTEX_POINT('',#5618);
#2793=VERTEX_POINT('',#5620);
#2794=VERTEX_POINT('',#5622);
#2795=VERTEX_POINT('',#5624);
#2796=VERTEX_POINT('',#5628);
#2797=VERTEX_POINT('',#5629);
#2798=VERTEX_POINT('',#5631);
#2799=VERTEX_POINT('',#5633);
#2800=VERTEX_POINT('',#5635);
#2801=VERTEX_POINT('',#5637);
#2802=VERTEX_POINT('',#5641);
#2803=VERTEX_POINT('',#5645);
#2804=VERTEX_POINT('',#5647);
#2805=VERTEX_POINT('',#5651);
#2806=VERTEX_POINT('',#5653);
#2807=VERTEX_POINT('',#5657);
#2808=VERTEX_POINT('',#5661);
#2809=VERTEX_POINT('',#5663);
#2810=VERTEX_POINT('',#5667);
#2811=VERTEX_POINT('',#5671);
#2812=VERTEX_POINT('',#5673);
#2813=VERTEX_POINT('',#5677);
#2814=VERTEX_POINT('',#5679);
#2815=VERTEX_POINT('',#5681);
#2816=VERTEX_POINT('',#5683);
#2817=VERTEX_POINT('',#5687);
#2818=VERTEX_POINT('',#5689);
#2819=VERTEX_POINT('',#5691);
#2820=VERTEX_POINT('',#5693);
#2821=VERTEX_POINT('',#5697);
#2822=VERTEX_POINT('',#5699);
#2823=VERTEX_POINT('',#5704);
#2824=VERTEX_POINT('',#5706);
#2825=VERTEX_POINT('',#5710);
#2826=VERTEX_POINT('',#5712);
#2827=VERTEX_POINT('',#5716);
#2828=VERTEX_POINT('',#5718);
#2829=VERTEX_POINT('',#5719);
#2830=VERTEX_POINT('',#5731);
#2831=VERTEX_POINT('',#5736);
#2832=VERTEX_POINT('',#5738);
#2833=VERTEX_POINT('',#5745);
#2834=VERTEX_POINT('',#5746);
#2835=VERTEX_POINT('',#5752);
#2836=VERTEX_POINT('',#5757);
#2837=VERTEX_POINT('',#5764);
#2838=VERTEX_POINT('',#5769);
#2839=VERTEX_POINT('',#5770);
#2840=VERTEX_POINT('',#5782);
#2841=VERTEX_POINT('',#5787);
#2842=VERTEX_POINT('',#5789);
#2843=VERTEX_POINT('',#5793);
#2844=VERTEX_POINT('',#5798);
#2845=VERTEX_POINT('',#5802);
#2846=VERTEX_POINT('',#5803);
#2847=VERTEX_POINT('',#5808);
#2848=VERTEX_POINT('',#5809);
#2849=VERTEX_POINT('',#5817);
#2850=VERTEX_POINT('',#5821);
#2851=VERTEX_POINT('',#5825);
#2852=VERTEX_POINT('',#5829);
#2853=VERTEX_POINT('',#5833);
#2854=VERTEX_POINT('',#5834);
#2855=VERTEX_POINT('',#5842);
#2856=VERTEX_POINT('',#5846);
#2857=VERTEX_POINT('',#5850);
#2858=VERTEX_POINT('',#5854);
#2859=VERTEX_POINT('',#5855);
#2860=VERTEX_POINT('',#5860);
#2861=VERTEX_POINT('',#5867);
#2862=VERTEX_POINT('',#5873);
#2863=VERTEX_POINT('',#5881);
#2864=VERTEX_POINT('',#5885);
#2865=VERTEX_POINT('',#5891);
#2866=VERTEX_POINT('',#5894);
#2867=VERTEX_POINT('',#5896);
#2868=VERTEX_POINT('',#5902);
#2869=VERTEX_POINT('',#5904);
#2870=VERTEX_POINT('',#5910);
#2871=VERTEX_POINT('',#5912);
#2872=VERTEX_POINT('',#5918);
#2873=VERTEX_POINT('',#5920);
#2874=VERTEX_POINT('',#5967);
#2875=VERTEX_POINT('',#5971);
#2876=VERTEX_POINT('',#5975);
#2877=VERTEX_POINT('',#5979);
#2878=VERTEX_POINT('',#6190);
#2879=VERTEX_POINT('',#6205);
#2880=VERTEX_POINT('',#6212);
#2881=VERTEX_POINT('',#6223);
#2882=VERTEX_POINT('',#6268);
#2883=VERTEX_POINT('',#6284);
#2884=VERTEX_POINT('',#6291);
#2885=VERTEX_POINT('',#6302);
#2886=VERTEX_POINT('',#6309);
#2887=VERTEX_POINT('',#6311);
#2888=VERTEX_POINT('',#6315);
#2889=VERTEX_POINT('',#6319);
#2890=VERTEX_POINT('',#6323);
#2891=VERTEX_POINT('',#6327);
#2892=VERTEX_POINT('',#6331);
#2893=VERTEX_POINT('',#6335);
#2894=VERTEX_POINT('',#6342);
#2895=VERTEX_POINT('',#6349);
#2896=VERTEX_POINT('',#6351);
#2897=VERTEX_POINT('',#6358);
#2898=VERTEX_POINT('',#6360);
#2899=VERTEX_POINT('',#6367);
#2900=VERTEX_POINT('',#6371);
#2901=VERTEX_POINT('',#6372);
#2902=VERTEX_POINT('',#6383);
#2903=VERTEX_POINT('',#6384);
#2904=VERTEX_POINT('',#6392);
#2905=VERTEX_POINT('',#6396);
#2906=VERTEX_POINT('',#6400);
#2907=VERTEX_POINT('',#6404);
#2908=VERTEX_POINT('',#6408);
#2909=VERTEX_POINT('',#6412);
#2910=VERTEX_POINT('',#6414);
#2911=VERTEX_POINT('',#6418);
#2912=VERTEX_POINT('',#6422);
#2913=VERTEX_POINT('',#6426);
#2914=VERTEX_POINT('',#6430);
#2915=VERTEX_POINT('',#6434);
#2916=B_SPLINE_CURVE_WITH_KNOTS('',3,(#4866,#4867,#4868,#4869,#4870),
 .UNSPECIFIED.,.F.,.F.,(4,1,4),(0.012776174976604,0.0140804050103846,0.0153846350441652),
 .UNSPECIFIED.);
#2917=B_SPLINE_CURVE_WITH_KNOTS('',2,(#4873,#4874,#4875),.UNSPECIFIED.,
 .F.,.F.,(3,3),(0.231435813552323,1.),.PIECEWISE_BEZIER_KNOTS.);
#2918=B_SPLINE_CURVE_WITH_KNOTS('',3,(#4879,#4880,#4881,#4882),
 .UNSPECIFIED.,.F.,.F.,(4,4),(0.,1.),.UNSPECIFIED.);
#2919=B_SPLINE_CURVE_WITH_KNOTS('',2,(#4886,#4887,#4888),.UNSPECIFIED.,
 .F.,.F.,(3,3),(0.231435813552323,1.),.PIECEWISE_BEZIER_KNOTS.);
#2920=B_SPLINE_CURVE_WITH_KNOTS('',2,(#4902,#4903,#4904),.UNSPECIFIED.,
 .F.,.F.,(3,3),(0.,0.768564186448521),.PIECEWISE_BEZIER_KNOTS.);
#2921=B_SPLINE_CURVE_WITH_KNOTS('',3,(#4906,#4907,#4908,#4909,#4910),
 .UNSPECIFIED.,.F.,.F.,(4,1,4),(0.0445839914626244,0.0459686052981675,0.0473532191337106),
 .UNSPECIFIED.);
#2922=B_SPLINE_CURVE_WITH_KNOTS('',2,(#4914,#4915,#4916),.UNSPECIFIED.,
 .F.,.F.,(3,3),(0.,0.768564186448521),.PIECEWISE_BEZIER_KNOTS.);
#2923=B_SPLINE_CURVE_WITH_KNOTS('',3,(#4920,#4921,#4922,#4923),
 .UNSPECIFIED.,.F.,.F.,(4,4),(0.,1.),.UNSPECIFIED.);
#2924=B_SPLINE_CURVE_WITH_KNOTS('',2,(#4932,#4933,#4934),.UNSPECIFIED.,
 .F.,.F.,(3,3),(0.235336911160097,1.),.PIECEWISE_BEZIER_KNOTS.);
#2925=B_SPLINE_CURVE_WITH_KNOTS('',3,(#4937,#4938,#4939,#4940,#4941),
 .UNSPECIFIED.,.F.,.F.,(4,1,4),(0.0127748033526105,0.0140790328724724,0.0153832623923343),
 .UNSPECIFIED.);
#2926=B_SPLINE_CURVE_WITH_KNOTS('',2,(#4945,#4946,#4947),.UNSPECIFIED.,
 .F.,.F.,(3,3),(0.235336911160097,1.),.PIECEWISE_BEZIER_KNOTS.);
#2927=B_SPLINE_CURVE_WITH_KNOTS('',3,(#4951,#4952,#4953,#4954),
 .UNSPECIFIED.,.F.,.F.,(4,4),(0.,1.),.UNSPECIFIED.);
#2928=B_SPLINE_CURVE_WITH_KNOTS('',2,(#4965,#4966,#4967),.UNSPECIFIED.,
 .F.,.F.,(3,3),(0.,0.768564186448511),.PIECEWISE_BEZIER_KNOTS.);
#2929=B_SPLINE_CURVE_WITH_KNOTS('',3,(#4972,#4973,#4974,#4975),
 .UNSPECIFIED.,.F.,.F.,(4,4),(0.,1.),.UNSPECIFIED.);
#2930=B_SPLINE_CURVE_WITH_KNOTS('',2,(#4979,#4980,#4981),.UNSPECIFIED.,
 .F.,.F.,(3,3),(0.,0.768564186448511),.PIECEWISE_BEZIER_KNOTS.);
#2931=B_SPLINE_CURVE_WITH_KNOTS('',3,(#4985,#4986,#4987,#4988,#4989),
 .UNSPECIFIED.,.F.,.F.,(4,1,4),(0.044583991464992,0.0459686053005695,0.047353219136147),
 .UNSPECIFIED.);
#2932=B_SPLINE_CURVE_WITH_KNOTS('',2,(#5007,#5008,#5009),.UNSPECIFIED.,
 .F.,.F.,(3,3),(0.,0.235336911160097),.PIECEWISE_BEZIER_KNOTS.);
#2933=B_SPLINE_CURVE_WITH_KNOTS('',3,(#5011,#5012,#5013,#5014),
 .UNSPECIFIED.,.F.,.F.,(4,4),(0.,1.),.UNSPECIFIED.);
#2934=B_SPLINE_CURVE_WITH_KNOTS('',2,(#5031,#5032,#5033),.UNSPECIFIED.,
 .F.,.F.,(3,3),(0.,0.231435813552323),.PIECEWISE_BEZIER_KNOTS.);
#2935=B_SPLINE_CURVE_WITH_KNOTS('',3,(#5034,#5035,#5036,#5037),
 .UNSPECIFIED.,.F.,.F.,(4,4),(0.,1.),.UNSPECIFIED.);
#2936=B_SPLINE_CURVE_WITH_KNOTS('',2,(#5046,#5047,#5048),.UNSPECIFIED.,
 .F.,.F.,(3,3),(0.768564186448521,1.),.PIECEWISE_BEZIER_KNOTS.);
#2937=B_SPLINE_CURVE_WITH_KNOTS('',3,(#5049,#5050,#5051,#5052),
 .UNSPECIFIED.,.F.,.F.,(4,4),(0.,1.),.UNSPECIFIED.);
#2938=B_SPLINE_CURVE_WITH_KNOTS('',2,(#5061,#5062,#5063),.UNSPECIFIED.,
 .F.,.F.,(3,3),(0.768564186448511,1.),.PIECEWISE_BEZIER_KNOTS.);
#2939=B_SPLINE_CURVE_WITH_KNOTS('',3,(#5064,#5065,#5066,#5067),
 .UNSPECIFIED.,.F.,.F.,(4,4),(0.,1.),.UNSPECIFIED.);
#2940=B_SPLINE_CURVE_WITH_KNOTS('',3,(#5069,#5070,#5071,#5072),
 .UNSPECIFIED.,.F.,.F.,(4,4),(0.00031220446829203,0.000908337621090115),
 .UNSPECIFIED.);
#2941=B_SPLINE_CURVE_WITH_KNOTS('',3,(#5076,#5077,#5078,#5079),
 .UNSPECIFIED.,.F.,.F.,(4,4),(0.,0.000986198969612423),.UNSPECIFIED.);
#2942=B_SPLINE_CURVE_WITH_KNOTS('',3,(#5083,#5084,#5085,#5086),
 .UNSPECIFIED.,.F.,.F.,(4,4),(0.,0.000986198969612427),.UNSPECIFIED.);
#2943=B_SPLINE_CURVE_WITH_KNOTS('',3,(#5090,#5091,#5092,#5093),
 .UNSPECIFIED.,.F.,.F.,(4,4),(0.000312305320276003,0.000904546287332816),
 .UNSPECIFIED.);
#2944=B_SPLINE_CURVE_WITH_KNOTS('',3,(#5096,#5097,#5098,#5099),
 .UNSPECIFIED.,.F.,.F.,(4,4),(0.00031230532027519,0.000904546287331484),
 .UNSPECIFIED.);
#2945=B_SPLINE_CURVE_WITH_KNOTS('',3,(#5103,#5104,#5105,#5106),
 .UNSPECIFIED.,.F.,.F.,(4,4),(0.,0.000986198969594637),.UNSPECIFIED.);
#2946=B_SPLINE_CURVE_WITH_KNOTS('',3,(#5110,#5111,#5112,#5113),
 .UNSPECIFIED.,.F.,.F.,(4,4),(0.,0.000986198969594654),.UNSPECIFIED.);
#2947=B_SPLINE_CURVE_WITH_KNOTS('',3,(#5117,#5118,#5119,#5120),
 .UNSPECIFIED.,.F.,.F.,(4,4),(0.000312202515563592,0.000908335550285315),
 .UNSPECIFIED.);
#2948=B_SPLINE_CURVE_WITH_KNOTS('',3,(#5170,#5171,#5172,#5173),
 .UNSPECIFIED.,.F.,.F.,(4,4),(0.,0.000195847049638574),.UNSPECIFIED.);
#2949=B_SPLINE_CURVE_WITH_KNOTS('',3,(#5182,#5183,#5184,#5185),
 .UNSPECIFIED.,.F.,.F.,(4,4),(0.,0.000185510595100771),.UNSPECIFIED.);
#2950=B_SPLINE_CURVE_WITH_KNOTS('',3,(#5194,#5195,#5196,#5197),
 .UNSPECIFIED.,.F.,.F.,(4,4),(0.,0.000185510626732541),.UNSPECIFIED.);
#2951=B_SPLINE_CURVE_WITH_KNOTS('',3,(#5206,#5207,#5208,#5209),
 .UNSPECIFIED.,.F.,.F.,(4,4),(0.,0.000195847018903702),.UNSPECIFIED.);
#2952=B_SPLINE_CURVE_WITH_KNOTS('',3,(#5423,#5424,#5425,#5426),
 .UNSPECIFIED.,.F.,.F.,(4,4),(0.,1.),.UNSPECIFIED.);
#2953=B_SPLINE_CURVE_WITH_KNOTS('',3,(#5429,#5430,#5431,#5432,#5433,#5434,
#5435,#5436,#5437,#5438,#5439,#5440,#5441,#5442,#5443,#5444),
 .UNSPECIFIED.,.F.,.F.,(4,1,1,1,1,1,1,1,1,1,1,1,1,4),(0.,0.125,0.25,0.375,
0.4375,0.46875,0.5,0.53125,0.5625,0.625,0.6875,0.75,0.875,1.),
 .UNSPECIFIED.);
#2954=B_SPLINE_CURVE_WITH_KNOTS('',3,(#5456,#5457,#5458,#5459,#5460,#5461,
#5462,#5463,#5464,#5465,#5466,#5467,#5468,#5469,#5470,#5471,#5472,#5473),
 .UNSPECIFIED.,.F.,.F.,(4,1,1,1,1,1,1,1,1,1,1,1,1,1,1,4),(0.,0.125,0.25,
0.3125,0.375,0.4375,0.46875,0.484375,0.5,0.515625,0.53125,0.5625,0.625,
0.75,0.875,1.),.UNSPECIFIED.);
#2955=B_SPLINE_CURVE_WITH_KNOTS('',3,(#5475,#5476,#5477,#5478),
 .UNSPECIFIED.,.F.,.F.,(4,4),(0.,1.),.UNSPECIFIED.);
#2956=B_SPLINE_CURVE_WITH_KNOTS('',3,(#5482,#5483,#5484,#5485),
 .UNSPECIFIED.,.F.,.F.,(4,4),(0.,1.),.UNSPECIFIED.);
#2957=B_SPLINE_CURVE_WITH_KNOTS('',3,(#5487,#5488,#5489,#5490,#5491,#5492,
#5493,#5494,#5495,#5496,#5497,#5498,#5499,#5500,#5501,#5502),
 .UNSPECIFIED.,.F.,.F.,(4,1,1,1,1,1,1,1,1,1,1,1,1,4),(0.,0.125,0.25,0.375,
0.4375,0.46875,0.5,0.53125,0.5625,0.625,0.6875,0.75,0.875,1.),
 .UNSPECIFIED.);
#2958=B_SPLINE_CURVE_WITH_KNOTS('',3,(#5514,#5515,#5516,#5517,#5518,#5519,
#5520,#5521,#5522,#5523,#5524,#5525,#5526,#5527,#5528,#5529),
 .UNSPECIFIED.,.F.,.F.,(4,1,1,1,1,1,1,1,1,1,1,1,1,4),(0.,0.125,0.25,0.3125,
0.375,0.4375,0.46875,0.5,0.53125,0.5625,0.625,0.75,0.875,1.),
 .UNSPECIFIED.);
#2959=B_SPLINE_CURVE_WITH_KNOTS('',3,(#5531,#5532,#5533,#5534),
 .UNSPECIFIED.,.F.,.F.,(4,4),(0.,1.),.UNSPECIFIED.);
#2960=B_SPLINE_CURVE_WITH_KNOTS('',3,(#5720,#5721,#5722,#5723),
 .UNSPECIFIED.,.F.,.F.,(4,4),(3.93168684457812E-12,5.19563062820502E-6),
 .UNSPECIFIED.);
#2961=B_SPLINE_CURVE_WITH_KNOTS('',3,(#5725,#5726,#5727,#5728),
 .UNSPECIFIED.,.F.,.F.,(4,4),(0.,5.53190380982964E-6),.UNSPECIFIED.);
#2962=B_SPLINE_CURVE_WITH_KNOTS('',3,(#5732,#5733,#5734,#5735),
 .UNSPECIFIED.,.F.,.F.,(4,4),(0.,5.53190281776484E-6),.UNSPECIFIED.);
#2963=B_SPLINE_CURVE_WITH_KNOTS('',3,(#5739,#5740,#5741,#5742),
 .UNSPECIFIED.,.F.,.F.,(4,4),(3.93208172651233E-12,5.19563167529571E-6),
 .UNSPECIFIED.);
#2964=B_SPLINE_CURVE_WITH_KNOTS('',3,(#5747,#5748,#5749,#5750),
 .UNSPECIFIED.,.F.,.F.,(4,4),(5.10158200672424E-12,6.4876748798714E-6),
 .UNSPECIFIED.);
#2965=B_SPLINE_CURVE_WITH_KNOTS('',3,(#5760,#5761,#5762,#5763),
 .UNSPECIFIED.,.F.,.F.,(4,4),(0.,6.09331691432052E-6),.UNSPECIFIED.);
#2966=B_SPLINE_CURVE_WITH_KNOTS('',3,(#5771,#5772,#5773,#5774),
 .UNSPECIFIED.,.F.,.F.,(4,4),(5.73532835967918E-12,6.48774310626304E-6),
 .UNSPECIFIED.);
#2967=B_SPLINE_CURVE_WITH_KNOTS('',3,(#5778,#5779,#5780,#5781),
 .UNSPECIFIED.,.F.,.F.,(4,4),(0.,6.09325207136634E-6),.UNSPECIFIED.);
#2968=B_SPLINE_CURVE_WITH_KNOTS('',3,(#5925,#5926,#5927,#5928),
 .UNSPECIFIED.,.F.,.F.,(4,4),(1.04083408558608E-17,0.000592337309441423),
 .UNSPECIFIED.);
#2969=B_SPLINE_CURVE_WITH_KNOTS('',3,(#5929,#5930,#5931,#5932),
 .UNSPECIFIED.,.F.,.F.,(4,4),(3.12250225675825E-17,0.000592337309441381),
 .UNSPECIFIED.);
#2970=B_SPLINE_CURVE_WITH_KNOTS('',3,(#5935,#5936,#5937,#5938),
 .UNSPECIFIED.,.F.,.F.,(4,4),(1.73472347597681E-18,0.000592337309441381),
 .UNSPECIFIED.);
#2971=B_SPLINE_CURVE_WITH_KNOTS('',3,(#5939,#5940,#5941,#5942),
 .UNSPECIFIED.,.F.,.F.,(4,4),(1.07286721840365E-17,0.000592337309441397),
 .UNSPECIFIED.);
#2972=B_SPLINE_CURVE_WITH_KNOTS('',3,(#5947,#5948,#5949,#5950),
 .UNSPECIFIED.,.F.,.F.,(4,4),(0.,0.000592337309441414),.UNSPECIFIED.);
#2973=B_SPLINE_CURVE_WITH_KNOTS('',3,(#5951,#5952,#5953,#5954),
 .UNSPECIFIED.,.F.,.F.,(4,4),(6.16315294753676E-17,0.000592337309441359),
 .UNSPECIFIED.);
#2974=B_SPLINE_CURVE_WITH_KNOTS('',3,(#6011,#6012,#6013,#6014),
 .UNSPECIFIED.,.F.,.F.,(4,4),(0.,1.),.UNSPECIFIED.);
#2975=B_SPLINE_CURVE_WITH_KNOTS('',3,(#6015,#6016,#6017,#6018),
 .UNSPECIFIED.,.F.,.F.,(4,4),(0.,1.),.UNSPECIFIED.);
#2976=B_SPLINE_CURVE_WITH_KNOTS('',3,(#6027,#6028,#6029,#6030),
 .UNSPECIFIED.,.F.,.F.,(4,4),(0.,1.),.UNSPECIFIED.);
#2977=B_SPLINE_CURVE_WITH_KNOTS('',3,(#6034,#6035,#6036,#6037),
 .UNSPECIFIED.,.F.,.F.,(4,4),(0.,1.),.UNSPECIFIED.);
#2978=B_SPLINE_CURVE_WITH_KNOTS('',3,(#6048,#6049,#6050,#6051),
 .UNSPECIFIED.,.F.,.F.,(4,4),(0.,1.),.UNSPECIFIED.);
#2979=B_SPLINE_CURVE_WITH_KNOTS('',3,(#6074,#6075,#6076,#6077),
 .UNSPECIFIED.,.F.,.F.,(4,4),(0.,1.),.UNSPECIFIED.);
#2980=B_SPLINE_CURVE_WITH_KNOTS('',3,(#6083,#6084,#6085,#6086),
 .UNSPECIFIED.,.F.,.F.,(4,4),(0.,1.),.UNSPECIFIED.);
#2981=B_SPLINE_CURVE_WITH_KNOTS('',3,(#6109,#6110,#6111,#6112),
 .UNSPECIFIED.,.F.,.F.,(4,4),(0.,1.),.UNSPECIFIED.);
#2982=B_SPLINE_CURVE_WITH_KNOTS('',3,(#6123,#6124,#6125,#6126),
 .UNSPECIFIED.,.F.,.F.,(4,4),(0.,1.),.UNSPECIFIED.);
#2983=B_SPLINE_CURVE_WITH_KNOTS('',3,(#6130,#6131,#6132,#6133),
 .UNSPECIFIED.,.F.,.F.,(4,4),(0.,1.),.UNSPECIFIED.);
#2984=B_SPLINE_CURVE_WITH_KNOTS('',3,(#6135,#6136,#6137,#6138),
 .UNSPECIFIED.,.F.,.F.,(4,4),(0.,1.),.UNSPECIFIED.);
#2985=B_SPLINE_CURVE_WITH_KNOTS('',3,(#6147,#6148,#6149,#6150),
 .UNSPECIFIED.,.F.,.F.,(4,4),(0.,1.),.UNSPECIFIED.);
#2986=B_SPLINE_CURVE_WITH_KNOTS('',3,(#6191,#6192,#6193,#6194,#6195),
 .UNSPECIFIED.,.F.,.F.,(4,1,4),(5.12002098453655E-15,0.0028908762269015,
0.00578175245379788),.UNSPECIFIED.);
#2987=B_SPLINE_CURVE_WITH_KNOTS('',3,(#6206,#6207,#6208,#6209),
 .UNSPECIFIED.,.F.,.F.,(4,4),(0.,0.00462238742500296),.UNSPECIFIED.);
#2988=B_SPLINE_CURVE_WITH_KNOTS('',3,(#6224,#6225,#6226,#6227),
 .UNSPECIFIED.,.F.,.F.,(4,4),(0.,0.00462238742502709),.UNSPECIFIED.);
#2989=B_SPLINE_CURVE_WITH_KNOTS('',3,(#6244,#6245,#6246,#6247,#6248),
 .UNSPECIFIED.,.F.,.F.,(4,1,4),(7.20336482117848E-15,0.00289087622686434,
0.00578175245372148),.UNSPECIFIED.);
#2990=B_SPLINE_CURVE_WITH_KNOTS('',3,(#6269,#6270,#6271,#6272,#6273,#6274),
 .UNSPECIFIED.,.F.,.F.,(4,1,1,4),(1.59226449305808E-17,0.00140335776549322,
0.00280671553098642,0.00561343106197283),.UNSPECIFIED.);
#2991=B_SPLINE_CURVE_WITH_KNOTS('',3,(#6285,#6286,#6287,#6288),
 .UNSPECIFIED.,.F.,.F.,(4,4),(5.99202121653667E-16,0.00469229966418503),
 .UNSPECIFIED.);
#2992=B_SPLINE_CURVE_WITH_KNOTS('',3,(#6303,#6304,#6305,#6306),
 .UNSPECIFIED.,.F.,.F.,(4,4),(0.,0.00462471424793688),.UNSPECIFIED.);
#2993=B_SPLINE_CURVE_WITH_KNOTS('',3,(#6338,#6339,#6340,#6341),
 .UNSPECIFIED.,.F.,.F.,(4,4),(0.,0.000595206666286781),.UNSPECIFIED.);
#2994=B_SPLINE_CURVE_WITH_KNOTS('',3,(#6345,#6346,#6347,#6348),
 .UNSPECIFIED.,.F.,.F.,(4,4),(0.,0.000590765876038671),.UNSPECIFIED.);
#2995=B_SPLINE_CURVE_WITH_KNOTS('',3,(#6352,#6353,#6354,#6355),
 .UNSPECIFIED.,.F.,.F.,(4,4),(0.,0.000588051486498538),.UNSPECIFIED.);
#2996=B_SPLINE_CURVE_WITH_KNOTS('',3,(#6363,#6364,#6365,#6366),
 .UNSPECIFIED.,.F.,.F.,(4,4),(0.,0.000595206464205534),.UNSPECIFIED.);
#2997=B_SPLINE_CURVE_WITH_KNOTS('',3,(#6373,#6374,#6375,#6376),
 .UNSPECIFIED.,.F.,.F.,(4,4),(0.,0.000588051478285182),.UNSPECIFIED.);
#2998=B_SPLINE_CURVE_WITH_KNOTS('',3,(#6377,#6378,#6379,#6380),
 .UNSPECIFIED.,.F.,.F.,(4,4),(0.,0.00059076588483943),.UNSPECIFIED.);
#2999=B_SPLINE_CURVE_WITH_KNOTS('',3,(#6385,#6386,#6387,#6388),
 .UNSPECIFIED.,.F.,.F.,(4,4),(0.,0.000598988041272772),.UNSPECIFIED.);
#3000=B_SPLINE_CURVE_WITH_KNOTS('',3,(#6435,#6436,#6437,#6438),
 .UNSPECIFIED.,.F.,.F.,(4,4),(0.,0.000598987838096777),.UNSPECIFIED.);
#3001=B_SPLINE_CURVE_WITH_KNOTS('',3,(#6459,#6460,#6461,#6462,#6463,#6464),
 .UNSPECIFIED.,.F.,.F.,(4,1,1,4),(8.67361737988404E-19,0.00142025396866763,
0.00284050793733525,0.0056810158746705),.UNSPECIFIED.);
#3002=B_SPLINE_CURVE_WITH_KNOTS('',3,(#6466,#6467,#6468,#6469),
 .UNSPECIFIED.,.F.,.F.,(4,4),(0.,0.000171482581396925),.UNSPECIFIED.);
#3003=B_SPLINE_CURVE_WITH_KNOTS('',3,(#6470,#6471,#6472,#6473),
 .UNSPECIFIED.,.F.,.F.,(4,4),(0.,0.000180767623089523),.UNSPECIFIED.);
#3004=B_SPLINE_CURVE_WITH_KNOTS('',3,(#6474,#6475,#6476,#6477),
 .UNSPECIFIED.,.F.,.F.,(4,4),(0.,0.000180767595569763),.UNSPECIFIED.);
#3005=B_SPLINE_CURVE_WITH_KNOTS('',3,(#6478,#6479,#6480,#6481),
 .UNSPECIFIED.,.F.,.F.,(4,4),(0.,0.000171482609893046),.UNSPECIFIED.);
#3006=EDGE_LOOP('',(#1013,#1014,#1015,#1016,#1017,#1018,#1019));
#3007=EDGE_LOOP('',(#1020,#1021,#1022,#1023,#1024,#1025,#1026));
#3008=EDGE_LOOP('',(#1027,#1028,#1029,#1030,#1031,#1032,#1033));
#3009=EDGE_LOOP('',(#1034,#1035,#1036,#1037,#1038,#1039,#1040));
#3010=EDGE_LOOP('',(#1041,#1042,#1043,#1044));
#3011=EDGE_LOOP('',(#1045,#1046,#1047,#1048));
#3012=EDGE_LOOP('',(#1049,#1050,#1051,#1052));
#3013=EDGE_LOOP('',(#1053,#1054,#1055,#1056));
#3014=EDGE_LOOP('',(#1057,#1058,#1059,#1060));
#3015=EDGE_LOOP('',(#1061,#1062,#1063,#1064));
#3016=EDGE_LOOP('',(#1065,#1066,#1067,#1068,#1069,#1070,#1071,#1072,#1073,
#1074));
#3017=EDGE_LOOP('',(#1075,#1076,#1077,#1078,#1079,#1080,#1081,#1082,#1083,
#1084));
#3018=EDGE_LOOP('',(#1085,#1086,#1087,#1088,#1089,#1090,#1091,#1092,#1093,
#1094));
#3019=EDGE_LOOP('',(#1095,#1096));
#3020=EDGE_LOOP('',(#1097,#1098,#1099,#1100,#1101,#1102,#1103,#1104,#1105,
#1106));
#3021=EDGE_LOOP('',(#1107,#1108));
#3022=EDGE_LOOP('',(#1109,#1110,#1111,#1112));
#3023=EDGE_LOOP('',(#1113,#1114,#1115,#1116));
#3024=EDGE_LOOP('',(#1117,#1118,#1119,#1120));
#3025=EDGE_LOOP('',(#1121,#1122,#1123,#1124));
#3026=EDGE_LOOP('',(#1125,#1126,#1127,#1128,#1129));
#3027=EDGE_LOOP('',(#1130,#1131,#1132,#1133,#1134));
#3028=EDGE_LOOP('',(#1135,#1136,#1137,#1138,#1139));
#3029=EDGE_LOOP('',(#1140,#1141,#1142,#1143,#1144));
#3030=EDGE_LOOP('',(#1145,#1146,#1147,#1148));
#3031=EDGE_LOOP('',(#1149,#1150,#1151,#1152));
#3032=EDGE_LOOP('',(#1153,#1154,#1155,#1156));
#3033=EDGE_LOOP('',(#1157,#1158,#1159,#1160));
#3034=EDGE_LOOP('',(#1161,#1162,#1163,#1164));
#3035=EDGE_LOOP('',(#1165,#1166,#1167,#1168));
#3036=EDGE_LOOP('',(#1169,#1170,#1171,#1172));
#3037=EDGE_LOOP('',(#1173,#1174,#1175,#1176));
#3038=EDGE_LOOP('',(#1177,#1178,#1179,#1180,#1181));
#3039=EDGE_LOOP('',(#1182,#1183,#1184));
#3040=EDGE_LOOP('',(#1185,#1186,#1187));
#3041=EDGE_LOOP('',(#1188,#1189,#1190,#1191,#1192));
#3042=EDGE_LOOP('',(#1193,#1194,#1195));
#3043=EDGE_LOOP('',(#1196,#1197,#1198,#1199,#1200));
#3044=EDGE_LOOP('',(#1201,#1202,#1203));
#3045=EDGE_LOOP('',(#1204,#1205,#1206));
#3046=EDGE_LOOP('',(#1207,#1208,#1209,#1210,#1211));
#3047=EDGE_LOOP('',(#1212,#1213,#1214,#1215,#1216));
#3048=EDGE_LOOP('',(#1217,#1218,#1219,#1220,#1221));
#3049=EDGE_LOOP('',(#1222,#1223,#1224,#1225,#1226));
#3050=EDGE_LOOP('',(#1227,#1228,#1229,#1230,#1231));
#3051=EDGE_LOOP('',(#1232,#1233,#1234,#1235));
#3052=EDGE_LOOP('',(#1236,#1237,#1238,#1239));
#3053=EDGE_LOOP('',(#1240,#1241,#1242,#1243));
#3054=EDGE_LOOP('',(#1244,#1245,#1246,#1247));
#3055=EDGE_LOOP('',(#1248,#1249,#1250,#1251));
#3056=EDGE_LOOP('',(#1252,#1253,#1254,#1255));
#3057=EDGE_LOOP('',(#1256,#1257,#1258,#1259));
#3058=EDGE_LOOP('',(#1260,#1261,#1262,#1263));
#3059=EDGE_LOOP('',(#1264,#1265,#1266,#1267,#1268));
#3060=EDGE_LOOP('',(#1269,#1270,#1271));
#3061=EDGE_LOOP('',(#1272,#1273,#1274));
#3062=EDGE_LOOP('',(#1275,#1276,#1277,#1278,#1279));
#3063=EDGE_LOOP('',(#1280,#1281,#1282));
#3064=EDGE_LOOP('',(#1283,#1284,#1285,#1286,#1287));
#3065=EDGE_LOOP('',(#1288,#1289,#1290));
#3066=EDGE_LOOP('',(#1291,#1292,#1293));
#3067=EDGE_LOOP('',(#1294,#1295,#1296));
#3068=EDGE_LOOP('',(#1297));
#3069=EDGE_LOOP('',(#1298,#1299,#1300,#1301));
#3070=EDGE_LOOP('',(#1302));
#3071=EDGE_LOOP('',(#1303,#1304,#1305,#1306));
#3072=EDGE_LOOP('',(#1307,#1308,#1309,#1310));
#3073=EDGE_LOOP('',(#1311,#1312,#1313,#1314));
#3074=EDGE_LOOP('',(#1315,#1316,#1317,#1318));
#3075=EDGE_LOOP('',(#1319,#1320,#1321,#1322));
#3076=EDGE_LOOP('',(#1323));
#3077=EDGE_LOOP('',(#1324,#1325,#1326,#1327,#1328,#1329,#1330,#1331));
#3078=EDGE_LOOP('',(#1332));
#3079=EDGE_LOOP('',(#1333,#1334,#1335,#1336,#1337,#1338,#1339,#1340));
#3080=EDGE_LOOP('',(#1341,#1342,#1343,#1344,#1345,#1346,#1347,#1348,#1349,
#1350,#1351,#1352,#1353,#1354,#1355,#1356,#1357,#1358,#1359,#1360));
#3081=EDGE_LOOP('',(#1361,#1362));
#3082=EDGE_LOOP('',(#1363,#1364));
#3083=EDGE_LOOP('',(#1365));
#3084=EDGE_LOOP('',(#1366));
#3085=EDGE_LOOP('',(#1367,#1368));
#3086=EDGE_LOOP('',(#1369,#1370,#1371,#1372,#1373,#1374,#1375));
#3087=EDGE_LOOP('',(#1376,#1377,#1378,#1379,#1380,#1381));
#3088=EDGE_LOOP('',(#1382,#1383,#1384));
#3089=EDGE_LOOP('',(#1385,#1386,#1387,#1388,#1389,#1390));
#3090=EDGE_LOOP('',(#1391,#1392,#1393,#1394,#1395,#1396));
#3091=EDGE_LOOP('',(#1397,#1398,#1399,#1400,#1401,#1402,#1403));
#3092=EDGE_LOOP('',(#1404,#1405,#1406,#1407,#1408,#1409));
#3093=EDGE_LOOP('',(#1410,#1411,#1412));
#3094=EDGE_LOOP('',(#1413,#1414,#1415,#1416,#1417));
#3095=EDGE_LOOP('',(#1418,#1419,#1420,#1421,#1422));
#3096=EDGE_LOOP('',(#1423,#1424,#1425,#1426,#1427,#1428,#1429,#1430));
#3097=EDGE_LOOP('',(#1431,#1432,#1433,#1434,#1435,#1436,#1437,#1438));
#3098=EDGE_LOOP('',(#1439,#1440,#1441,#1442,#1443,#1444,#1445,#1446));
#3099=EDGE_LOOP('',(#1447,#1448,#1449,#1450,#1451,#1452,#1453,#1454));
#3100=EDGE_LOOP('',(#1455,#1456,#1457,#1458,#1459,#1460));
#3101=EDGE_LOOP('',(#1461,#1462,#1463,#1464));
#3102=EDGE_LOOP('',(#1465,#1466,#1467,#1468));
#3103=EDGE_LOOP('',(#1469));
#3104=EDGE_LOOP('',(#1470,#1471,#1472,#1473,#1474,#1475));
#3105=EDGE_LOOP('',(#1476));
#3106=EDGE_LOOP('',(#1477,#1478,#1479,#1480,#1481,#1482));
#3107=EDGE_LOOP('',(#1483,#1484,#1485,#1486,#1487,#1488,#1489));
#3108=EDGE_LOOP('',(#1490,#1491,#1492,#1493,#1494,#1495));
#3109=EDGE_LOOP('',(#1496,#1497,#1498,#1499,#1500,#1501,#1502));
#3110=EDGE_LOOP('',(#1503,#1504,#1505,#1506,#1507,#1508,#1509));
#3111=EDGE_LOOP('',(#1510,#1511,#1512,#1513,#1514,#1515,#1516));
#3112=EDGE_LOOP('',(#1517,#1518,#1519,#1520));
#3113=EDGE_LOOP('',(#1521,#1522,#1523,#1524));
#3114=EDGE_LOOP('',(#1525,#1526,#1527,#1528));
#3115=EDGE_LOOP('',(#1529,#1530,#1531,#1532));
#3116=EDGE_LOOP('',(#1533,#1534,#1535,#1536));
#3117=EDGE_LOOP('',(#1537,#1538,#1539,#1540));
#3118=EDGE_LOOP('',(#1541,#1542,#1543,#1544));
#3119=EDGE_LOOP('',(#1545,#1546,#1547,#1548));
#3120=EDGE_LOOP('',(#1549,#1550,#1551,#1552));
#3121=EDGE_LOOP('',(#1553,#1554,#1555,#1556));
#3122=EDGE_LOOP('',(#1557,#1558,#1559,#1560));
#3123=EDGE_LOOP('',(#1561,#1562,#1563,#1564));
#3124=EDGE_LOOP('',(#1565,#1566,#1567,#1568));
#3125=EDGE_LOOP('',(#1569,#1570,#1571,#1572));
#3126=EDGE_LOOP('',(#1573,#1574,#1575,#1576));
#3127=EDGE_LOOP('',(#1577,#1578,#1579,#1580));
#3128=EDGE_LOOP('',(#1581,#1582,#1583,#1584));
#3129=EDGE_LOOP('',(#1585,#1586,#1587,#1588));
#3130=EDGE_LOOP('',(#1589,#1590,#1591,#1592));
#3131=EDGE_LOOP('',(#1593,#1594,#1595,#1596));
#3132=EDGE_LOOP('',(#1597,#1598,#1599,#1600));
#3133=EDGE_LOOP('',(#1601,#1602,#1603,#1604));
#3134=EDGE_LOOP('',(#1605,#1606,#1607,#1608));
#3135=EDGE_LOOP('',(#1609,#1610,#1611,#1612));
#3136=EDGE_LOOP('',(#1613,#1614,#1615,#1616));
#3137=EDGE_LOOP('',(#1617,#1618,#1619,#1620));
#3138=EDGE_LOOP('',(#1621,#1622,#1623,#1624,#1625,#1626,#1627,#1628));
#3139=EDGE_LOOP('',(#1629,#1630,#1631,#1632));
#3140=EDGE_LOOP('',(#1633,#1634,#1635,#1636));
#3141=EDGE_LOOP('',(#1637,#1638,#1639,#1640));
#3142=EDGE_LOOP('',(#1641,#1642,#1643,#1644,#1645));
#3143=EDGE_LOOP('',(#1646,#1647,#1648,#1649,#1650));
#3144=EDGE_LOOP('',(#1651,#1652,#1653,#1654));
#3145=EDGE_LOOP('',(#1655,#1656,#1657,#1658,#1659));
#3146=EDGE_LOOP('',(#1660,#1661,#1662,#1663));
#3147=EDGE_LOOP('',(#1664,#1665,#1666,#1667));
#3148=EDGE_LOOP('',(#1668,#1669,#1670,#1671));
#3149=EDGE_LOOP('',(#1672,#1673,#1674,#1675));
#3150=EDGE_LOOP('',(#1676,#1677,#1678,#1679));
#3151=EDGE_LOOP('',(#1680));
#3152=EDGE_LOOP('',(#1681));
#3153=EDGE_LOOP('',(#1682));
#3154=EDGE_LOOP('',(#1683));
#3155=EDGE_LOOP('',(#1684,#1685,#1686,#1687));
#3156=EDGE_LOOP('',(#1688,#1689,#1690,#1691));
#3157=EDGE_LOOP('',(#1692,#1693,#1694,#1695,#1696));
#3158=EDGE_LOOP('',(#1697,#1698,#1699,#1700,#1701,#1702,#1703));
#3159=EDGE_LOOP('',(#1704,#1705,#1706,#1707,#1708));
#3160=EDGE_LOOP('',(#1709,#1710,#1711,#1712,#1713,#1714));
#3161=EDGE_LOOP('',(#1715,#1716,#1717,#1718,#1719));
#3162=EDGE_LOOP('',(#1720,#1721,#1722,#1723,#1724,#1725,#1726));
#3163=EDGE_LOOP('',(#1727,#1728,#1729,#1730));
#3164=EDGE_LOOP('',(#1731,#1732,#1733,#1734));
#3165=EDGE_LOOP('',(#1735,#1736,#1737,#1738));
#3166=EDGE_LOOP('',(#1739,#1740,#1741,#1742));
#3167=EDGE_LOOP('',(#1743,#1744,#1745));
#3168=EDGE_LOOP('',(#1746,#1747,#1748,#1749,#1750));
#3169=EDGE_LOOP('',(#1751,#1752,#1753,#1754));
#3170=EDGE_LOOP('',(#1755,#1756,#1757,#1758));
#3171=EDGE_LOOP('',(#1759,#1760,#1761,#1762));
#3172=EDGE_LOOP('',(#1763,#1764,#1765,#1766));
#3173=EDGE_LOOP('',(#1767,#1768,#1769,#1770));
#3174=EDGE_LOOP('',(#1771,#1772,#1773,#1774));
#3175=EDGE_LOOP('',(#1775,#1776,#1777,#1778));
#3176=EDGE_LOOP('',(#1779,#1780,#1781,#1782));
#3177=EDGE_LOOP('',(#1783,#1784,#1785,#1786));
#3178=EDGE_LOOP('',(#1787,#1788,#1789,#1790));
#3179=EDGE_LOOP('',(#1791,#1792,#1793,#1794));
#3180=EDGE_LOOP('',(#1795,#1796,#1797,#1798));
#3181=EDGE_LOOP('',(#1799,#1800,#1801,#1802));
#3182=EDGE_LOOP('',(#1803,#1804,#1805,#1806));
#3183=EDGE_LOOP('',(#1807,#1808,#1809,#1810));
#3184=EDGE_LOOP('',(#1811,#1812,#1813,#1814));
#3185=EDGE_LOOP('',(#1815,#1816,#1817,#1818));
#3186=EDGE_LOOP('',(#1819,#1820,#1821,#1822));
#3187=EDGE_LOOP('',(#1823,#1824,#1825,#1826));
#3188=EDGE_LOOP('',(#1827,#1828,#1829,#1830));
#3189=EDGE_LOOP('',(#1831,#1832,#1833,#1834));
#3190=EDGE_LOOP('',(#1835,#1836,#1837,#1838));
#3191=EDGE_LOOP('',(#1839,#1840,#1841,#1842));
#3192=EDGE_LOOP('',(#1843,#1844,#1845,#1846));
#3193=EDGE_LOOP('',(#1847,#1848,#1849,#1850));
#3194=EDGE_LOOP('',(#1851,#1852,#1853,#1854));
#3195=EDGE_LOOP('',(#1855,#1856,#1857,#1858));
#3196=EDGE_LOOP('',(#1859,#1860,#1861,#1862));
#3197=EDGE_LOOP('',(#1863,#1864,#1865,#1866));
#3198=EDGE_LOOP('',(#1867,#1868,#1869,#1870));
#3199=EDGE_LOOP('',(#1871,#1872,#1873,#1874));
#3200=EDGE_LOOP('',(#1875,#1876,#1877,#1878));
#3201=EDGE_LOOP('',(#1879,#1880,#1881,#1882));
#3202=EDGE_LOOP('',(#1883,#1884,#1885,#1886));
#3203=EDGE_LOOP('',(#1887,#1888,#1889,#1890));
#3204=EDGE_LOOP('',(#1891,#1892,#1893,#1894));
#3205=EDGE_LOOP('',(#1895,#1896,#1897,#1898));
#3206=EDGE_LOOP('',(#1899,#1900,#1901,#1902));
#3207=EDGE_LOOP('',(#1903,#1904,#1905,#1906));
#3208=EDGE_LOOP('',(#1907,#1908,#1909,#1910));
#3209=EDGE_LOOP('',(#1911,#1912,#1913,#1914));
#3210=EDGE_LOOP('',(#1915,#1916,#1917,#1918));
#3211=EDGE_LOOP('',(#1919,#1920,#1921,#1922));
#3212=EDGE_LOOP('',(#1923,#1924,#1925,#1926));
#3213=EDGE_LOOP('',(#1927,#1928,#1929,#1930));
#3214=EDGE_LOOP('',(#1931,#1932,#1933,#1934));
#3215=EDGE_LOOP('',(#1935,#1936,#1937,#1938));
#3216=EDGE_LOOP('',(#1939,#1940,#1941,#1942));
#3217=EDGE_LOOP('',(#1943,#1944,#1945,#1946));
#3218=EDGE_LOOP('',(#1947,#1948,#1949,#1950));
#3219=EDGE_LOOP('',(#1951,#1952,#1953,#1954));
#3220=EDGE_LOOP('',(#1955,#1956,#1957,#1958));
#3221=EDGE_LOOP('',(#1959,#1960,#1961,#1962));
#3222=EDGE_LOOP('',(#1963,#1964,#1965,#1966));
#3223=EDGE_LOOP('',(#1967,#1968,#1969,#1970));
#3224=EDGE_LOOP('',(#1971,#1972,#1973,#1974));
#3225=EDGE_LOOP('',(#1975,#1976,#1977,#1978));
#3226=EDGE_LOOP('',(#1979,#1980,#1981,#1982));
#3227=EDGE_LOOP('',(#1983,#1984,#1985,#1986));
#3228=EDGE_LOOP('',(#1987,#1988,#1989,#1990));
#3229=EDGE_LOOP('',(#1991,#1992,#1993,#1994));
#3230=EDGE_LOOP('',(#1995,#1996,#1997,#1998));
#3231=EDGE_LOOP('',(#1999,#2000,#2001,#2002,#2003,#2004));
#3232=EDGE_LOOP('',(#2005,#2006,#2007,#2008,#2009,#2010,#2011,#2012,#2013,
#2014,#2015,#2016));
#3233=EDGE_LOOP('',(#2017,#2018,#2019,#2020,#2021,#2022,#2023,#2024,#2025,
#2026,#2027,#2028));
#3234=EDGE_LOOP('',(#2029,#2030,#2031,#2032,#2033,#2034,#2035,#2036,#2037,
#2038,#2039,#2040,#2041,#2042,#2043,#2044));
#3235=EDGE_LOOP('',(#2045,#2046,#2047,#2048,#2049,#2050));
#3236=EDGE_LOOP('',(#2051,#2052,#2053,#2054,#2055,#2056));
#3237=EDGE_LOOP('',(#2057,#2058,#2059,#2060,#2061,#2062));
#3238=EDGE_LOOP('',(#2063,#2064,#2065,#2066,#2067,#2068));
#3239=FACE_BOUND('',#3006,.T.);
#3240=FACE_BOUND('',#3007,.T.);
#3241=FACE_BOUND('',#3008,.T.);
#3242=FACE_BOUND('',#3009,.T.);
#3243=FACE_BOUND('',#3010,.T.);
#3244=FACE_BOUND('',#3011,.T.);
#3245=FACE_BOUND('',#3012,.T.);
#3246=FACE_BOUND('',#3013,.T.);
#3247=FACE_BOUND('',#3014,.T.);
#3248=FACE_BOUND('',#3015,.T.);
#3249=FACE_BOUND('',#3016,.T.);
#3250=FACE_BOUND('',#3017,.T.);
#3251=FACE_BOUND('',#3018,.T.);
#3252=FACE_BOUND('',#3019,.T.);
#3253=FACE_BOUND('',#3020,.T.);
#3254=FACE_BOUND('',#3021,.T.);
#3255=FACE_BOUND('',#3022,.T.);
#3256=FACE_BOUND('',#3023,.T.);
#3257=FACE_BOUND('',#3024,.T.);
#3258=FACE_BOUND('',#3025,.T.);
#3259=FACE_BOUND('',#3026,.T.);
#3260=FACE_BOUND('',#3027,.T.);
#3261=FACE_BOUND('',#3028,.T.);
#3262=FACE_BOUND('',#3029,.T.);
#3263=FACE_BOUND('',#3030,.T.);
#3264=FACE_BOUND('',#3031,.T.);
#3265=FACE_BOUND('',#3032,.T.);
#3266=FACE_BOUND('',#3033,.T.);
#3267=FACE_BOUND('',#3034,.T.);
#3268=FACE_BOUND('',#3035,.T.);
#3269=FACE_BOUND('',#3036,.T.);
#3270=FACE_BOUND('',#3037,.T.);
#3271=FACE_BOUND('',#3038,.T.);
#3272=FACE_BOUND('',#3039,.T.);
#3273=FACE_BOUND('',#3040,.T.);
#3274=FACE_BOUND('',#3041,.T.);
#3275=FACE_BOUND('',#3042,.T.);
#3276=FACE_BOUND('',#3043,.T.);
#3277=FACE_BOUND('',#3044,.T.);
#3278=FACE_BOUND('',#3045,.T.);
#3279=FACE_BOUND('',#3046,.T.);
#3280=FACE_BOUND('',#3047,.T.);
#3281=FACE_BOUND('',#3048,.T.);
#3282=FACE_BOUND('',#3049,.T.);
#3283=FACE_BOUND('',#3050,.T.);
#3284=FACE_BOUND('',#3051,.T.);
#3285=FACE_BOUND('',#3052,.T.);
#3286=FACE_BOUND('',#3053,.T.);
#3287=FACE_BOUND('',#3054,.T.);
#3288=FACE_BOUND('',#3055,.T.);
#3289=FACE_BOUND('',#3056,.T.);
#3290=FACE_BOUND('',#3057,.T.);
#3291=FACE_BOUND('',#3058,.T.);
#3292=FACE_BOUND('',#3059,.T.);
#3293=FACE_BOUND('',#3060,.T.);
#3294=FACE_BOUND('',#3061,.T.);
#3295=FACE_BOUND('',#3062,.T.);
#3296=FACE_BOUND('',#3063,.T.);
#3297=FACE_BOUND('',#3064,.T.);
#3298=FACE_BOUND('',#3065,.T.);
#3299=FACE_BOUND('',#3066,.T.);
#3300=FACE_BOUND('',#3067,.T.);
#3301=FACE_BOUND('',#3068,.T.);
#3302=FACE_BOUND('',#3069,.T.);
#3303=FACE_BOUND('',#3070,.T.);
#3304=FACE_BOUND('',#3071,.T.);
#3305=FACE_BOUND('',#3072,.T.);
#3306=FACE_BOUND('',#3073,.T.);
#3307=FACE_BOUND('',#3074,.T.);
#3308=FACE_BOUND('',#3075,.T.);
#3309=FACE_BOUND('',#3076,.T.);
#3310=FACE_BOUND('',#3077,.T.);
#3311=FACE_BOUND('',#3078,.T.);
#3312=FACE_BOUND('',#3079,.T.);
#3313=FACE_BOUND('',#3080,.T.);
#3314=FACE_BOUND('',#3081,.T.);
#3315=FACE_BOUND('',#3082,.T.);
#3316=FACE_BOUND('',#3083,.T.);
#3317=FACE_BOUND('',#3084,.T.);
#3318=FACE_BOUND('',#3085,.T.);
#3319=FACE_BOUND('',#3086,.T.);
#3320=FACE_BOUND('',#3087,.T.);
#3321=FACE_BOUND('',#3088,.T.);
#3322=FACE_BOUND('',#3089,.T.);
#3323=FACE_BOUND('',#3090,.T.);
#3324=FACE_BOUND('',#3091,.T.);
#3325=FACE_BOUND('',#3092,.T.);
#3326=FACE_BOUND('',#3093,.T.);
#3327=FACE_BOUND('',#3094,.T.);
#3328=FACE_BOUND('',#3095,.T.);
#3329=FACE_BOUND('',#3096,.T.);
#3330=FACE_BOUND('',#3097,.T.);
#3331=FACE_BOUND('',#3098,.T.);
#3332=FACE_BOUND('',#3099,.T.);
#3333=FACE_BOUND('',#3100,.T.);
#3334=FACE_BOUND('',#3101,.T.);
#3335=FACE_BOUND('',#3102,.T.);
#3336=FACE_BOUND('',#3103,.T.);
#3337=FACE_BOUND('',#3104,.T.);
#3338=FACE_BOUND('',#3105,.T.);
#3339=FACE_BOUND('',#3106,.T.);
#3340=FACE_BOUND('',#3107,.T.);
#3341=FACE_BOUND('',#3108,.T.);
#3342=FACE_BOUND('',#3109,.T.);
#3343=FACE_BOUND('',#3110,.T.);
#3344=FACE_BOUND('',#3111,.T.);
#3345=FACE_BOUND('',#3112,.T.);
#3346=FACE_BOUND('',#3113,.T.);
#3347=FACE_BOUND('',#3114,.T.);
#3348=FACE_BOUND('',#3115,.T.);
#3349=FACE_BOUND('',#3116,.T.);
#3350=FACE_BOUND('',#3117,.T.);
#3351=FACE_BOUND('',#3118,.T.);
#3352=FACE_BOUND('',#3119,.T.);
#3353=FACE_BOUND('',#3120,.T.);
#3354=FACE_BOUND('',#3121,.T.);
#3355=FACE_BOUND('',#3122,.T.);
#3356=FACE_BOUND('',#3123,.T.);
#3357=FACE_BOUND('',#3124,.T.);
#3358=FACE_BOUND('',#3125,.T.);
#3359=FACE_BOUND('',#3126,.T.);
#3360=FACE_BOUND('',#3127,.T.);
#3361=FACE_BOUND('',#3128,.T.);
#3362=FACE_BOUND('',#3129,.T.);
#3363=FACE_BOUND('',#3130,.T.);
#3364=FACE_BOUND('',#3131,.T.);
#3365=FACE_BOUND('',#3132,.T.);
#3366=FACE_BOUND('',#3133,.T.);
#3367=FACE_BOUND('',#3134,.T.);
#3368=FACE_BOUND('',#3135,.T.);
#3369=FACE_BOUND('',#3136,.T.);
#3370=FACE_BOUND('',#3137,.T.);
#3371=FACE_BOUND('',#3138,.T.);
#3372=FACE_BOUND('',#3139,.T.);
#3373=FACE_BOUND('',#3140,.T.);
#3374=FACE_BOUND('',#3141,.T.);
#3375=FACE_BOUND('',#3142,.T.);
#3376=FACE_BOUND('',#3143,.T.);
#3377=FACE_BOUND('',#3144,.T.);
#3378=FACE_BOUND('',#3145,.T.);
#3379=FACE_BOUND('',#3146,.T.);
#3380=FACE_BOUND('',#3147,.T.);
#3381=FACE_BOUND('',#3148,.T.);
#3382=FACE_BOUND('',#3149,.T.);
#3383=FACE_BOUND('',#3150,.T.);
#3384=FACE_BOUND('',#3151,.T.);
#3385=FACE_BOUND('',#3152,.T.);
#3386=FACE_BOUND('',#3153,.T.);
#3387=FACE_BOUND('',#3154,.T.);
#3388=FACE_BOUND('',#3155,.T.);
#3389=FACE_BOUND('',#3156,.T.);
#3390=FACE_BOUND('',#3157,.T.);
#3391=FACE_BOUND('',#3158,.T.);
#3392=FACE_BOUND('',#3159,.T.);
#3393=FACE_BOUND('',#3160,.T.);
#3394=FACE_BOUND('',#3161,.T.);
#3395=FACE_BOUND('',#3162,.T.);
#3396=FACE_BOUND('',#3163,.T.);
#3397=FACE_BOUND('',#3164,.T.);
#3398=FACE_BOUND('',#3165,.T.);
#3399=FACE_BOUND('',#3166,.T.);
#3400=FACE_BOUND('',#3167,.T.);
#3401=FACE_BOUND('',#3168,.T.);
#3402=FACE_BOUND('',#3169,.T.);
#3403=FACE_BOUND('',#3170,.T.);
#3404=FACE_BOUND('',#3171,.T.);
#3405=FACE_BOUND('',#3172,.T.);
#3406=FACE_BOUND('',#3173,.T.);
#3407=FACE_BOUND('',#3174,.T.);
#3408=FACE_BOUND('',#3175,.T.);
#3409=FACE_BOUND('',#3176,.T.);
#3410=FACE_BOUND('',#3177,.T.);
#3411=FACE_BOUND('',#3178,.T.);
#3412=FACE_BOUND('',#3179,.T.);
#3413=FACE_BOUND('',#3180,.T.);
#3414=FACE_BOUND('',#3181,.T.);
#3415=FACE_BOUND('',#3182,.T.);
#3416=FACE_BOUND('',#3183,.T.);
#3417=FACE_BOUND('',#3184,.T.);
#3418=FACE_BOUND('',#3185,.T.);
#3419=FACE_BOUND('',#3186,.T.);
#3420=FACE_BOUND('',#3187,.T.);
#3421=FACE_BOUND('',#3188,.T.);
#3422=FACE_BOUND('',#3189,.T.);
#3423=FACE_BOUND('',#3190,.T.);
#3424=FACE_BOUND('',#3191,.T.);
#3425=FACE_BOUND('',#3192,.T.);
#3426=FACE_BOUND('',#3193,.T.);
#3427=FACE_BOUND('',#3194,.T.);
#3428=FACE_BOUND('',#3195,.T.);
#3429=FACE_BOUND('',#3196,.T.);
#3430=FACE_BOUND('',#3197,.T.);
#3431=FACE_BOUND('',#3198,.T.);
#3432=FACE_BOUND('',#3199,.T.);
#3433=FACE_BOUND('',#3200,.T.);
#3434=FACE_BOUND('',#3201,.T.);
#3435=FACE_BOUND('',#3202,.T.);
#3436=FACE_BOUND('',#3203,.T.);
#3437=FACE_BOUND('',#3204,.T.);
#3438=FACE_BOUND('',#3205,.T.);
#3439=FACE_BOUND('',#3206,.T.);
#3440=FACE_BOUND('',#3207,.T.);
#3441=FACE_BOUND('',#3208,.T.);
#3442=FACE_BOUND('',#3209,.T.);
#3443=FACE_BOUND('',#3210,.T.);
#3444=FACE_BOUND('',#3211,.T.);
#3445=FACE_BOUND('',#3212,.T.);
#3446=FACE_BOUND('',#3213,.T.);
#3447=FACE_BOUND('',#3214,.T.);
#3448=FACE_BOUND('',#3215,.T.);
#3449=FACE_BOUND('',#3216,.T.);
#3450=FACE_BOUND('',#3217,.T.);
#3451=FACE_BOUND('',#3218,.T.);
#3452=FACE_BOUND('',#3219,.T.);
#3453=FACE_BOUND('',#3220,.T.);
#3454=FACE_BOUND('',#3221,.T.);
#3455=FACE_BOUND('',#3222,.T.);
#3456=FACE_BOUND('',#3223,.T.);
#3457=FACE_BOUND('',#3224,.T.);
#3458=FACE_BOUND('',#3225,.T.);
#3459=FACE_BOUND('',#3226,.T.);
#3460=FACE_BOUND('',#3227,.T.);
#3461=FACE_BOUND('',#3228,.T.);
#3462=FACE_BOUND('',#3229,.T.);
#3463=FACE_BOUND('',#3230,.T.);
#3464=FACE_BOUND('',#3231,.T.);
#3465=FACE_BOUND('',#3232,.T.);
#3466=FACE_BOUND('',#3233,.T.);
#3467=FACE_BOUND('',#3234,.T.);
#3468=FACE_BOUND('',#3235,.T.);
#3469=FACE_BOUND('',#3236,.T.);
#3470=FACE_BOUND('',#3237,.T.);
#3471=FACE_BOUND('',#3238,.T.);
#3472=B_SPLINE_SURFACE_WITH_KNOTS('',3,1,((#4858,#4859),(#4860,#4861),(#4862,
#4863),(#4864,#4865)),.SURF_OF_LINEAR_EXTRUSION.,.F.,.F.,.F.,(4,4),(2,2),
(0.231435813552323,1.),(0.,1.),.PIECEWISE_BEZIER_KNOTS.);
#3473=B_SPLINE_SURFACE_WITH_KNOTS('',3,1,((#4891,#4892),(#4893,#4894),(#4895,
#4896),(#4897,#4898)),.SURF_OF_LINEAR_EXTRUSION.,.F.,.F.,.F.,(4,4),(2,2),
(0.,0.768564186448521),(0.,1.),.PIECEWISE_BEZIER_KNOTS.);
#3474=B_SPLINE_SURFACE_WITH_KNOTS('',3,1,((#4924,#4925),(#4926,#4927),(#4928,
#4929),(#4930,#4931)),.SURF_OF_LINEAR_EXTRUSION.,.F.,.F.,.F.,(4,4),(2,2),
(0.235336911160097,1.),(0.,1.),.PIECEWISE_BEZIER_KNOTS.);
#3475=B_SPLINE_SURFACE_WITH_KNOTS('',3,1,((#4957,#4958),(#4959,#4960),(#4961,
#4962),(#4963,#4964)),.SURF_OF_LINEAR_EXTRUSION.,.F.,.F.,.F.,(4,4),(2,2),
(-2.80723635370103E-15,0.768564186448511),(0.,1.),
 .PIECEWISE_BEZIER_KNOTS.);
#3476=B_SPLINE_SURFACE_WITH_KNOTS('',3,1,((#4999,#5000),(#5001,#5002),(#5003,
#5004),(#5005,#5006)),.SURF_OF_LINEAR_EXTRUSION.,.F.,.F.,.F.,(4,4),(2,2),
(0.,0.235336911160097),(0.,1.),.PIECEWISE_BEZIER_KNOTS.);
#3477=B_SPLINE_SURFACE_WITH_KNOTS('',3,1,((#5023,#5024),(#5025,#5026),(#5027,
#5028),(#5029,#5030)),.SURF_OF_LINEAR_EXTRUSION.,.F.,.F.,.F.,(4,4),(2,2),
(0.,0.231435813552323),(0.,1.),.PIECEWISE_BEZIER_KNOTS.);
#3478=B_SPLINE_SURFACE_WITH_KNOTS('',3,1,((#5038,#5039),(#5040,#5041),(#5042,
#5043),(#5044,#5045)),.SURF_OF_LINEAR_EXTRUSION.,.F.,.F.,.F.,(4,4),(2,2),
(0.768564186448521,1.),(0.,1.),.PIECEWISE_BEZIER_KNOTS.);
#3479=B_SPLINE_SURFACE_WITH_KNOTS('',3,1,((#5053,#5054),(#5055,#5056),(#5057,
#5058),(#5059,#5060)),.SURF_OF_LINEAR_EXTRUSION.,.F.,.F.,.F.,(4,4),(2,2),
(0.768564186448511,1.),(0.,1.),.PIECEWISE_BEZIER_KNOTS.);
#3480=B_SPLINE_SURFACE_WITH_KNOTS('',1,3,((#5991,#5992,#5993,#5994,#5995,
#5996,#5997,#5998,#5999,#6000),(#6001,#6002,#6003,#6004,#6005,#6006,#6007,
#6008,#6009,#6010)),.RULED_SURF.,.F.,.F.,.F.,(2,2),(4,2,2,2,4),(0.,1.),
(0.,0.00182820020886303,0.00365640041772606,0.00548460062658909,0.00731280083545212),
 .UNSPECIFIED.);
#3481=B_SPLINE_SURFACE_WITH_KNOTS('',1,3,((#6019,#6020,#6021,#6022),(#6023,
#6024,#6025,#6026)),.RULED_SURF.,.F.,.F.,.F.,(2,2),(4,4),(0.,1.),(0.,0.00462224490896503),
 .PIECEWISE_BEZIER_KNOTS.);
#3482=B_SPLINE_SURFACE_WITH_KNOTS('',1,3,((#6040,#6041,#6042,#6043),(#6044,
#6045,#6046,#6047)),.RULED_SURF.,.F.,.F.,.F.,(2,2),(4,4),(0.,1.),(0.,0.00462161698615662),
 .PIECEWISE_BEZIER_KNOTS.);
#3483=B_SPLINE_SURFACE_WITH_KNOTS('',1,3,((#6054,#6055,#6056,#6057,#6058,
#6059,#6060,#6061,#6062,#6063),(#6064,#6065,#6066,#6067,#6068,#6069,#6070,
#6071,#6072,#6073)),.RULED_SURF.,.F.,.F.,.F.,(2,2),(4,2,2,2,4),(0.,1.),
(0.,0.00188852948522836,0.00377705897045672,0.00566558845568509,0.00755411794091345),
 .UNSPECIFIED.);
#3484=B_SPLINE_SURFACE_WITH_KNOTS('',1,3,((#6089,#6090,#6091,#6092,#6093,
#6094,#6095,#6096,#6097,#6098),(#6099,#6100,#6101,#6102,#6103,#6104,#6105,
#6106,#6107,#6108)),.RULED_SURF.,.F.,.F.,.F.,(2,2),(4,2,2,2,4),(0.,1.),
(0.,0.00175817332673573,0.00351634665347146,0.00527451998020719,0.00703269330694292),
 .UNSPECIFIED.);
#3485=B_SPLINE_SURFACE_WITH_KNOTS('',1,3,((#6115,#6116,#6117,#6118),(#6119,
#6120,#6121,#6122)),.RULED_SURF.,.F.,.F.,.F.,(2,2),(4,4),(0.,1.),(0.,0.00462458926992599),
 .PIECEWISE_BEZIER_KNOTS.);
#3486=B_SPLINE_SURFACE_WITH_KNOTS('',1,3,((#6139,#6140,#6141,#6142),(#6143,
#6144,#6145,#6146)),.RULED_SURF.,.F.,.F.,.F.,(2,2),(4,4),(0.,1.),(0.,0.00469268879136598),
 .PIECEWISE_BEZIER_KNOTS.);
#3487=B_SPLINE_SURFACE_WITH_KNOTS('',1,3,((#6151,#6152,#6153,#6154,#6155,
#6156,#6157,#6158,#6159,#6160),(#6161,#6162,#6163,#6164,#6165,#6166,#6167,
#6168,#6169,#6170)),.RULED_SURF.,.F.,.F.,.F.,(2,2),(4,2,2,2,4),(0.,1.),
(0.,0.0017371540182567,0.00347430803651339,0.00521146205477009,0.00694861607302678),
 .UNSPECIFIED.);
#3488=B_SPLINE_SURFACE_WITH_KNOTS('',1,3,((#6173,#6174,#6175,#6176,#6177,
#6178,#6179,#6180),(#6181,#6182,#6183,#6184,#6185,#6186,#6187,#6188)),
 .RULED_SURF.,.F.,.F.,.F.,(2,2),(4,2,2,4),(0.,0.833333333335459),(0.290313725721756,
0.38428209322426,0.576423139836391,0.768564186448521),.UNSPECIFIED.);
#3489=B_SPLINE_SURFACE_WITH_KNOTS('',1,3,((#6196,#6197,#6198,#6199),(#6200,
#6201,#6202,#6203)),.RULED_SURF.,.F.,.F.,.F.,(2,2),(4,4),(0.,0.833333333333341),
(0.768564186448521,1.),.PIECEWISE_BEZIER_KNOTS.);
#3490=B_SPLINE_SURFACE_WITH_KNOTS('',1,3,((#6214,#6215,#6216,#6217),(#6218,
#6219,#6220,#6221)),.RULED_SURF.,.F.,.F.,.F.,(2,2),(4,4),(0.,0.833333333333328),
(0.768564186448511,1.),.PIECEWISE_BEZIER_KNOTS.);
#3491=B_SPLINE_SURFACE_WITH_KNOTS('',1,3,((#6228,#6229,#6230,#6231,#6232,
#6233,#6234,#6235),(#6236,#6237,#6238,#6239,#6240,#6241,#6242,#6243)),
 .RULED_SURF.,.F.,.F.,.F.,(2,2),(4,2,2,4),(0.,0.833333333334726),(0.290313725728814,
0.384282093224255,0.576423139836383,0.768564186448511),.UNSPECIFIED.);
#3492=B_SPLINE_SURFACE_WITH_KNOTS('',1,3,((#6251,#6252,#6253,#6254,#6255,
#6256,#6257,#6258),(#6259,#6260,#6261,#6262,#6263,#6264,#6265,#6266)),
 .RULED_SURF.,.F.,.F.,.F.,(2,2),(4,2,2,4),(0.,0.833333333335426),(0.235336911160097,
0.426502683370072,0.617668455580048,0.709662867694514),.UNSPECIFIED.);
#3493=B_SPLINE_SURFACE_WITH_KNOTS('',1,3,((#6275,#6276,#6277,#6278),(#6279,
#6280,#6281,#6282)),.RULED_SURF.,.F.,.F.,.F.,(2,2),(4,4),(0.,0.833333333358952),
(0.,0.235336911160097),.PIECEWISE_BEZIER_KNOTS.);
#3494=B_SPLINE_SURFACE_WITH_KNOTS('',1,3,((#6293,#6294,#6295,#6296),(#6297,
#6298,#6299,#6300)),.RULED_SURF.,.F.,.F.,.F.,(2,2),(4,4),(0.,0.833333333333333),
(0.,0.231435813552323),.PIECEWISE_BEZIER_KNOTS.);
#3495=B_SPLINE_SURFACE_WITH_KNOTS('',1,3,((#6443,#6444,#6445,#6446,#6447,
#6448,#6449,#6450),(#6451,#6452,#6453,#6454,#6455,#6456,#6457,#6458)),
 .RULED_SURF.,.F.,.F.,.F.,(2,2),(4,2,2,4),(0.,0.833333333333794),(0.231435813552323,
0.423576860164243,0.615717906776162,0.709686274278321),.UNSPECIFIED.);
#3496=ADVANCED_FACE('',(#3239),#3472,.T.);
#3497=ADVANCED_FACE('',(#3240),#3473,.T.);
#3498=ADVANCED_FACE('',(#3241),#3474,.F.);
#3499=ADVANCED_FACE('',(#3242),#3475,.F.);
#3500=ADVANCED_FACE('',(#3243),#112,.T.);
#3501=ADVANCED_FACE('',(#3244),#3476,.F.);
#3502=ADVANCED_FACE('',(#3245),#113,.F.);
#3503=ADVANCED_FACE('',(#3246),#3477,.T.);
#3504=ADVANCED_FACE('',(#3247),#3478,.T.);
#3505=ADVANCED_FACE('',(#3248),#3479,.F.);
#3506=ADVANCED_FACE('',(#3249),#114,.F.);
#3507=ADVANCED_FACE('',(#3250),#115,.T.);
#3508=ADVANCED_FACE('',(#3251,#3252),#93,.F.);
#3509=ADVANCED_FACE('',(#3253,#3254),#94,.F.);
#3510=ADVANCED_FACE('',(#3255),#95,.T.);
#3511=ADVANCED_FACE('',(#3256),#96,.T.);
#3512=ADVANCED_FACE('',(#3257),#97,.T.);
#3513=ADVANCED_FACE('',(#3258),#98,.T.);
#3514=ADVANCED_FACE('',(#3259),#116,.F.);
#3515=ADVANCED_FACE('',(#3260),#117,.F.);
#3516=ADVANCED_FACE('',(#3261),#118,.T.);
#3517=ADVANCED_FACE('',(#3262),#119,.T.);
#3518=ADVANCED_FACE('',(#3263),#120,.F.);
#3519=ADVANCED_FACE('',(#3264),#121,.F.);
#3520=ADVANCED_FACE('',(#3265),#122,.T.);
#3521=ADVANCED_FACE('',(#3266),#123,.F.);
#3522=ADVANCED_FACE('',(#3267),#124,.F.);
#3523=ADVANCED_FACE('',(#3268),#125,.T.);
#3524=ADVANCED_FACE('',(#3269),#126,.T.);
#3525=ADVANCED_FACE('',(#3270),#127,.T.);
#3526=ADVANCED_FACE('',(#3271),#128,.T.);
#3527=ADVANCED_FACE('',(#3272),#129,.T.);
#3528=ADVANCED_FACE('',(#3273),#130,.T.);
#3529=ADVANCED_FACE('',(#3274),#131,.T.);
#3530=ADVANCED_FACE('',(#3275),#132,.T.);
#3531=ADVANCED_FACE('',(#3276),#133,.T.);
#3532=ADVANCED_FACE('',(#3277),#134,.T.);
#3533=ADVANCED_FACE('',(#3278),#135,.T.);
#3534=ADVANCED_FACE('',(#3279),#136,.T.);
#3535=ADVANCED_FACE('',(#3280),#137,.T.);
#3536=ADVANCED_FACE('',(#3281),#138,.T.);
#3537=ADVANCED_FACE('',(#3282),#139,.F.);
#3538=ADVANCED_FACE('',(#3283),#140,.F.);
#3539=ADVANCED_FACE('',(#3284),#141,.F.);
#3540=ADVANCED_FACE('',(#3285),#142,.F.);
#3541=ADVANCED_FACE('',(#3286),#143,.T.);
#3542=ADVANCED_FACE('',(#3287),#144,.F.);
#3543=ADVANCED_FACE('',(#3288),#145,.F.);
#3544=ADVANCED_FACE('',(#3289),#146,.T.);
#3545=ADVANCED_FACE('',(#3290),#147,.T.);
#3546=ADVANCED_FACE('',(#3291),#148,.T.);
#3547=ADVANCED_FACE('',(#3292),#149,.T.);
#3548=ADVANCED_FACE('',(#3293),#150,.T.);
#3549=ADVANCED_FACE('',(#3294),#151,.T.);
#3550=ADVANCED_FACE('',(#3295),#152,.T.);
#3551=ADVANCED_FACE('',(#3296),#153,.T.);
#3552=ADVANCED_FACE('',(#3297),#154,.T.);
#3553=ADVANCED_FACE('',(#3298),#155,.T.);
#3554=ADVANCED_FACE('',(#3299),#156,.T.);
#3555=ADVANCED_FACE('',(#3300),#157,.T.);
#3556=ADVANCED_FACE('',(#3301,#3302),#99,.F.);
#3557=ADVANCED_FACE('',(#3303,#3304),#100,.F.);
#3558=ADVANCED_FACE('',(#3305),#158,.T.);
#3559=ADVANCED_FACE('',(#3306),#159,.T.);
#3560=ADVANCED_FACE('',(#3307),#160,.F.);
#3561=ADVANCED_FACE('',(#3308),#161,.F.);
#3562=ADVANCED_FACE('',(#3309,#3310),#162,.F.);
#3563=ADVANCED_FACE('',(#3311,#3312),#163,.F.);
#3564=ADVANCED_FACE('',(#3313,#3314,#3315,#3316,#3317,#3318),#164,.T.);
#3565=ADVANCED_FACE('',(#3319),#165,.F.);
#3566=ADVANCED_FACE('',(#3320),#166,.F.);
#3567=ADVANCED_FACE('',(#3321),#167,.F.);
#3568=ADVANCED_FACE('',(#3322),#168,.F.);
#3569=ADVANCED_FACE('',(#3323),#169,.F.);
#3570=ADVANCED_FACE('',(#3324),#170,.F.);
#3571=ADVANCED_FACE('',(#3325),#171,.F.);
#3572=ADVANCED_FACE('',(#3326),#172,.F.);
#3573=ADVANCED_FACE('',(#3327),#173,.F.);
#3574=ADVANCED_FACE('',(#3328),#174,.F.);
#3575=ADVANCED_FACE('',(#3329),#175,.T.);
#3576=ADVANCED_FACE('',(#3330),#176,.T.);
#3577=ADVANCED_FACE('',(#3331),#177,.F.);
#3578=ADVANCED_FACE('',(#3332),#178,.F.);
#3579=ADVANCED_FACE('',(#3333),#179,.T.);
#3580=ADVANCED_FACE('',(#3334),#180,.F.);
#3581=ADVANCED_FACE('',(#3335),#181,.F.);
#3582=ADVANCED_FACE('',(#3336,#3337),#101,.F.);
#3583=ADVANCED_FACE('',(#3338,#3339),#102,.F.);
#3584=ADVANCED_FACE('',(#3340),#182,.F.);
#3585=ADVANCED_FACE('',(#3341),#183,.T.);
#3586=ADVANCED_FACE('',(#3342),#184,.F.);
#3587=ADVANCED_FACE('',(#3343),#185,.T.);
#3588=ADVANCED_FACE('',(#3344),#186,.T.);
#3589=ADVANCED_FACE('',(#3345),#187,.F.);
#3590=ADVANCED_FACE('',(#3346),#188,.F.);
#3591=ADVANCED_FACE('',(#3347),#189,.F.);
#3592=ADVANCED_FACE('',(#3348),#190,.F.);
#3593=ADVANCED_FACE('',(#3349),#191,.F.);
#3594=ADVANCED_FACE('',(#3350),#192,.F.);
#3595=ADVANCED_FACE('',(#3351),#193,.F.);
#3596=ADVANCED_FACE('',(#3352),#194,.F.);
#3597=ADVANCED_FACE('',(#3353),#195,.F.);
#3598=ADVANCED_FACE('',(#3354),#196,.F.);
#3599=ADVANCED_FACE('',(#3355),#197,.F.);
#3600=ADVANCED_FACE('',(#3356),#198,.F.);
#3601=ADVANCED_FACE('',(#3357),#199,.F.);
#3602=ADVANCED_FACE('',(#3358),#200,.F.);
#3603=ADVANCED_FACE('',(#3359),#201,.F.);
#3604=ADVANCED_FACE('',(#3360),#202,.F.);
#3605=ADVANCED_FACE('',(#3361),#203,.F.);
#3606=ADVANCED_FACE('',(#3362),#204,.F.);
#3607=ADVANCED_FACE('',(#3363),#205,.F.);
#3608=ADVANCED_FACE('',(#3364),#206,.F.);
#3609=ADVANCED_FACE('',(#3365),#207,.F.);
#3610=ADVANCED_FACE('',(#3366),#208,.F.);
#3611=ADVANCED_FACE('',(#3367),#209,.F.);
#3612=ADVANCED_FACE('',(#3368),#210,.F.);
#3613=ADVANCED_FACE('',(#3369),#211,.F.);
#3614=ADVANCED_FACE('',(#3370),#212,.F.);
#3615=ADVANCED_FACE('',(#3371),#213,.T.);
#3616=ADVANCED_FACE('',(#3372),#214,.T.);
#3617=ADVANCED_FACE('',(#3373),#215,.T.);
#3618=ADVANCED_FACE('',(#3374),#216,.T.);
#3619=ADVANCED_FACE('',(#3375),#103,.F.);
#3620=ADVANCED_FACE('',(#3376),#104,.F.);
#3621=ADVANCED_FACE('',(#3377),#217,.F.);
#3622=ADVANCED_FACE('',(#3378),#105,.F.);
#3623=ADVANCED_FACE('',(#3379),#218,.F.);
#3624=ADVANCED_FACE('',(#3380),#219,.F.);
#3625=ADVANCED_FACE('',(#3381),#16,.F.);
#3626=ADVANCED_FACE('',(#3382),#220,.T.);
#3627=ADVANCED_FACE('',(#3383),#17,.F.);
#3628=ADVANCED_FACE('',(#3384,#3385),#18,.F.);
#3629=ADVANCED_FACE('',(#3386,#3387),#19,.F.);
#3630=ADVANCED_FACE('',(#3388),#20,.F.);
#3631=ADVANCED_FACE('',(#3389),#221,.T.);
#3632=ADVANCED_FACE('',(#3390),#222,.F.);
#3633=ADVANCED_FACE('',(#3391),#223,.T.);
#3634=ADVANCED_FACE('',(#3392),#224,.F.);
#3635=ADVANCED_FACE('',(#3393),#225,.T.);
#3636=ADVANCED_FACE('',(#3394),#226,.F.);
#3637=ADVANCED_FACE('',(#3395),#227,.T.);
#3638=ADVANCED_FACE('',(#3396),#228,.T.);
#3639=ADVANCED_FACE('',(#3397),#229,.F.);
#3640=ADVANCED_FACE('',(#3398),#230,.F.);
#3641=ADVANCED_FACE('',(#3399),#231,.F.);
#3642=ADVANCED_FACE('',(#3400),#232,.T.);
#3643=ADVANCED_FACE('',(#3401),#233,.T.);
#3644=ADVANCED_FACE('',(#3402),#106,.T.);
#3645=ADVANCED_FACE('',(#3403),#107,.T.);
#3646=ADVANCED_FACE('',(#3404),#108,.T.);
#3647=ADVANCED_FACE('',(#3405),#109,.T.);
#3648=ADVANCED_FACE('',(#3406),#3480,.T.);
#3649=ADVANCED_FACE('',(#3407),#3481,.T.);
#3650=ADVANCED_FACE('',(#3408),#21,.T.);
#3651=ADVANCED_FACE('',(#3409),#234,.F.);
#3652=ADVANCED_FACE('',(#3410),#235,.T.);
#3653=ADVANCED_FACE('',(#3411),#3482,.T.);
#3654=ADVANCED_FACE('',(#3412),#236,.T.);
#3655=ADVANCED_FACE('',(#3413),#3483,.T.);
#3656=ADVANCED_FACE('',(#3414),#237,.F.);
#3657=ADVANCED_FACE('',(#3415),#22,.T.);
#3658=ADVANCED_FACE('',(#3416),#23,.T.);
#3659=ADVANCED_FACE('',(#3417),#238,.T.);
#3660=ADVANCED_FACE('',(#3418),#3484,.T.);
#3661=ADVANCED_FACE('',(#3419),#239,.T.);
#3662=ADVANCED_FACE('',(#3420),#3485,.T.);
#3663=ADVANCED_FACE('',(#3421),#240,.T.);
#3664=ADVANCED_FACE('',(#3422),#241,.T.);
#3665=ADVANCED_FACE('',(#3423),#24,.T.);
#3666=ADVANCED_FACE('',(#3424),#3486,.T.);
#3667=ADVANCED_FACE('',(#3425),#3487,.T.);
#3668=ADVANCED_FACE('',(#3426),#25,.F.);
#3669=ADVANCED_FACE('',(#3427),#3488,.F.);
#3670=ADVANCED_FACE('',(#3428),#3489,.F.);
#3671=ADVANCED_FACE('',(#3429),#242,.T.);
#3672=ADVANCED_FACE('',(#3430),#3490,.T.);
#3673=ADVANCED_FACE('',(#3431),#3491,.T.);
#3674=ADVANCED_FACE('',(#3432),#26,.F.);
#3675=ADVANCED_FACE('',(#3433),#3492,.T.);
#3676=ADVANCED_FACE('',(#3434),#3493,.T.);
#3677=ADVANCED_FACE('',(#3435),#243,.T.);
#3678=ADVANCED_FACE('',(#3436),#3494,.F.);
#3679=ADVANCED_FACE('',(#3437),#244,.T.);
#3680=ADVANCED_FACE('',(#3438),#245,.T.);
#3681=ADVANCED_FACE('',(#3439),#246,.T.);
#3682=ADVANCED_FACE('',(#3440),#247,.T.);
#3683=ADVANCED_FACE('',(#3441),#248,.T.);
#3684=ADVANCED_FACE('',(#3442),#249,.T.);
#3685=ADVANCED_FACE('',(#3443),#250,.T.);
#3686=ADVANCED_FACE('',(#3444),#251,.T.);
#3687=ADVANCED_FACE('',(#3445),#27,.F.);
#3688=ADVANCED_FACE('',(#3446),#252,.T.);
#3689=ADVANCED_FACE('',(#3447),#253,.T.);
#3690=ADVANCED_FACE('',(#3448),#28,.F.);
#3691=ADVANCED_FACE('',(#3449),#254,.T.);
#3692=ADVANCED_FACE('',(#3450),#255,.T.);
#3693=ADVANCED_FACE('',(#3451),#256,.T.);
#3694=ADVANCED_FACE('',(#3452),#257,.T.);
#3695=ADVANCED_FACE('',(#3453),#258,.T.);
#3696=ADVANCED_FACE('',(#3454),#259,.T.);
#3697=ADVANCED_FACE('',(#3455),#260,.T.);
#3698=ADVANCED_FACE('',(#3456),#261,.T.);
#3699=ADVANCED_FACE('',(#3457),#262,.T.);
#3700=ADVANCED_FACE('',(#3458),#263,.T.);
#3701=ADVANCED_FACE('',(#3459),#264,.T.);
#3702=ADVANCED_FACE('',(#3460),#265,.T.);
#3703=ADVANCED_FACE('',(#3461),#266,.T.);
#3704=ADVANCED_FACE('',(#3462),#267,.T.);
#3705=ADVANCED_FACE('',(#3463),#3495,.F.);
#3706=ADVANCED_FACE('',(#3464,#3465,#3466,#3467),#268,.T.);
#3707=ADVANCED_FACE('',(#3468),#12,.T.);
#3708=ADVANCED_FACE('',(#3469),#13,.T.);
#3709=ADVANCED_FACE('',(#3470),#14,.T.);
#3710=ADVANCED_FACE('',(#3471),#15,.T.);
#3711=CLOSED_SHELL('',(#3496,#3497,#3498,#3499,#3500,#3501,#3502,#3503,
#3504,#3505,#3506,#3507,#3508,#3509,#3510,#3511,#3512,#3513,#3514,#3515,
#3516,#3517,#3518,#3519,#3520,#3521,#3522,#3523,#3524,#3525,#3526,#3527,
#3528,#3529,#3530,#3531,#3532,#3533,#3534,#3535,#3536,#3537,#3538,#3539,
#3540,#3541,#3542,#3543,#3544,#3545,#3546,#3547,#3548,#3549,#3550,#3551,
#3552,#3553,#3554,#3555,#3556,#3557,#3558,#3559,#3560,#3561,#3562,#3563,
#3564,#3565,#3566,#3567,#3568,#3569,#3570,#3571,#3572,#3573,#3574,#3575,
#3576,#3577,#3578,#3579,#3580,#3581,#3582,#3583,#3584,#3585,#3586,#3587,
#3588,#3589,#3590,#3591,#3592,#3593,#3594,#3595,#3596,#3597,#3598,#3599,
#3600,#3601,#3602,#3603,#3604,#3605,#3606,#3607,#3608,#3609,#3610,#3611,
#3612,#3613,#3614,#3615,#3616,#3617,#3618,#3619,#3620,#3621,#3622,#3623,
#3624,#3625,#3626,#3627,#3628,#3629,#3630,#3631,#3632,#3633,#3634,#3635,
#3636,#3637,#3638,#3639,#3640,#3641,#3642,#3643,#3644,#3645,#3646,#3647,
#3648,#3649,#3650,#3651,#3652,#3653,#3654,#3655,#3656,#3657,#3658,#3659,
#3660,#3661,#3662,#3663,#3664,#3665,#3666,#3667,#3668,#3669,#3670,#3671,
#3672,#3673,#3674,#3675,#3676,#3677,#3678,#3679,#3680,#3681,#3682,#3683,
#3684,#3685,#3686,#3687,#3688,#3689,#3690,#3691,#3692,#3693,#3694,#3695,
#3696,#3697,#3698,#3699,#3700,#3701,#3702,#3703,#3704,#3705,#3706,#3707,
#3708,#3709,#3710));
#3712=STYLED_ITEM('',(#3713),#3720);
#3713=PRESENTATION_STYLE_ASSIGNMENT((#3714));
#3714=SURFACE_STYLE_USAGE(.BOTH.,#3715);
#3715=SURFACE_SIDE_STYLE('',(#3716));
#3716=SURFACE_STYLE_FILL_AREA(#3717);
#3717=FILL_AREA_STYLE('',(#3718));
#3718=FILL_AREA_STYLE_COLOUR('',#3719);
#3719=COLOUR_RGB('',0.188235294117647,0.188235294117647,0.188235294117647);
#3720=MANIFOLD_SOLID_BREP('Klicky_Module',#3711);
#3721=SHAPE_DEFINITION_REPRESENTATION(#6536,#3722);
#3722=SHAPE_REPRESENTATION('Klicky_Module',(#3723),#6531);
#3723=AXIS2_PLACEMENT_3D('',#4857,#3977,#3978);
#3724=AXIS2_PLACEMENT_3D('',#4990,#3991,#3992);
#3725=AXIS2_PLACEMENT_3D('',#5017,#3998,#3999);
#3726=AXIS2_PLACEMENT_3D('',#5068,#4003,#4004);
#3727=AXIS2_PLACEMENT_3D('',#5081,#4006,#4007);
#3728=AXIS2_PLACEMENT_3D('',#5095,#4010,#4011);
#3729=AXIS2_PLACEMENT_3D('',#5108,#4013,#4014);
#3730=AXIS2_PLACEMENT_3D('',#5122,#4017,#4018);
#3731=AXIS2_PLACEMENT_3D('',#5123,#4019,#4020);
#3732=AXIS2_PLACEMENT_3D('',#5128,#4022,#4023);
#3733=AXIS2_PLACEMENT_3D('',#5132,#4025,#4026);
#3734=AXIS2_PLACEMENT_3D('',#5134,#4027,#4028);
#3735=AXIS2_PLACEMENT_3D('',#5136,#4029,#4030);
#3736=AXIS2_PLACEMENT_3D('',#5140,#4032,#4033);
#3737=AXIS2_PLACEMENT_3D('',#5143,#4035,#4036);
#3738=AXIS2_PLACEMENT_3D('',#5144,#4037,#4038);
#3739=AXIS2_PLACEMENT_3D('',#5145,#4039,#4040);
#3740=AXIS2_PLACEMENT_3D('',#5150,#4042,#4043);
#3741=AXIS2_PLACEMENT_3D('',#5154,#4045,#4046);
#3742=AXIS2_PLACEMENT_3D('',#5156,#4047,#4048);
#3743=AXIS2_PLACEMENT_3D('',#5158,#4049,#4050);
#3744=AXIS2_PLACEMENT_3D('',#5162,#4052,#4053);
#3745=AXIS2_PLACEMENT_3D('',#5165,#4055,#4056);
#3746=AXIS2_PLACEMENT_3D('',#5166,#4057,#4058);
#3747=AXIS2_PLACEMENT_3D('',#5177,#4061,#4062);
#3748=AXIS2_PLACEMENT_3D('',#5178,#4063,#4064);
#3749=AXIS2_PLACEMENT_3D('',#5189,#4067,#4068);
#3750=AXIS2_PLACEMENT_3D('',#5190,#4069,#4070);
#3751=AXIS2_PLACEMENT_3D('',#5201,#4073,#4074);
#3752=AXIS2_PLACEMENT_3D('',#5202,#4075,#4076);
#3753=AXIS2_PLACEMENT_3D('',#5213,#4079,#4080);
#3754=AXIS2_PLACEMENT_3D('',#5214,#4081,#4082);
#3755=AXIS2_PLACEMENT_3D('',#5225,#4088,#4089);
#3756=AXIS2_PLACEMENT_3D('',#5233,#4094,#4095);
#3757=AXIS2_PLACEMENT_3D('',#5244,#4101,#4102);
#3758=AXIS2_PLACEMENT_3D('',#5252,#4107,#4108);
#3759=AXIS2_PLACEMENT_3D('',#5258,#4112,#4113);
#3760=AXIS2_PLACEMENT_3D('',#5261,#4116,#4117);
#3761=AXIS2_PLACEMENT_3D('',#5264,#4120,#4121);
#3762=AXIS2_PLACEMENT_3D('',#5267,#4124,#4125);
#3763=AXIS2_PLACEMENT_3D('',#5270,#4128,#4129);
#3764=AXIS2_PLACEMENT_3D('',#5276,#4133,#4134);
#3765=AXIS2_PLACEMENT_3D('',#5279,#4137,#4138);
#3766=AXIS2_PLACEMENT_3D('',#5282,#4141,#4142);
#3767=AXIS2_PLACEMENT_3D('',#5285,#4145,#4146);
#3768=AXIS2_PLACEMENT_3D('',#5286,#4147,#4148);
#3769=AXIS2_PLACEMENT_3D('',#5287,#4149,#4150);
#3770=AXIS2_PLACEMENT_3D('',#5288,#4151,#4152);
#3771=AXIS2_PLACEMENT_3D('',#5289,#4153,#4154);
#3772=AXIS2_PLACEMENT_3D('',#5290,#4155,#4156);
#3773=AXIS2_PLACEMENT_3D('',#5291,#4157,#4158);
#3774=AXIS2_PLACEMENT_3D('',#5292,#4159,#4160);
#3775=AXIS2_PLACEMENT_3D('',#5293,#4161,#4162);
#3776=AXIS2_PLACEMENT_3D('',#5294,#4163,#4164);
#3777=AXIS2_PLACEMENT_3D('',#5295,#4165,#4166);
#3778=AXIS2_PLACEMENT_3D('',#5296,#4167,#4168);
#3779=AXIS2_PLACEMENT_3D('',#5297,#4169,#4170);
#3780=AXIS2_PLACEMENT_3D('',#5308,#4176,#4177);
#3781=AXIS2_PLACEMENT_3D('',#5316,#4182,#4183);
#3782=AXIS2_PLACEMENT_3D('',#5327,#4189,#4190);
#3783=AXIS2_PLACEMENT_3D('',#5335,#4195,#4196);
#3784=AXIS2_PLACEMENT_3D('',#5341,#4200,#4201);
#3785=AXIS2_PLACEMENT_3D('',#5344,#4204,#4205);
#3786=AXIS2_PLACEMENT_3D('',#5347,#4208,#4209);
#3787=AXIS2_PLACEMENT_3D('',#5350,#4212,#4213);
#3788=AXIS2_PLACEMENT_3D('',#5353,#4216,#4217);
#3789=AXIS2_PLACEMENT_3D('',#5359,#4221,#4222);
#3790=AXIS2_PLACEMENT_3D('',#5362,#4225,#4226);
#3791=AXIS2_PLACEMENT_3D('',#5365,#4229,#4230);
#3792=AXIS2_PLACEMENT_3D('',#5368,#4233,#4234);
#3793=AXIS2_PLACEMENT_3D('',#5369,#4235,#4236);
#3794=AXIS2_PLACEMENT_3D('',#5370,#4237,#4238);
#3795=AXIS2_PLACEMENT_3D('',#5371,#4239,#4240);
#3796=AXIS2_PLACEMENT_3D('',#5372,#4241,#4242);
#3797=AXIS2_PLACEMENT_3D('',#5373,#4243,#4244);
#3798=AXIS2_PLACEMENT_3D('',#5374,#4245,#4246);
#3799=AXIS2_PLACEMENT_3D('',#5375,#4247,#4248);
#3800=AXIS2_PLACEMENT_3D('',#5376,#4249,#4250);
#3801=AXIS2_PLACEMENT_3D('',#5377,#4251,#4252);
#3802=AXIS2_PLACEMENT_3D('',#5378,#4253,#4254);
#3803=AXIS2_PLACEMENT_3D('',#5379,#4255,#4256);
#3804=AXIS2_PLACEMENT_3D('',#5380,#4257,#4258);
#3805=AXIS2_PLACEMENT_3D('',#5381,#4259,#4260);
#3806=AXIS2_PLACEMENT_3D('',#5383,#4261,#4262);
#3807=AXIS2_PLACEMENT_3D('',#5384,#4263,#4264);
#3808=AXIS2_PLACEMENT_3D('',#5386,#4265,#4266);
#3809=AXIS2_PLACEMENT_3D('',#5388,#4268,#4269);
#3810=AXIS2_PLACEMENT_3D('',#5390,#4271,#4272);
#3811=AXIS2_PLACEMENT_3D('',#5399,#4277,#4278);
#3812=AXIS2_PLACEMENT_3D('',#5408,#4283,#4284);
#3813=AXIS2_PLACEMENT_3D('',#5411,#4286,#4287);
#3814=AXIS2_PLACEMENT_3D('',#5412,#4288,#4289);
#3815=AXIS2_PLACEMENT_3D('',#5415,#4291,#4292);
#3816=AXIS2_PLACEMENT_3D('',#5418,#4294,#4295);
#3817=AXIS2_PLACEMENT_3D('',#5419,#4296,#4297);
#3818=AXIS2_PLACEMENT_3D('',#5422,#4299,#4300);
#3819=AXIS2_PLACEMENT_3D('',#5446,#4301,#4302);
#3820=AXIS2_PLACEMENT_3D('',#5454,#4306,#4307);
#3821=AXIS2_PLACEMENT_3D('',#5504,#4309,#4310);
#3822=AXIS2_PLACEMENT_3D('',#5512,#4314,#4315);
#3823=AXIS2_PLACEMENT_3D('',#5540,#4318,#4319);
#3824=AXIS2_PLACEMENT_3D('',#5544,#4321,#4322);
#3825=AXIS2_PLACEMENT_3D('',#5545,#4323,#4324);
#3826=AXIS2_PLACEMENT_3D('',#5547,#4325,#4326);
#3827=AXIS2_PLACEMENT_3D('',#5549,#4327,#4328);
#3828=AXIS2_PLACEMENT_3D('',#5553,#4330,#4331);
#3829=AXIS2_PLACEMENT_3D('',#5568,#4339,#4340);
#3830=AXIS2_PLACEMENT_3D('',#5581,#4347,#4348);
#3831=AXIS2_PLACEMENT_3D('',#5585,#4351,#4352);
#3832=AXIS2_PLACEMENT_3D('',#5598,#4359,#4360);
#3833=AXIS2_PLACEMENT_3D('',#5611,#4367,#4368);
#3834=AXIS2_PLACEMENT_3D('',#5626,#4376,#4377);
#3835=AXIS2_PLACEMENT_3D('',#5639,#4384,#4385);
#3836=AXIS2_PLACEMENT_3D('',#5643,#4388,#4389);
#3837=AXIS2_PLACEMENT_3D('',#5649,#4393,#4394);
#3838=AXIS2_PLACEMENT_3D('',#5655,#4398,#4399);
#3839=AXIS2_PLACEMENT_3D('',#5660,#4403,#4404);
#3840=AXIS2_PLACEMENT_3D('',#5664,#4406,#4407);
#3841=AXIS2_PLACEMENT_3D('',#5665,#4408,#4409);
#3842=AXIS2_PLACEMENT_3D('',#5670,#4413,#4414);
#3843=AXIS2_PLACEMENT_3D('',#5674,#4416,#4417);
#3844=AXIS2_PLACEMENT_3D('',#5675,#4418,#4419);
#3845=AXIS2_PLACEMENT_3D('',#5685,#4425,#4426);
#3846=AXIS2_PLACEMENT_3D('',#5695,#4432,#4433);
#3847=AXIS2_PLACEMENT_3D('',#5701,#4437,#4438);
#3848=AXIS2_PLACEMENT_3D('',#5702,#4439,#4440);
#3849=AXIS2_PLACEMENT_3D('',#5708,#4444,#4445);
#3850=AXIS2_PLACEMENT_3D('',#5714,#4449,#4450);
#3851=AXIS2_PLACEMENT_3D('',#5715,#4451,#4452);
#3852=AXIS2_PLACEMENT_3D('',#5717,#4453,#4454);
#3853=AXIS2_PLACEMENT_3D('',#5724,#4455,#4456);
#3854=AXIS2_PLACEMENT_3D('',#5729,#4457,#4458);
#3855=AXIS2_PLACEMENT_3D('',#5730,#4459,#4460);
#3856=AXIS2_PLACEMENT_3D('',#5737,#4461,#4462);
#3857=AXIS2_PLACEMENT_3D('',#5743,#4463,#4464);
#3858=AXIS2_PLACEMENT_3D('',#5755,#4469,#4470);
#3859=AXIS2_PLACEMENT_3D('',#5759,#4473,#4474);
#3860=AXIS2_PLACEMENT_3D('',#5767,#4477,#4478);
#3861=AXIS2_PLACEMENT_3D('',#5777,#4482,#4483);
#3862=AXIS2_PLACEMENT_3D('',#5785,#4486,#4487);
#3863=AXIS2_PLACEMENT_3D('',#5791,#4491,#4492);
#3864=AXIS2_PLACEMENT_3D('',#5796,#4496,#4497);
#3865=AXIS2_PLACEMENT_3D('',#5800,#4500,#4501);
#3866=AXIS2_PLACEMENT_3D('',#5806,#4505,#4506);
#3867=AXIS2_PLACEMENT_3D('',#5812,#4510,#4511);
#3868=AXIS2_PLACEMENT_3D('',#5815,#4514,#4515);
#3869=AXIS2_PLACEMENT_3D('',#5819,#4518,#4519);
#3870=AXIS2_PLACEMENT_3D('',#5823,#4522,#4523);
#3871=AXIS2_PLACEMENT_3D('',#5827,#4526,#4527);
#3872=AXIS2_PLACEMENT_3D('',#5831,#4530,#4531);
#3873=AXIS2_PLACEMENT_3D('',#5837,#4535,#4536);
#3874=AXIS2_PLACEMENT_3D('',#5840,#4539,#4540);
#3875=AXIS2_PLACEMENT_3D('',#5844,#4543,#4544);
#3876=AXIS2_PLACEMENT_3D('',#5848,#4547,#4548);
#3877=AXIS2_PLACEMENT_3D('',#5852,#4551,#4552);
#3878=AXIS2_PLACEMENT_3D('',#5858,#4556,#4557);
#3879=AXIS2_PLACEMENT_3D('',#5863,#4561,#4562);
#3880=AXIS2_PLACEMENT_3D('',#5865,#4564,#4565);
#3881=AXIS2_PLACEMENT_3D('',#5869,#4568,#4569);
#3882=AXIS2_PLACEMENT_3D('',#5871,#4571,#4572);
#3883=AXIS2_PLACEMENT_3D('',#5875,#4575,#4576);
#3884=AXIS2_PLACEMENT_3D('',#5877,#4578,#4579);
#3885=AXIS2_PLACEMENT_3D('',#5879,#4581,#4582);
#3886=AXIS2_PLACEMENT_3D('',#5883,#4585,#4586);
#3887=AXIS2_PLACEMENT_3D('',#5887,#4589,#4590);
#3888=AXIS2_PLACEMENT_3D('',#5889,#4592,#4593);
#3889=AXIS2_PLACEMENT_3D('',#5893,#4596,#4597);
#3890=AXIS2_PLACEMENT_3D('',#5897,#4599,#4600);
#3891=AXIS2_PLACEMENT_3D('',#5898,#4601,#4602);
#3892=AXIS2_PLACEMENT_3D('',#5899,#4603,#4604);
#3893=AXIS2_PLACEMENT_3D('',#5900,#4605,#4606);
#3894=AXIS2_PLACEMENT_3D('',#5906,#4610,#4611);
#3895=AXIS2_PLACEMENT_3D('',#5907,#4612,#4613);
#3896=AXIS2_PLACEMENT_3D('',#5908,#4614,#4615);
#3897=AXIS2_PLACEMENT_3D('',#5911,#4617,#4618);
#3898=AXIS2_PLACEMENT_3D('',#5914,#4620,#4621);
#3899=AXIS2_PLACEMENT_3D('',#5916,#4623,#4624);
#3900=AXIS2_PLACEMENT_3D('',#5919,#4626,#4627);
#3901=AXIS2_PLACEMENT_3D('',#5922,#4629,#4630);
#3902=AXIS2_PLACEMENT_3D('',#5924,#4632,#4633);
#3903=AXIS2_PLACEMENT_3D('',#5933,#4634,#4635);
#3904=AXIS2_PLACEMENT_3D('',#5934,#4636,#4637);
#3905=AXIS2_PLACEMENT_3D('',#5943,#4638,#4639);
#3906=AXIS2_PLACEMENT_3D('',#5944,#4640,#4641);
#3907=AXIS2_PLACEMENT_3D('',#5945,#4642,#4643);
#3908=AXIS2_PLACEMENT_3D('',#5946,#4644,#4645);
#3909=AXIS2_PLACEMENT_3D('',#5955,#4646,#4647);
#3910=AXIS2_PLACEMENT_3D('',#5956,#4648,#4649);
#3911=AXIS2_PLACEMENT_3D('',#5958,#4651,#4652);
#3912=AXIS2_PLACEMENT_3D('',#5959,#4653,#4654);
#3913=AXIS2_PLACEMENT_3D('',#5961,#4656,#4657);
#3914=AXIS2_PLACEMENT_3D('',#5962,#4658,#4659);
#3915=AXIS2_PLACEMENT_3D('',#5964,#4661,#4662);
#3916=AXIS2_PLACEMENT_3D('',#5965,#4663,#4664);
#3917=AXIS2_PLACEMENT_3D('',#5969,#4667,#4668);
#3918=AXIS2_PLACEMENT_3D('',#5973,#4671,#4672);
#3919=AXIS2_PLACEMENT_3D('',#5977,#4675,#4676);
#3920=AXIS2_PLACEMENT_3D('',#5981,#4679,#4680);
#3921=AXIS2_PLACEMENT_3D('',#5982,#4681,#4682);
#3922=AXIS2_PLACEMENT_3D('',#5983,#4683,#4684);
#3923=AXIS2_PLACEMENT_3D('',#5984,#4685,#4686);
#3924=AXIS2_PLACEMENT_3D('',#5985,#4687,#4688);
#3925=AXIS2_PLACEMENT_3D('',#5986,#4689,#4690);
#3926=AXIS2_PLACEMENT_3D('',#5987,#4691,#4692);
#3927=AXIS2_PLACEMENT_3D('',#5988,#4693,#4694);
#3928=AXIS2_PLACEMENT_3D('',#5989,#4695,#4696);
#3929=AXIS2_PLACEMENT_3D('',#5990,#4697,#4698);
#3930=AXIS2_PLACEMENT_3D('',#6031,#4699,#4700);
#3931=AXIS2_PLACEMENT_3D('',#6033,#4702,#4703);
#3932=AXIS2_PLACEMENT_3D('',#6038,#4704,#4705);
#3933=AXIS2_PLACEMENT_3D('',#6052,#4707,#4708);
#3934=AXIS2_PLACEMENT_3D('',#6078,#4710,#4711);
#3935=AXIS2_PLACEMENT_3D('',#6080,#4713,#4714);
#3936=AXIS2_PLACEMENT_3D('',#6082,#4716,#4717);
#3937=AXIS2_PLACEMENT_3D('',#6087,#4718,#4719);
#3938=AXIS2_PLACEMENT_3D('',#6113,#4721,#4722);
#3939=AXIS2_PLACEMENT_3D('',#6127,#4724,#4725);
#3940=AXIS2_PLACEMENT_3D('',#6129,#4727,#4728);
#3941=AXIS2_PLACEMENT_3D('',#6134,#4729,#4730);
#3942=AXIS2_PLACEMENT_3D('',#6171,#4731,#4732);
#3943=AXIS2_PLACEMENT_3D('',#6172,#4733,#4734);
#3944=AXIS2_PLACEMENT_3D('',#6210,#4737,#4738);
#3945=AXIS2_PLACEMENT_3D('',#6249,#4742,#4743);
#3946=AXIS2_PLACEMENT_3D('',#6250,#4744,#4745);
#3947=AXIS2_PLACEMENT_3D('',#6289,#4748,#4749);
#3948=AXIS2_PLACEMENT_3D('',#6307,#4753,#4754);
#3949=AXIS2_PLACEMENT_3D('',#6313,#4758,#4759);
#3950=AXIS2_PLACEMENT_3D('',#6317,#4762,#4763);
#3951=AXIS2_PLACEMENT_3D('',#6321,#4766,#4767);
#3952=AXIS2_PLACEMENT_3D('',#6325,#4770,#4771);
#3953=AXIS2_PLACEMENT_3D('',#6329,#4774,#4775);
#3954=AXIS2_PLACEMENT_3D('',#6333,#4778,#4779);
#3955=AXIS2_PLACEMENT_3D('',#6337,#4782,#4783);
#3956=AXIS2_PLACEMENT_3D('',#6344,#4785,#4786);
#3957=AXIS2_PLACEMENT_3D('',#6350,#4787,#4788);
#3958=AXIS2_PLACEMENT_3D('',#6356,#4789,#4790);
#3959=AXIS2_PLACEMENT_3D('',#6362,#4794,#4795);
#3960=AXIS2_PLACEMENT_3D('',#6369,#4797,#4798);
#3961=AXIS2_PLACEMENT_3D('',#6370,#4799,#4800);
#3962=AXIS2_PLACEMENT_3D('',#6381,#4801,#4802);
#3963=AXIS2_PLACEMENT_3D('',#6390,#4805,#4806);
#3964=AXIS2_PLACEMENT_3D('',#6394,#4809,#4810);
#3965=AXIS2_PLACEMENT_3D('',#6398,#4813,#4814);
#3966=AXIS2_PLACEMENT_3D('',#6402,#4817,#4818);
#3967=AXIS2_PLACEMENT_3D('',#6406,#4821,#4822);
#3968=AXIS2_PLACEMENT_3D('',#6410,#4825,#4826);
#3969=AXIS2_PLACEMENT_3D('',#6416,#4830,#4831);
#3970=AXIS2_PLACEMENT_3D('',#6420,#4834,#4835);
#3971=AXIS2_PLACEMENT_3D('',#6424,#4838,#4839);
#3972=AXIS2_PLACEMENT_3D('',#6428,#4842,#4843);
#3973=AXIS2_PLACEMENT_3D('',#6432,#4846,#4847);
#3974=AXIS2_PLACEMENT_3D('',#6439,#4849,#4850);
#3975=AXIS2_PLACEMENT_3D('',#6441,#4852,#4853);
#3976=AXIS2_PLACEMENT_3D('',#6465,#4855,#4856);
#3977=DIRECTION('',(0.,0.,1.));
#3978=DIRECTION('',(1.,0.,0.));
#3979=DIRECTION('',(2.25236016820326E-28,4.13836134804908E-14,-1.));
#3980=DIRECTION('',(2.25236016820326E-28,4.13836134804908E-14,-1.));
#3981=DIRECTION('',(2.25236016820326E-28,4.13836134804908E-14,-1.));
#3982=DIRECTION('',(2.25236016820326E-28,4.13836134804908E-14,-1.));
#3983=DIRECTION('',(2.25236016820326E-28,4.13836134804908E-14,-1.));
#3984=DIRECTION('',(2.25236016820326E-28,4.13836134804908E-14,-1.));
#3985=DIRECTION('',(2.25236016820326E-28,4.13836134804908E-14,-1.));
#3986=DIRECTION('',(2.25236016820326E-28,4.13836134804908E-14,-1.));
#3987=DIRECTION('',(2.25236016820326E-28,4.13836134804908E-14,-1.));
#3988=DIRECTION('',(2.25236016820326E-28,4.13836134804908E-14,-1.));
#3989=DIRECTION('',(2.25236016820326E-28,4.13836134804908E-14,-1.));
#3990=DIRECTION('',(2.25236016820326E-28,4.13836134804908E-14,-1.));
#3991=DIRECTION('',(1.06611044222201E-16,1.,2.7755575615629E-17));
#3992=DIRECTION('',(-1.,1.06611044222201E-16,-3.8111167364368E-16));
#3993=DIRECTION('',(2.25236016820326E-28,4.13836134804908E-14,-1.));
#3994=DIRECTION('',(-1.,1.06611044222201E-16,-2.20824066573483E-28));
#3995=DIRECTION('',(2.25236016820326E-28,4.13836134804908E-14,-1.));
#3996=DIRECTION('',(1.,-1.06611044222201E-16,2.20824066573483E-28));
#3997=DIRECTION('',(2.25236016820326E-28,4.13836134804908E-14,-1.));
#3998=DIRECTION('',(0.,1.,4.13836134804908E-14));
#3999=DIRECTION('',(0.,-4.13836134804908E-14,1.));
#4000=DIRECTION('',(-1.,9.32108026197769E-42,-2.25236016820326E-28));
#4001=DIRECTION('',(-1.,9.32108026197769E-42,-2.25236016820326E-28));
#4002=DIRECTION('',(2.25236016820326E-28,4.13836134804908E-14,-1.));
#4003=DIRECTION('',(-0.707106781186546,-1.73730274249931E-12,0.707106781186549));
#4004=DIRECTION('',(2.12806681050619E-12,-1.,-3.2885028988431E-13));
#4005=DIRECTION('',(-2.41553348691001E-12,1.,4.13836134804908E-14));
#4006=DIRECTION('',(-0.707106781186546,-1.73730274249931E-12,0.707106781186549));
#4007=DIRECTION('',(-0.707106781186549,-1.6787774750552E-12,-0.707106781186547));
#4008=DIRECTION('',(-2.41553348691001E-12,1.,4.13836134804908E-14));
#4009=DIRECTION('',(2.12817303850863E-12,-1.,-3.28744061881862E-13));
#4010=DIRECTION('',(-0.707106781186547,-1.2722382025546E-12,-0.707106781186548));
#4011=DIRECTION('',(-2.12806681050619E-12,1.,3.2885028988431E-13));
#4012=DIRECTION('',(1.84060013410237E-12,-1.,-4.13836134804908E-14));
#4013=DIRECTION('',(-0.707106781186547,-1.2722382025546E-12,-0.707106781186548));
#4014=DIRECTION('',(0.707106781186548,1.33076346999871E-12,-0.707106781186547));
#4015=DIRECTION('',(1.84060013410237E-12,-1.,-4.13836134804908E-14));
#4016=DIRECTION('',(2.1274348585066E-12,-1.,-3.28218337884718E-13));
#4017=DIRECTION('',(2.25236016820326E-28,4.13836134804908E-14,-1.));
#4018=DIRECTION('',(0.,1.,4.13836134804908E-14));
#4019=DIRECTION('',(2.25236016820326E-28,4.13836134804908E-14,-1.));
#4020=DIRECTION('',(0.,1.,4.13836134804908E-14));
#4021=DIRECTION('',(2.25236016820326E-28,4.13836134804908E-14,-1.));
#4022=DIRECTION('',(2.25236016820326E-28,4.13836134804908E-14,-1.));
#4023=DIRECTION('',(0.,1.,4.13836134804908E-14));
#4024=DIRECTION('',(2.25236016820326E-28,4.13836134804908E-14,-1.));
#4025=DIRECTION('',(2.25236016820326E-28,4.13836134804908E-14,-1.));
#4026=DIRECTION('',(0.,1.,4.13836134804908E-14));
#4027=DIRECTION('',(2.25236016820326E-28,4.13836134804908E-14,-1.));
#4028=DIRECTION('',(0.,1.,4.13836134804908E-14));
#4029=DIRECTION('',(2.25236016820326E-28,4.13836134804908E-14,-1.));
#4030=DIRECTION('',(0.,1.,4.13836134804908E-14));
#4031=DIRECTION('',(2.25236016820326E-28,4.13836134804908E-14,-1.));
#4032=DIRECTION('',(2.25236016820326E-28,4.13836134804908E-14,-1.));
#4033=DIRECTION('',(0.,1.,4.13836134804908E-14));
#4034=DIRECTION('',(2.25236016820326E-28,4.13836134804908E-14,-1.));
#4035=DIRECTION('',(2.25236016820326E-28,4.13836134804908E-14,-1.));
#4036=DIRECTION('',(0.,1.,4.13836134804908E-14));
#4037=DIRECTION('',(2.25236016820326E-28,4.13836134804908E-14,-1.));
#4038=DIRECTION('',(0.,1.,4.13836134804908E-14));
#4039=DIRECTION('',(2.25236016820326E-28,4.13836134804908E-14,-1.));
#4040=DIRECTION('',(0.,1.,4.13836134804908E-14));
#4041=DIRECTION('',(2.25236016820326E-28,4.13836134804908E-14,-1.));
#4042=DIRECTION('',(2.25236016820326E-28,4.13836134804908E-14,-1.));
#4043=DIRECTION('',(0.,1.,4.13836134804908E-14));
#4044=DIRECTION('',(2.25236016820326E-28,4.13836134804908E-14,-1.));
#4045=DIRECTION('',(2.25236016820326E-28,4.13836134804908E-14,-1.));
#4046=DIRECTION('',(0.,1.,4.13836134804908E-14));
#4047=DIRECTION('',(2.25236016820326E-28,4.13836134804908E-14,-1.));
#4048=DIRECTION('',(0.,1.,4.13836134804908E-14));
#4049=DIRECTION('',(2.25236016820326E-28,4.13836134804908E-14,-1.));
#4050=DIRECTION('',(0.,1.,4.13836134804908E-14));
#4051=DIRECTION('',(2.25236016820326E-28,4.13836134804908E-14,-1.));
#4052=DIRECTION('',(2.25236016820326E-28,4.13836134804908E-14,-1.));
#4053=DIRECTION('',(0.,1.,4.13836134804908E-14));
#4054=DIRECTION('',(2.25236016820326E-28,4.13836134804908E-14,-1.));
#4055=DIRECTION('',(2.25236016820326E-28,4.13836134804908E-14,-1.));
#4056=DIRECTION('',(0.,1.,4.13836134804908E-14));
#4057=DIRECTION('',(4.29653597794734E-16,1.04237655208024E-15,1.));
#4058=DIRECTION('',(0.,-1.,1.04237655208024E-15));
#4059=DIRECTION('',(4.29653597794397E-16,5.55116187491897E-17,1.));
#4060=DIRECTION('',(4.29653597794734E-16,1.04237655208024E-15,1.));
#4061=DIRECTION('',(-4.15056985095542E-16,-8.416419531218E-16,-1.));
#4062=DIRECTION('',(0.,1.,-8.416419531218E-16));
#4063=DIRECTION('',(4.29653597794734E-16,1.04237655208024E-15,1.));
#4064=DIRECTION('',(0.,-1.,1.04237655208024E-15));
#4065=DIRECTION('',(4.29653597794734E-16,1.04237655208024E-15,1.));
#4066=DIRECTION('',(4.29653597794397E-16,5.55116187491897E-17,1.));
#4067=DIRECTION('',(-4.15056985095542E-16,-8.416419531218E-16,-1.));
#4068=DIRECTION('',(0.,1.,-8.416419531218E-16));
#4069=DIRECTION('',(3.08608184092278E-16,1.16573470525188E-15,1.));
#4070=DIRECTION('',(0.,-1.,1.16573470525188E-15));
#4071=DIRECTION('',(3.08608184092278E-16,1.16573470525188E-15,1.));
#4072=DIRECTION('',(-3.08608184092117E-16,-7.02559778457393E-16,-1.));
#4073=DIRECTION('',(-4.15056985095542E-16,-8.416419531218E-16,-1.));
#4074=DIRECTION('',(0.,1.,-8.416419531218E-16));
#4075=DIRECTION('',(3.08608184092278E-16,1.16573470525188E-15,1.));
#4076=DIRECTION('',(0.,-1.,1.16573470525188E-15));
#4077=DIRECTION('',(-3.08608184092117E-16,-7.02559778457393E-16,-1.));
#4078=DIRECTION('',(3.08608184092278E-16,1.16573470525188E-15,1.));
#4079=DIRECTION('',(-4.15056985095542E-16,-8.416419531218E-16,-1.));
#4080=DIRECTION('',(0.,1.,-8.416419531218E-16));
#4081=DIRECTION('',(1.,-9.32108026197769E-42,2.25236016820326E-28));
#4082=DIRECTION('',(0.,-1.,-4.13836134804908E-14));
#4083=DIRECTION('',(0.,-1.,-4.13836134804908E-14));
#4084=DIRECTION('',(-2.25236016820326E-28,-4.13836134804908E-14,1.));
#4085=DIRECTION('',(-2.25236016820326E-28,-4.13836134804908E-14,1.));
#4086=DIRECTION('',(0.,-1.,-4.13836134804908E-14));
#4087=DIRECTION('',(2.25236016820326E-28,4.13836134804908E-14,-1.));
#4088=DIRECTION('',(1.,-9.32108026197769E-42,2.25236016820326E-28));
#4089=DIRECTION('',(0.,-1.,-4.13836134804908E-14));
#4090=DIRECTION('',(0.,-1.,-4.13836134804908E-14));
#4091=DIRECTION('',(0.,-1.,-4.13836134804908E-14));
#4092=DIRECTION('',(-2.25236016820326E-28,-4.13836134804908E-14,1.));
#4093=DIRECTION('',(-2.25236016820326E-28,-4.13836134804908E-14,1.));
#4094=DIRECTION('',(1.,-9.32108026197769E-42,2.25236016820326E-28));
#4095=DIRECTION('',(0.,-1.,-4.13836134804908E-14));
#4096=DIRECTION('',(0.,-1.,-4.13836134804908E-14));
#4097=DIRECTION('',(-2.25236016820326E-28,-4.13836134804908E-14,1.));
#4098=DIRECTION('',(-2.25236016820326E-28,-4.13836134804908E-14,1.));
#4099=DIRECTION('',(0.,-1.,-4.13836134804908E-14));
#4100=DIRECTION('',(2.25236016820326E-28,4.13836134804908E-14,-1.));
#4101=DIRECTION('',(1.,-9.32108026197769E-42,2.25236016820326E-28));
#4102=DIRECTION('',(0.,-1.,-4.13836134804908E-14));
#4103=DIRECTION('',(0.,-1.,-4.13836134804908E-14));
#4104=DIRECTION('',(0.,-1.,-4.13836134804908E-14));
#4105=DIRECTION('',(-2.25236016820326E-28,-4.13836134804908E-14,1.));
#4106=DIRECTION('',(-2.25236016820326E-28,-4.13836134804908E-14,1.));
#4107=DIRECTION('',(0.,1.,4.13836134804908E-14));
#4108=DIRECTION('',(1.,-9.32108026197769E-42,2.25236016820326E-28));
#4109=DIRECTION('',(1.,-9.32108026197769E-42,2.25236016820326E-28));
#4110=DIRECTION('',(2.25236016820326E-28,4.13836134804908E-14,-1.));
#4111=DIRECTION('',(1.,-9.32108026197769E-42,2.25236016820326E-28));
#4112=DIRECTION('',(1.,-9.32108026197769E-42,2.25236016820326E-28));
#4113=DIRECTION('',(0.,-1.,-4.13836134804908E-14));
#4114=DIRECTION('',(0.,1.,4.13836134804908E-14));
#4115=DIRECTION('',(0.,1.,4.13836134804908E-14));
#4116=DIRECTION('',(1.,-9.32108026197769E-42,2.25236016820326E-28));
#4117=DIRECTION('',(0.,-1.,-4.13836134804908E-14));
#4118=DIRECTION('',(0.,1.,4.13836134804908E-14));
#4119=DIRECTION('',(0.,1.,4.13836134804908E-14));
#4120=DIRECTION('',(0.,1.,4.13836134804908E-14));
#4121=DIRECTION('',(1.,-9.32108026197769E-42,2.25236016820326E-28));
#4122=DIRECTION('',(1.,-9.32108026197769E-42,2.25236016820326E-28));
#4123=DIRECTION('',(1.,-9.32108026197769E-42,2.25236016820326E-28));
#4124=DIRECTION('',(1.,-9.32108026197769E-42,2.25236016820326E-28));
#4125=DIRECTION('',(0.,-1.,-4.13836134804908E-14));
#4126=DIRECTION('',(0.,1.,4.13836134804908E-14));
#4127=DIRECTION('',(0.,1.,4.13836134804908E-14));
#4128=DIRECTION('',(0.,1.,4.13836134804908E-14));
#4129=DIRECTION('',(1.,-9.32108026197769E-42,2.25236016820326E-28));
#4130=DIRECTION('',(1.,-9.32108026197769E-42,2.25236016820326E-28));
#4131=DIRECTION('',(1.,-9.32108026197769E-42,2.25236016820326E-28));
#4132=DIRECTION('',(2.25236016820326E-28,4.13836134804908E-14,-1.));
#4133=DIRECTION('',(0.,1.,4.13836134804908E-14));
#4134=DIRECTION('',(1.,-9.32108026197769E-42,2.25236016820326E-28));
#4135=DIRECTION('',(1.,-9.32108026197769E-42,2.25236016820326E-28));
#4136=DIRECTION('',(1.,-9.32108026197769E-42,2.25236016820326E-28));
#4137=DIRECTION('',(1.,-9.32108026197769E-42,2.25236016820326E-28));
#4138=DIRECTION('',(0.,-1.,-4.13836134804908E-14));
#4139=DIRECTION('',(0.,1.,4.13836134804908E-14));
#4140=DIRECTION('',(0.,1.,4.13836134804908E-14));
#4141=DIRECTION('',(2.25236016820326E-28,4.13836134804908E-14,-1.));
#4142=DIRECTION('',(1.,-9.32108026197769E-42,2.25236016820326E-28));
#4143=DIRECTION('',(1.,-9.32108026197769E-42,2.25236016820326E-28));
#4144=DIRECTION('',(1.,-9.32108026197769E-42,2.25236016820326E-28));
#4145=DIRECTION('',(2.25236016820326E-28,4.13836134804908E-14,-1.));
#4146=DIRECTION('',(1.,-9.32108026197769E-42,2.25236016820326E-28));
#4147=DIRECTION('',(2.25236016820326E-28,4.13836134804908E-14,-1.));
#4148=DIRECTION('',(0.,1.,4.13836134804908E-14));
#4149=DIRECTION('',(2.25236016820326E-28,4.13836134804908E-14,-1.));
#4150=DIRECTION('',(1.,-9.32108026197769E-42,2.25236016820326E-28));
#4151=DIRECTION('',(2.25236016820326E-28,4.13836134804908E-14,-1.));
#4152=DIRECTION('',(0.,1.,4.13836134804908E-14));
#4153=DIRECTION('',(2.25236016820326E-28,4.13836134804908E-14,-1.));
#4154=DIRECTION('',(1.,-9.32108026197769E-42,2.25236016820326E-28));
#4155=DIRECTION('',(2.25236016820326E-28,4.13836134804908E-14,-1.));
#4156=DIRECTION('',(1.,-9.32108026197769E-42,2.25236016820326E-28));
#4157=DIRECTION('',(2.25236016820326E-28,4.13836134804908E-14,-1.));
#4158=DIRECTION('',(0.,1.,4.13836134804908E-14));
#4159=DIRECTION('',(2.25236016820326E-28,4.13836134804908E-14,-1.));
#4160=DIRECTION('',(1.,-9.32108026197769E-42,2.25236016820326E-28));
#4161=DIRECTION('',(2.25236016820326E-28,4.13836134804908E-14,-1.));
#4162=DIRECTION('',(1.,-9.32108026197769E-42,2.25236016820326E-28));
#4163=DIRECTION('',(2.25236016820326E-28,4.13836134804908E-14,-1.));
#4164=DIRECTION('',(1.,-9.32108026197769E-42,2.25236016820326E-28));
#4165=DIRECTION('',(2.25236016820326E-28,4.13836134804908E-14,-1.));
#4166=DIRECTION('',(0.,1.,4.13836134804908E-14));
#4167=DIRECTION('',(2.25236016820326E-28,4.13836134804908E-14,-1.));
#4168=DIRECTION('',(1.,-9.32108026197769E-42,2.25236016820326E-28));
#4169=DIRECTION('',(1.,-9.32108026197769E-42,2.25236016820326E-28));
#4170=DIRECTION('',(0.,-1.,-4.13836134804908E-14));
#4171=DIRECTION('',(0.,-1.,-4.13836134804908E-14));
#4172=DIRECTION('',(2.25236016820326E-28,4.13836134804908E-14,-1.));
#4173=DIRECTION('',(0.,-1.,-4.13836134804908E-14));
#4174=DIRECTION('',(-2.25236016820326E-28,-4.13836134804908E-14,1.));
#4175=DIRECTION('',(-2.25236016820326E-28,-4.13836134804908E-14,1.));
#4176=DIRECTION('',(1.,-9.32108026197769E-42,2.25236016820326E-28));
#4177=DIRECTION('',(0.,-1.,-4.13836134804908E-14));
#4178=DIRECTION('',(0.,-1.,-4.13836134804908E-14));
#4179=DIRECTION('',(-2.25236016820326E-28,-4.13836134804908E-14,1.));
#4180=DIRECTION('',(-2.25236016820326E-28,-4.13836134804908E-14,1.));
#4181=DIRECTION('',(0.,-1.,-4.13836134804908E-14));
#4182=DIRECTION('',(1.,-9.32108026197769E-42,2.25236016820326E-28));
#4183=DIRECTION('',(0.,-1.,-4.13836134804908E-14));
#4184=DIRECTION('',(0.,-1.,-4.13836134804908E-14));
#4185=DIRECTION('',(2.25236016820326E-28,4.13836134804908E-14,-1.));
#4186=DIRECTION('',(0.,-1.,-4.13836134804908E-14));
#4187=DIRECTION('',(-2.25236016820326E-28,-4.13836134804908E-14,1.));
#4188=DIRECTION('',(-2.25236016820326E-28,-4.13836134804908E-14,1.));
#4189=DIRECTION('',(1.,-9.32108026197769E-42,2.25236016820326E-28));
#4190=DIRECTION('',(0.,-1.,-4.13836134804908E-14));
#4191=DIRECTION('',(0.,-1.,-4.13836134804908E-14));
#4192=DIRECTION('',(-2.25236016820326E-28,-4.13836134804908E-14,1.));
#4193=DIRECTION('',(-2.25236016820326E-28,-4.13836134804908E-14,1.));
#4194=DIRECTION('',(0.,-1.,-4.13836134804908E-14));
#4195=DIRECTION('',(0.,1.,4.13836134804908E-14));
#4196=DIRECTION('',(1.,-9.32108026197769E-42,2.25236016820326E-28));
#4197=DIRECTION('',(1.,-9.32108026197769E-42,2.25236016820326E-28));
#4198=DIRECTION('',(2.25236016820326E-28,4.13836134804908E-14,-1.));
#4199=DIRECTION('',(1.,-9.32108026197769E-42,2.25236016820326E-28));
#4200=DIRECTION('',(1.,-9.32108026197769E-42,2.25236016820326E-28));
#4201=DIRECTION('',(0.,-1.,-4.13836134804908E-14));
#4202=DIRECTION('',(0.,1.,4.13836134804908E-14));
#4203=DIRECTION('',(0.,1.,4.13836134804908E-14));
#4204=DIRECTION('',(1.,-9.32108026197769E-42,2.25236016820326E-28));
#4205=DIRECTION('',(0.,-1.,-4.13836134804908E-14));
#4206=DIRECTION('',(0.,1.,4.13836134804908E-14));
#4207=DIRECTION('',(0.,1.,4.13836134804908E-14));
#4208=DIRECTION('',(0.,1.,4.13836134804908E-14));
#4209=DIRECTION('',(1.,-9.32108026197769E-42,2.25236016820326E-28));
#4210=DIRECTION('',(1.,-9.32108026197769E-42,2.25236016820326E-28));
#4211=DIRECTION('',(1.,-9.32108026197769E-42,2.25236016820326E-28));
#4212=DIRECTION('',(1.,-9.32108026197769E-42,2.25236016820326E-28));
#4213=DIRECTION('',(0.,-1.,-4.13836134804908E-14));
#4214=DIRECTION('',(0.,1.,4.13836134804908E-14));
#4215=DIRECTION('',(0.,1.,4.13836134804908E-14));
#4216=DIRECTION('',(0.,1.,4.13836134804908E-14));
#4217=DIRECTION('',(1.,-9.32108026197769E-42,2.25236016820326E-28));
#4218=DIRECTION('',(1.,-9.32108026197769E-42,2.25236016820326E-28));
#4219=DIRECTION('',(1.,-9.32108026197769E-42,2.25236016820326E-28));
#4220=DIRECTION('',(2.25236016820326E-28,4.13836134804908E-14,-1.));
#4221=DIRECTION('',(0.,1.,4.13836134804908E-14));
#4222=DIRECTION('',(1.,-9.32108026197769E-42,2.25236016820326E-28));
#4223=DIRECTION('',(1.,-9.32108026197769E-42,2.25236016820326E-28));
#4224=DIRECTION('',(1.,-9.32108026197769E-42,2.25236016820326E-28));
#4225=DIRECTION('',(1.,-9.32108026197769E-42,2.25236016820326E-28));
#4226=DIRECTION('',(0.,-1.,-4.13836134804908E-14));
#4227=DIRECTION('',(0.,1.,4.13836134804908E-14));
#4228=DIRECTION('',(0.,1.,4.13836134804908E-14));
#4229=DIRECTION('',(2.25236016820326E-28,4.13836134804908E-14,-1.));
#4230=DIRECTION('',(1.,-9.32108026197769E-42,2.25236016820326E-28));
#4231=DIRECTION('',(1.,-9.32108026197769E-42,2.25236016820326E-28));
#4232=DIRECTION('',(1.,-9.32108026197769E-42,2.25236016820326E-28));
#4233=DIRECTION('',(2.25236016820326E-28,4.13836134804908E-14,-1.));
#4234=DIRECTION('',(1.,-9.32108026197769E-42,2.25236016820326E-28));
#4235=DIRECTION('',(2.25236016820326E-28,4.13836134804908E-14,-1.));
#4236=DIRECTION('',(0.,1.,4.13836134804908E-14));
#4237=DIRECTION('',(2.25236016820326E-28,4.13836134804908E-14,-1.));
#4238=DIRECTION('',(1.,-9.32108026197769E-42,2.25236016820326E-28));
#4239=DIRECTION('',(2.25236016820326E-28,4.13836134804908E-14,-1.));
#4240=DIRECTION('',(0.,1.,4.13836134804908E-14));
#4241=DIRECTION('',(2.25236016820326E-28,4.13836134804908E-14,-1.));
#4242=DIRECTION('',(1.,-9.32108026197769E-42,2.25236016820326E-28));
#4243=DIRECTION('',(2.25236016820326E-28,4.13836134804908E-14,-1.));
#4244=DIRECTION('',(1.,-9.32108026197769E-42,2.25236016820326E-28));
#4245=DIRECTION('',(2.25236016820326E-28,4.13836134804908E-14,-1.));
#4246=DIRECTION('',(0.,1.,4.13836134804908E-14));
#4247=DIRECTION('',(2.25236016820326E-28,4.13836134804908E-14,-1.));
#4248=DIRECTION('',(1.,-9.32108026197769E-42,2.25236016820326E-28));
#4249=DIRECTION('',(2.25236016820326E-28,4.13836134804908E-14,-1.));
#4250=DIRECTION('',(1.,-9.32108026197769E-42,2.25236016820326E-28));
#4251=DIRECTION('',(2.25236016820326E-28,4.13836134804908E-14,-1.));
#4252=DIRECTION('',(0.,1.,4.13836134804908E-14));
#4253=DIRECTION('',(2.25236016820326E-28,4.13836134804908E-14,-1.));
#4254=DIRECTION('',(1.,-9.32108026197769E-42,2.25236016820326E-28));
#4255=DIRECTION('',(2.25236016820326E-28,4.13836134804908E-14,-1.));
#4256=DIRECTION('',(1.,-9.32108026197769E-42,2.25236016820326E-28));
#4257=DIRECTION('',(2.25236016820326E-28,4.13836134804908E-14,-1.));
#4258=DIRECTION('',(0.,1.,4.13836134804908E-14));
#4259=DIRECTION('',(2.25236016820326E-28,4.13836134804908E-14,-1.));
#4260=DIRECTION('',(0.,1.,4.13836134804908E-14));
#4261=DIRECTION('',(2.25236016820326E-28,4.13836134804908E-14,-1.));
#4262=DIRECTION('',(0.,1.,4.13836134804908E-14));
#4263=DIRECTION('',(2.25236016820326E-28,4.13836134804908E-14,-1.));
#4264=DIRECTION('',(0.,1.,4.13836134804908E-14));
#4265=DIRECTION('',(-1.,-2.1274348585066E-12,-8.82661779061801E-26));
#4266=DIRECTION('',(2.1274348585066E-12,-1.,0.));
#4267=DIRECTION('',(-2.1274348585066E-12,1.,4.13836134804908E-14));
#4268=DIRECTION('',(1.,2.12817303850863E-12,8.82967264620634E-26));
#4269=DIRECTION('',(-2.12817303850863E-12,1.,0.));
#4270=DIRECTION('',(2.12817303850863E-12,-1.,-4.13836134804908E-14));
#4271=DIRECTION('',(1.,-2.83107973857113E-14,-1.65595774782216E-13));
#4272=DIRECTION('',(1.65595774782216E-13,0.,1.));
#4273=DIRECTION('',(2.25236016820326E-28,4.13836134804908E-14,-1.));
#4274=DIRECTION('',(2.83107973857181E-14,1.,4.13836134804908E-14));
#4275=DIRECTION('',(2.25236016820326E-28,4.13836134804908E-14,-1.));
#4276=DIRECTION('',(2.83107973857181E-14,1.,4.13836134804908E-14));
#4277=DIRECTION('',(-1.,-2.83107973857113E-14,-1.65595774782216E-13));
#4278=DIRECTION('',(-1.65595774782216E-13,0.,1.));
#4279=DIRECTION('',(2.25236016820326E-28,4.13836134804908E-14,-1.));
#4280=DIRECTION('',(2.83107973857181E-14,-1.,-4.13836134804908E-14));
#4281=DIRECTION('',(2.25236016820326E-28,4.13836134804908E-14,-1.));
#4282=DIRECTION('',(2.83107973857181E-14,-1.,-4.13836134804908E-14));
#4283=DIRECTION('',(2.25236016820326E-28,4.13836134804908E-14,-1.));
#4284=DIRECTION('',(1.,-9.32108026197769E-42,2.25236016820326E-28));
#4285=DIRECTION('',(-1.,-2.82549478494105E-14,-1.39452785753175E-27));
#4286=DIRECTION('',(2.25236016820326E-28,4.13836134804908E-14,-1.));
#4287=DIRECTION('',(0.,1.,4.13836134804908E-14));
#4288=DIRECTION('',(2.25236016820326E-28,4.13836134804908E-14,-1.));
#4289=DIRECTION('',(0.,1.,4.13836134804908E-14));
#4290=DIRECTION('',(1.,4.27834850082578E-12,1.77278756709831E-25));
#4291=DIRECTION('',(2.25236016820326E-28,4.13836134804908E-14,-1.));
#4292=DIRECTION('',(1.,-9.32108026197769E-42,2.25236016820326E-28));
#4293=DIRECTION('',(1.,-9.32108026197769E-42,2.25236016820326E-28));
#4294=DIRECTION('',(2.25236016820326E-28,4.13836134804908E-14,-1.));
#4295=DIRECTION('',(0.,1.,4.13836134804908E-14));
#4296=DIRECTION('',(2.25236016820326E-28,4.13836134804908E-14,-1.));
#4297=DIRECTION('',(0.,1.,4.13836134804908E-14));
#4298=DIRECTION('',(1.,2.12795912926788E-12,8.8287874124724E-26));
#4299=DIRECTION('',(-2.25236016820326E-28,-4.13836134804908E-14,1.));
#4300=DIRECTION('',(1.,-3.88298521465893E-13,5.29238035332863E-23));
#4301=DIRECTION('',(-2.25236016820326E-28,-4.13836134804908E-14,1.));
#4302=DIRECTION('',(0.,-1.,-4.13836134804908E-14));
#4303=DIRECTION('',(-1.,-2.82549478494105E-14,-1.39452785753175E-27));
#4304=DIRECTION('',(-2.83107973857181E-14,1.,4.13836134804908E-14));
#4305=DIRECTION('',(1.,4.27834850082578E-12,1.77278756709831E-25));
#4306=DIRECTION('',(-2.25236016820326E-28,-4.13836134804908E-14,1.));
#4307=DIRECTION('',(0.,-1.,-4.13836134804908E-14));
#4308=DIRECTION('',(-1.,1.06611044222201E-16,-2.20824066573483E-28));
#4309=DIRECTION('',(-2.25236016820326E-28,-4.13836134804908E-14,1.));
#4310=DIRECTION('',(0.,-1.,-4.13836134804908E-14));
#4311=DIRECTION('',(1.,-9.32108026197769E-42,2.25236016820326E-28));
#4312=DIRECTION('',(-2.83107973857181E-14,-1.,-4.13836134804908E-14));
#4313=DIRECTION('',(-1.,-2.12795912926788E-12,-8.8287874124724E-26));
#4314=DIRECTION('',(-2.25236016820326E-28,-4.13836134804908E-14,1.));
#4315=DIRECTION('',(0.,-1.,-4.13836134804908E-14));
#4316=DIRECTION('',(1.,-9.32108026197769E-42,2.25236016820326E-28));
#4317=DIRECTION('',(-1.44788522032095E-43,1.,4.13836134804908E-14));
#4318=DIRECTION('',(-2.25236016820326E-28,-4.13836134804908E-14,1.));
#4319=DIRECTION('',(0.,-1.,-4.13836134804908E-14));
#4320=DIRECTION('',(1.44788522032096E-43,-1.,-4.13836134804908E-14));
#4321=DIRECTION('',(-2.25236016820326E-28,-4.13836134804908E-14,1.));
#4322=DIRECTION('',(0.,-1.,-4.13836134804908E-14));
#4323=DIRECTION('',(-2.25236016820326E-28,-4.13836134804908E-14,1.));
#4324=DIRECTION('',(0.,-1.,-4.13836134804908E-14));
#4325=DIRECTION('',(-2.25236016820326E-28,-4.13836134804908E-14,1.));
#4326=DIRECTION('',(0.,-1.,-4.13836134804908E-14));
#4327=DIRECTION('',(-2.25236016820326E-28,-4.13836134804908E-14,1.));
#4328=DIRECTION('',(0.,-1.,-4.13836134804908E-14));
#4329=DIRECTION('',(-7.40741513521366E-15,-1.,-4.13836134804908E-14));
#4330=DIRECTION('',(-0.353553390593278,-0.612372435695768,-0.707106781186569));
#4331=DIRECTION('',(-0.866025403784439,0.5,2.06918067402453E-14));
#4332=DIRECTION('',(0.866025403784439,-0.5,-2.06918067402453E-14));
#4333=DIRECTION('',(-1.47451585187071E-28,-0.755928946018478,0.65465367070795));
#4334=DIRECTION('',(0.866025403784439,-0.5,-2.06918067402453E-14));
#4335=DIRECTION('',(-0.89442719099986,-1.72288541221784E-13,0.44721359550007));
#4336=DIRECTION('',(9.48352184560855E-15,-0.755928946018481,0.654653670707947));
#4337=DIRECTION('',(0.866025403784439,-0.5,-2.06918067402453E-14));
#4338=DIRECTION('',(0.654653670707979,0.377964473009246,-0.654653670707964));
#4339=DIRECTION('',(-0.353553390593271,0.612372435695822,-0.707106781186526));
#4340=DIRECTION('',(0.866025403784439,0.5,2.06918067402456E-14));
#4341=DIRECTION('',(-0.866025403784439,-0.5,-2.06918067402456E-14));
#4342=DIRECTION('',(1.4745158518707E-28,-0.75592894601843,-0.654653670708005));
#4343=DIRECTION('',(-0.866025403784439,-0.5,-2.06918067402456E-14));
#4344=DIRECTION('',(-0.654653670707975,0.377964473009208,0.654653670707991));
#4345=DIRECTION('',(-0.866025403784439,-0.5,-2.06918067402455E-14));
#4346=DIRECTION('',(-5.3169451997931E-15,0.755928946018429,0.654653670708007));
#4347=DIRECTION('',(2.83107973857657E-14,-1.,-4.13836134804908E-14));
#4348=DIRECTION('',(0.,4.13836134804908E-14,-1.));
#4349=DIRECTION('',(-1.,-2.83156693938432E-14,-1.3970407344565E-27));
#4350=DIRECTION('',(-0.894427190999882,1.21644647260336E-13,-0.447213595500027));
#4351=DIRECTION('',(0.353553390593276,0.612372435695821,-0.707106781186523));
#4352=DIRECTION('',(0.866025403784439,-0.5,-2.06918067402455E-14));
#4353=DIRECTION('',(-0.866025403784439,0.5,2.06918067402455E-14));
#4354=DIRECTION('',(9.7815942395333E-17,0.755928946018429,0.654653670708006));
#4355=DIRECTION('',(-0.866025403784439,0.5,2.06918067402455E-14));
#4356=DIRECTION('',(-1.20462156762655E-15,0.75592894601843,0.654653670708006));
#4357=DIRECTION('',(-0.866025403784439,0.5,2.06918067402455E-14));
#4358=DIRECTION('',(0.654653670707978,0.377964473009199,0.654653670707992));
#4359=DIRECTION('',(0.35355339059327,-0.612372435695765,-0.707106781186575));
#4360=DIRECTION('',(-0.866025403784439,-0.5,-2.06918067402455E-14));
#4361=DIRECTION('',(0.866025403784439,0.5,2.06918067402455E-14));
#4362=DIRECTION('',(9.78159423956275E-17,0.755928946018483,-0.654653670707944));
#4363=DIRECTION('',(0.866025403784439,0.5,2.06918067402455E-14));
#4364=DIRECTION('',(0.654653670707977,-0.377964473009259,0.654653670707959));
#4365=DIRECTION('',(0.866025403784439,0.5,2.06918067402455E-14));
#4366=DIRECTION('',(5.28727324135699E-15,-0.755928946018482,0.654653670707946));
#4367=DIRECTION('',(0.353553390593273,-0.61237243569577,-0.707106781186569));
#4368=DIRECTION('',(-0.866025403784439,-0.5,-2.06918067402455E-14));
#4369=DIRECTION('',(0.866025403784439,0.5,2.06918067402455E-14));
#4370=DIRECTION('',(1.47451585187071E-28,0.755928946018478,-0.654653670707951));
#4371=DIRECTION('',(0.866025403784439,0.5,2.06918067402455E-14));
#4372=DIRECTION('',(-0.654653670707973,0.377964473009255,-0.654653670707965));
#4373=DIRECTION('',(0.866025403784439,0.5,2.06918067402455E-14));
#4374=DIRECTION('',(4.36409854842163E-15,0.755928946018479,-0.654653670707949));
#4375=DIRECTION('',(-0.89442719099988,1.21644647260337E-13,-0.447213595500031));
#4376=DIRECTION('',(0.353553390593278,0.612372435695824,-0.70710678118652));
#4377=DIRECTION('',(0.866025403784439,-0.5,-2.06918067402455E-14));
#4378=DIRECTION('',(-0.866025403784439,0.5,2.06918067402455E-14));
#4379=DIRECTION('',(-1.47451585187071E-28,0.755928946018426,0.65465367070801));
#4380=DIRECTION('',(-0.866025403784439,0.5,2.06918067402455E-14));
#4381=DIRECTION('',(-6.12652296220728E-15,-0.755928946018425,-0.654653670708011));
#4382=DIRECTION('',(-0.866025403784439,0.5,2.06918067402455E-14));
#4383=DIRECTION('',(0.654653670707978,0.377964473009196,0.654653670707995));
#4384=DIRECTION('',(2.83107973857657E-14,-1.,-4.13836134804908E-14));
#4385=DIRECTION('',(0.,4.13836134804908E-14,-1.));
#4386=DIRECTION('',(-1.,-2.74357660475896E-14,-1.36062715447495E-27));
#4387=DIRECTION('',(-0.89442719099986,-1.72288541221784E-13,0.447213595500071));
#4388=DIRECTION('',(0.353553390593272,-0.612372435695764,-0.707106781186575));
#4389=DIRECTION('',(-0.866025403784439,-0.5,-2.06918067402456E-14));
#4390=DIRECTION('',(0.866025403784439,0.5,2.06918067402455E-14));
#4391=DIRECTION('',(0.654653670707976,-0.377964473009259,0.654653670707961));
#4392=DIRECTION('',(0.866025403784439,0.5,2.06918067402455E-14));
#4393=DIRECTION('',(-0.353553390593278,-0.612372435695766,-0.70710678118657));
#4394=DIRECTION('',(-0.866025403784439,0.5,2.06918067402455E-14));
#4395=DIRECTION('',(0.866025403784439,-0.5,-2.06918067402455E-14));
#4396=DIRECTION('',(0.866025403784439,-0.5,-2.06918067402455E-14));
#4397=DIRECTION('',(0.654653670707986,0.37796447300924,-0.654653670707961));
#4398=DIRECTION('',(2.25236016820326E-28,4.13836134804908E-14,-1.));
#4399=DIRECTION('',(-1.,9.32108026197772E-42,-2.25236016820326E-28));
#4400=DIRECTION('',(-5.37227840016864E-45,-1.,-4.13836134804908E-14));
#4401=DIRECTION('',(8.13435992548042E-15,1.,4.13836134804908E-14));
#4402=DIRECTION('',(-5.37227840016864E-45,-1.,-4.13836134804908E-14));
#4403=DIRECTION('',(2.25236016820326E-28,4.13836134804908E-14,-1.));
#4404=DIRECTION('',(0.,1.,4.13836134804908E-14));
#4405=DIRECTION('',(-7.40741513521366E-15,-1.,-4.13836134804908E-14));
#4406=DIRECTION('',(2.25236016820326E-28,4.13836134804908E-14,-1.));
#4407=DIRECTION('',(0.,1.,4.13836134804908E-14));
#4408=DIRECTION('',(2.25236016820326E-28,4.13836134804908E-14,-1.));
#4409=DIRECTION('',(-1.,9.32108026197772E-42,-2.25236016820326E-28));
#4410=DIRECTION('',(5.37227840016721E-45,1.,4.13836134804908E-14));
#4411=DIRECTION('',(-6.31088724176809E-30,-1.,-4.13836134804908E-14));
#4412=DIRECTION('',(5.37227840016721E-45,1.,4.13836134804908E-14));
#4413=DIRECTION('',(2.25236016820326E-28,4.13836134804908E-14,-1.));
#4414=DIRECTION('',(0.,1.,4.13836134804908E-14));
#4415=DIRECTION('',(-1.44788522032095E-43,1.,4.13836134804908E-14));
#4416=DIRECTION('',(2.25236016820326E-28,4.13836134804908E-14,-1.));
#4417=DIRECTION('',(0.,1.,4.13836134804908E-14));
#4418=DIRECTION('',(-0.707106781186548,2.92626337220581E-14,-0.707106781186547));
#4419=DIRECTION('',(6.86927366374389E-44,1.,4.13836134804908E-14));
#4420=DIRECTION('',(-6.86927366374389E-44,-1.,-4.13836134804908E-14));
#4421=DIRECTION('',(0.707106781186547,2.92626337220581E-14,-0.707106781186548));
#4422=DIRECTION('',(-6.86927366374356E-44,-1.,-4.13836134804908E-14));
#4423=DIRECTION('',(0.707106781186547,2.92626337220581E-14,-0.707106781186548));
#4424=DIRECTION('',(-6.86927366374389E-44,-1.,-4.13836134804908E-14));
#4425=DIRECTION('',(0.70710678118655,2.35107726581386E-14,-0.707106781186545));
#4426=DIRECTION('',(-8.13435992548042E-15,-1.,-4.13836134804908E-14));
#4427=DIRECTION('',(8.13435992548042E-15,1.,4.13836134804908E-14));
#4428=DIRECTION('',(-0.707106781186545,3.50144947859775E-14,-0.70710678118655));
#4429=DIRECTION('',(8.13435992548042E-15,1.,4.13836134804908E-14));
#4430=DIRECTION('',(-0.707106781186545,3.50144947859775E-14,-0.70710678118655));
#4431=DIRECTION('',(8.13435992548042E-15,1.,4.13836134804908E-14));
#4432=DIRECTION('',(-4.15056985095542E-16,-8.416419531218E-16,-1.));
#4433=DIRECTION('',(-3.41175648012224E-13,-1.,8.41642059001059E-16));
#4434=DIRECTION('',(1.,-3.47751844084242E-13,-4.15056985095249E-16));
#4435=DIRECTION('',(8.13435992548042E-15,1.,-9.06112302716197E-43));
#4436=DIRECTION('',(-1.,3.47751844084242E-13,4.15056985095249E-16));
#4437=DIRECTION('',(-4.15056985095542E-16,-8.416419531218E-16,-1.));
#4438=DIRECTION('',(3.40661190942847E-13,1.,-8.41641953121941E-16));
#4439=DIRECTION('',(1.,-8.13435992548042E-15,-1.11393190246949E-28));
#4440=DIRECTION('',(8.13435992548042E-15,1.,0.));
#4441=DIRECTION('',(2.64896545394945E-28,4.6259292567469E-14,-1.));
#4442=DIRECTION('',(-8.13435992548042E-15,-1.,-4.13836134804908E-14));
#4443=DIRECTION('',(2.25236016820326E-28,4.13836134804908E-14,-1.));
#4444=DIRECTION('',(-1.,9.38977299861516E-42,-2.25236016820326E-28));
#4445=DIRECTION('',(2.25236016820326E-28,0.,-1.));
#4446=DIRECTION('',(-2.25236016820326E-28,-4.62592925775287E-14,1.));
#4447=DIRECTION('',(6.86927366374389E-44,1.,4.13836134804908E-14));
#4448=DIRECTION('',(2.25236016820326E-28,4.13836134804908E-14,-1.));
#4449=DIRECTION('',(4.29653597794734E-16,1.04237655208024E-15,1.));
#4450=DIRECTION('',(-3.41839373581485E-13,-1.,1.04237649640416E-15));
#4451=DIRECTION('',(0.,2.16840434497128E-15,1.));
#4452=DIRECTION('',(0.,-1.,2.16840434497128E-15));
#4453=DIRECTION('',(5.5390511396886E-16,1.16573454643314E-15,1.));
#4454=DIRECTION('',(-3.42104030470322E-13,-1.,1.04237693549093E-15));
#4455=DIRECTION('',(-4.15056985095542E-16,-8.416419531218E-16,-1.));
#4456=DIRECTION('',(3.40661190942847E-13,1.,-8.41641953121941E-16));
#4457=DIRECTION('',(3.08608184092278E-16,1.16573470525188E-15,1.));
#4458=DIRECTION('',(0.707106781508089,0.707106780865007,-1.04251786256983E-15));
#4459=DIRECTION('',(0.,2.16840434497128E-15,1.));
#4460=DIRECTION('',(0.,-1.,2.16840434497128E-15));
#4461=DIRECTION('',(6.41675409116782E-16,3.70576695829847E-22,1.));
#4462=DIRECTION('',(3.40661190942847E-13,1.,-3.70576914423756E-22));
#4463=DIRECTION('',(-3.42007336360204E-13,-1.,5.55116187493366E-17));
#4464=DIRECTION('',(1.,-3.41896314057742E-13,-5.24405121748381E-16));
#4465=DIRECTION('',(1.,-3.42271993249041E-13,-5.53905008089344E-16));
#4466=DIRECTION('',(1.,-3.42007336360204E-13,-4.15056985095254E-16));
#4467=DIRECTION('',(-2.25236016820326E-28,2.11491506905513E-69,1.));
#4468=DIRECTION('',(-2.25236016820326E-28,-4.62592926548615E-14,1.));
#4469=DIRECTION('',(-4.15056985095542E-16,-8.416419531218E-16,-1.));
#4470=DIRECTION('',(-3.41175648012224E-13,-1.,8.41642059001059E-16));
#4471=DIRECTION('',(9.38977299861516E-42,1.,2.11491506905513E-69));
#4472=DIRECTION('',(-1.,3.42007336360204E-13,4.15056985095254E-16));
#4473=DIRECTION('',(3.42007336360204E-13,1.,-5.55116187493366E-17));
#4474=DIRECTION('',(-1.,3.41896314057742E-13,8.03159118983194E-17));
#4475=DIRECTION('',(-1.,3.42271993249041E-13,5.53905008089344E-16));
#4476=DIRECTION('',(-2.25236016820326E-28,2.11491506905513E-69,1.));
#4477=DIRECTION('',(-3.47751844084242E-13,-1.,7.025597784575E-16));
#4478=DIRECTION('',(1.,-3.47751844084242E-13,1.118784896244E-15));
#4479=DIRECTION('',(-1.,3.47751844084242E-13,-6.02229088889326E-15));
#4480=DIRECTION('',(1.11393190246949E-28,-9.06112302716197E-43,1.));
#4481=DIRECTION('',(-2.64896324175889E-28,-4.62592653718374E-14,1.));
#4482=DIRECTION('',(3.47751844084242E-13,1.,-7.025597784575E-16));
#4483=DIRECTION('',(-1.,3.47751844084242E-13,-1.118784896244E-15));
#4484=DIRECTION('',(1.,-3.47751844084242E-13,-7.13010109267208E-15));
#4485=DIRECTION('',(1.11393190246949E-28,-9.06112302716197E-43,1.));
#4486=DIRECTION('',(0.5,-0.866025403784439,-3.58392605745011E-14));
#4487=DIRECTION('',(0.866025403784439,0.5,0.));
#4488=DIRECTION('',(2.25236016820326E-28,4.13836134804908E-14,-1.));
#4489=DIRECTION('',(-0.866025403784439,-0.5,-2.06918067402455E-14));
#4490=DIRECTION('',(2.25236016820326E-28,4.13836134804908E-14,-1.));
#4491=DIRECTION('',(1.,-9.38977299861525E-42,2.25236016820326E-28));
#4492=DIRECTION('',(-2.25236016820326E-28,0.,1.));
#4493=DIRECTION('',(2.25236016820326E-28,4.13836134804908E-14,-1.));
#4494=DIRECTION('',(-6.86927366375345E-44,-1.,-4.13836134804908E-14));
#4495=DIRECTION('',(6.86927366375345E-44,1.,4.13836134804908E-14));
#4496=DIRECTION('',(0.5,0.866025403784439,3.58392605745012E-14));
#4497=DIRECTION('',(-0.866025403784439,0.5,0.));
#4498=DIRECTION('',(2.25236016820326E-28,4.13836134804908E-14,-1.));
#4499=DIRECTION('',(0.866025403784439,-0.5,-2.06918067402455E-14));
#4500=DIRECTION('',(-0.5,0.866025403784439,3.58392605745011E-14));
#4501=DIRECTION('',(-0.866025403784439,-0.5,0.));
#4502=DIRECTION('',(2.25236016820326E-28,4.13836134804908E-14,-1.));
#4503=DIRECTION('',(0.866025403784439,0.5,2.06918067402455E-14));
#4504=DIRECTION('',(-0.866025403784439,-0.5,-2.06918067402455E-14));
#4505=DIRECTION('',(-1.,9.38977299861529E-42,-2.25236016820326E-28));
#4506=DIRECTION('',(2.25236016820326E-28,0.,-1.));
#4507=DIRECTION('',(2.25236016820326E-28,4.13836134804908E-14,-1.));
#4508=DIRECTION('',(6.86927366375727E-44,1.,4.13836134804908E-14));
#4509=DIRECTION('',(-6.86927366375727E-44,-1.,-4.13836134804908E-14));
#4510=DIRECTION('',(-0.5,-0.866025403784439,-3.58392605745012E-14));
#4511=DIRECTION('',(0.866025403784439,-0.5,0.));
#4512=DIRECTION('',(-0.866025403784439,0.5,2.06918067402454E-14));
#4513=DIRECTION('',(0.866025403784439,-0.5,-2.06918067402454E-14));
#4514=DIRECTION('',(-0.5,0.866025403784439,3.58392605745011E-14));
#4515=DIRECTION('',(-0.866025403784439,-0.5,0.));
#4516=DIRECTION('',(0.866025403784439,0.5,2.06918067402455E-14));
#4517=DIRECTION('',(2.25236016820326E-28,4.13836134804908E-14,-1.));
#4518=DIRECTION('',(-1.,9.38977299861516E-42,-2.25236016820326E-28));
#4519=DIRECTION('',(2.25236016820326E-28,0.,-1.));
#4520=DIRECTION('',(2.25236016820326E-28,4.13836134804908E-14,-1.));
#4521=DIRECTION('',(6.86927366374389E-44,1.,4.13836134804908E-14));
#4522=DIRECTION('',(-0.5,-0.866025403784439,-3.58392605745012E-14));
#4523=DIRECTION('',(0.866025403784439,-0.5,0.));
#4524=DIRECTION('',(2.25236016820326E-28,4.13836134804908E-14,-1.));
#4525=DIRECTION('',(-0.866025403784439,0.5,2.06918067402453E-14));
#4526=DIRECTION('',(0.5,-0.866025403784439,-3.58392605745011E-14));
#4527=DIRECTION('',(0.866025403784439,0.5,0.));
#4528=DIRECTION('',(2.25236016820326E-28,4.13836134804908E-14,-1.));
#4529=DIRECTION('',(-0.866025403784439,-0.5,-2.06918067402455E-14));
#4530=DIRECTION('',(1.,-9.38977299861517E-42,2.25236016820326E-28));
#4531=DIRECTION('',(-2.25236016820326E-28,0.,1.));
#4532=DIRECTION('',(2.25236016820326E-28,4.13836134804908E-14,-1.));
#4533=DIRECTION('',(-6.86927366374491E-44,-1.,-4.13836134804908E-14));
#4534=DIRECTION('',(6.86927366374491E-44,1.,4.13836134804908E-14));
#4535=DIRECTION('',(0.5,0.866025403784439,3.58392605745012E-14));
#4536=DIRECTION('',(-0.866025403784439,0.5,0.));
#4537=DIRECTION('',(0.866025403784439,-0.5,-2.06918067402454E-14));
#4538=DIRECTION('',(-0.866025403784439,0.5,2.06918067402454E-14));
#4539=DIRECTION('',(0.5,-0.866025403784439,-3.58392605745011E-14));
#4540=DIRECTION('',(0.866025403784439,0.5,0.));
#4541=DIRECTION('',(-0.866025403784439,-0.5,-2.06918067402455E-14));
#4542=DIRECTION('',(2.25236016820326E-28,4.13836134804908E-14,-1.));
#4543=DIRECTION('',(1.,-8.13435992548042E-15,-1.11393190246949E-28));
#4544=DIRECTION('',(8.13435992548042E-15,1.,0.));
#4545=DIRECTION('',(2.25236016820326E-28,4.13836134804908E-14,-1.));
#4546=DIRECTION('',(-8.13435992548042E-15,-1.,-4.13836134804908E-14));
#4547=DIRECTION('',(0.5,0.866025403784439,3.58392605745012E-14));
#4548=DIRECTION('',(-0.866025403784439,0.5,0.));
#4549=DIRECTION('',(2.25236016820326E-28,4.13836134804908E-14,-1.));
#4550=DIRECTION('',(0.866025403784439,-0.5,-2.06918067402455E-14));
#4551=DIRECTION('',(-0.5,0.866025403784439,3.58392605745011E-14));
#4552=DIRECTION('',(-0.866025403784439,-0.5,0.));
#4553=DIRECTION('',(2.25236016820326E-28,4.13836134804908E-14,-1.));
#4554=DIRECTION('',(0.866025403784439,0.5,2.06918067402455E-14));
#4555=DIRECTION('',(-0.866025403784439,-0.5,-2.06918067402455E-14));
#4556=DIRECTION('',(-1.,8.1343599254804E-15,1.11393190246948E-28));
#4557=DIRECTION('',(-8.1343599254804E-15,-1.,0.));
#4558=DIRECTION('',(2.25236016820326E-28,4.13836134804908E-14,-1.));
#4559=DIRECTION('',(8.1343599254804E-15,1.,4.13836134804908E-14));
#4560=DIRECTION('',(-8.1343599254804E-15,-1.,-4.13836134804908E-14));
#4561=DIRECTION('',(-0.5,-0.866025403784439,-3.58392605745013E-14));
#4562=DIRECTION('',(0.866025403784439,-0.5,0.));
#4563=DIRECTION('',(-0.866025403784439,0.5,2.06918067402455E-14));
#4564=DIRECTION('',(0.353553390593276,0.612372435695823,-0.707106781186522));
#4565=DIRECTION('',(0.866025403784439,-0.5,-2.06918067402454E-14));
#4566=DIRECTION('',(-0.866025403784439,0.5,2.06918067402454E-14));
#4567=DIRECTION('',(0.654653670707978,0.377964473009198,0.654653670707994));
#4568=DIRECTION('',(0.707106781186548,2.92626337220581E-14,-0.707106781186547));
#4569=DIRECTION('',(-6.86927366374491E-44,-1.,-4.13836134804908E-14));
#4570=DIRECTION('',(-6.31088724176809E-30,1.,4.13836134804908E-14));
#4571=DIRECTION('',(-0.707106781186544,3.50144947859775E-14,-0.707106781186551));
#4572=DIRECTION('',(8.1343599254804E-15,1.,4.13836134804908E-14));
#4573=DIRECTION('',(-8.13435992548041E-15,-1.,-4.13836134804908E-14));
#4574=DIRECTION('',(0.654653670707981,-0.377964473009193,-0.654653670707993));
#4575=DIRECTION('',(-0.353553390593273,0.612372435695828,-0.707106781186519));
#4576=DIRECTION('',(0.866025403784439,0.5,2.06918067402455E-14));
#4577=DIRECTION('',(-0.866025403784439,-0.5,-2.06918067402455E-14));
#4578=DIRECTION('',(0.707106781186546,2.92626337220581E-14,-0.707106781186549));
#4579=DIRECTION('',(-6.86927366375345E-44,-1.,-4.13836134804908E-14));
#4580=DIRECTION('',(3.15544362088404E-30,1.,4.13836134804908E-14));
#4581=DIRECTION('',(-0.353553390593271,0.612372435695822,-0.707106781186526));
#4582=DIRECTION('',(0.866025403784439,0.5,2.06918067402455E-14));
#4583=DIRECTION('',(-0.866025403784439,-0.5,-2.06918067402455E-14));
#4584=DIRECTION('',(-0.654653670707977,0.377964473009206,0.65465367070799));
#4585=DIRECTION('',(-0.707106781186546,2.92626337220581E-14,-0.707106781186549));
#4586=DIRECTION('',(6.86927366375727E-44,1.,4.13836134804908E-14));
#4587=DIRECTION('',(3.15544362088404E-30,-1.,-4.13836134804908E-14));
#4588=DIRECTION('',(0.65465367070798,0.377964473009248,-0.654653670707962));
#4589=DIRECTION('',(-0.353553390593277,-0.612372435695766,-0.707106781186571));
#4590=DIRECTION('',(-0.866025403784439,0.5,2.06918067402454E-14));
#4591=DIRECTION('',(0.866025403784439,-0.5,-2.06918067402454E-14));
#4592=DIRECTION('',(2.25236016820326E-28,4.13836134804908E-14,-1.));
#4593=DIRECTION('',(-1.,9.32108026197772E-42,-2.25236016820326E-28));
#4594=DIRECTION('',(-1.2939832891793E-16,-1.,-4.13836134804908E-14));
#4595=DIRECTION('',(-1.2939832891793E-16,-1.,-4.13836134804908E-14));
#4596=DIRECTION('',(2.25236016820326E-28,4.13836134804908E-14,-1.));
#4597=DIRECTION('',(0.,1.,4.13836134804908E-14));
#4598=DIRECTION('',(-1.44788522032096E-43,1.,4.13836134804908E-14));
#4599=DIRECTION('',(2.25236016820326E-28,4.13836134804908E-14,-1.));
#4600=DIRECTION('',(0.,1.,4.13836134804908E-14));
#4601=DIRECTION('',(1.,-9.38977299861516E-42,2.25236016820326E-28));
#4602=DIRECTION('',(9.38977299861516E-42,1.,2.11491506905513E-69));
#4603=DIRECTION('',(-1.,8.13435992548042E-15,1.11393190246949E-28));
#4604=DIRECTION('',(-8.13435992548042E-15,-1.,9.06112302716197E-43));
#4605=DIRECTION('',(-1.,9.17629173994562E-42,-2.25236016820326E-28));
#4606=DIRECTION('',(2.25236016820326E-28,0.,-1.));
#4607=DIRECTION('',(2.25236016820326E-28,4.13836134804908E-14,-1.));
#4608=DIRECTION('',(-1.44788522032096E-43,1.,4.13836134804908E-14));
#4609=DIRECTION('',(2.25236016820326E-28,4.13836134804908E-14,-1.));
#4610=DIRECTION('',(2.25236016820326E-28,4.13836134804908E-14,-1.));
#4611=DIRECTION('',(0.,-1.,-4.13836134804908E-14));
#4612=DIRECTION('',(0.,-4.11996825544526E-14,1.));
#4613=DIRECTION('',(0.,-1.,-4.11996825544526E-14));
#4614=DIRECTION('',(2.25236016820326E-28,4.13836134804908E-14,-1.));
#4615=DIRECTION('',(0.,-1.,-4.13836134804908E-14));
#4616=DIRECTION('',(2.25236016820326E-28,4.13836134804908E-14,-1.));
#4617=DIRECTION('',(0.,-4.11996825544526E-14,1.));
#4618=DIRECTION('',(0.,-1.,-4.11996825544526E-14));
#4619=DIRECTION('',(2.25236016820326E-28,4.13836134804908E-14,-1.));
#4620=DIRECTION('',(1.,-7.40741513521366E-15,-8.13095880248929E-29));
#4621=DIRECTION('',(7.40741513521366E-15,1.,0.));
#4622=DIRECTION('',(7.40741513521366E-15,1.,4.13836134804908E-14));
#4623=DIRECTION('',(2.25236016820326E-28,4.13836134804908E-14,-1.));
#4624=DIRECTION('',(0.,-1.,-4.13836134804908E-14));
#4625=DIRECTION('',(2.25236016820326E-28,4.13836134804908E-14,-1.));
#4626=DIRECTION('',(0.,-4.11996825544526E-14,1.));
#4627=DIRECTION('',(0.,-1.,-4.11996825544526E-14));
#4628=DIRECTION('',(2.25236016820326E-28,4.13836134804908E-14,-1.));
#4629=DIRECTION('',(-1.,9.17629173994562E-42,-2.25236016820326E-28));
#4630=DIRECTION('',(2.25236016820326E-28,0.,-1.));
#4631=DIRECTION('',(1.44788522032095E-43,-1.,-4.13836134804908E-14));
#4632=DIRECTION('',(0.707106781186533,2.92626337220587E-14,-0.707106781186562));
#4633=DIRECTION('',(-1.44788522032096E-43,1.,4.13836134804908E-14));
#4634=DIRECTION('',(0.,-4.11996825544526E-14,1.));
#4635=DIRECTION('',(0.,-1.,-4.11996825544526E-14));
#4636=DIRECTION('',(0.707106781186533,-2.92626337220587E-14,0.707106781186562));
#4637=DIRECTION('',(1.44788522032095E-43,-1.,-4.13836134804908E-14));
#4638=DIRECTION('',(0.,-4.11996825544526E-14,1.));
#4639=DIRECTION('',(0.,-1.,-4.11996825544526E-14));
#4640=DIRECTION('',(0.,2.16840434497128E-15,1.));
#4641=DIRECTION('',(0.,-1.,2.16840434497128E-15));
#4642=DIRECTION('',(0.,2.16840434497128E-15,1.));
#4643=DIRECTION('',(0.,-1.,2.16840434497128E-15));
#4644=DIRECTION('',(0.,-4.11996825544526E-14,1.));
#4645=DIRECTION('',(0.,-1.,-4.11996825544526E-14));
#4646=DIRECTION('',(-0.707106781186532,-2.40248002488853E-14,0.707106781186563));
#4647=DIRECTION('',(7.40741513521366E-15,1.,4.13836134804908E-14));
#4648=DIRECTION('',(-1.,9.32645254037788E-42,-2.25236016820326E-28));
#4649=DIRECTION('',(-2.25236016820326E-28,0.,1.));
#4650=DIRECTION('',(-5.37227840016864E-45,-1.,-4.13836134804908E-14));
#4651=DIRECTION('',(2.25236016820326E-28,4.13836134804908E-14,-1.));
#4652=DIRECTION('',(1.,-9.32108026197772E-42,2.25236016820326E-28));
#4653=DIRECTION('',(-1.,1.2939832891793E-16,-2.19881046391365E-28));
#4654=DIRECTION('',(-1.2939832891793E-16,-1.,0.));
#4655=DIRECTION('',(-1.2939832891793E-16,-1.,-4.13836134804908E-14));
#4656=DIRECTION('',(2.25236016820326E-28,4.13836134804908E-14,-1.));
#4657=DIRECTION('',(1.,-9.32108026197772E-42,2.25236016820326E-28));
#4658=DIRECTION('',(1.,-9.32645254037788E-42,2.25236016820326E-28));
#4659=DIRECTION('',(2.25236016820326E-28,0.,-1.));
#4660=DIRECTION('',(5.37227840016721E-45,1.,4.13836134804908E-14));
#4661=DIRECTION('',(2.25236016820326E-28,4.13836134804908E-14,-1.));
#4662=DIRECTION('',(1.,-9.32108026197772E-42,2.25236016820326E-28));
#4663=DIRECTION('',(-2.12795912926788E-12,1.,4.13836134804908E-14));
#4664=DIRECTION('',(-1.,-2.12795912926788E-12,0.));
#4665=DIRECTION('',(2.25236016820314E-28,4.13836134804908E-14,-1.));
#4666=DIRECTION('',(1.,2.12795912926788E-12,8.8287874124724E-26));
#4667=DIRECTION('',(-1.55478138803148E-57,1.,4.13836134804908E-14));
#4668=DIRECTION('',(0.,-4.13836134804908E-14,1.));
#4669=DIRECTION('',(-1.,9.32108026197769E-42,-2.25236016820326E-28));
#4670=DIRECTION('',(-2.25236016820326E-28,-4.13836134804908E-14,1.));
#4671=DIRECTION('',(-4.27834850082578E-12,1.,4.13836134804908E-14));
#4672=DIRECTION('',(-1.,-4.27834850082578E-12,0.));
#4673=DIRECTION('',(2.25236016820314E-28,4.13836134804908E-14,-1.));
#4674=DIRECTION('',(-1.,-4.27834850082578E-12,-1.77278756709831E-25));
#4675=DIRECTION('',(2.82549478494105E-14,-1.,-4.13836134804908E-14));
#4676=DIRECTION('',(0.,4.13836134804908E-14,-1.));
#4677=DIRECTION('',(1.,2.82549478494105E-14,1.39452785753175E-27));
#4678=DIRECTION('',(2.25236016820326E-28,4.13836134804908E-14,-1.));
#4679=DIRECTION('',(2.25236016820326E-28,4.13836134804908E-14,-1.));
#4680=DIRECTION('',(1.,-9.32108026197769E-42,2.25236016820326E-28));
#4681=DIRECTION('',(2.25236016820326E-28,4.13836134804908E-14,-1.));
#4682=DIRECTION('',(1.,-9.32108026197769E-42,2.25236016820326E-28));
#4683=DIRECTION('',(2.25236016820326E-28,4.13836134804908E-14,-1.));
#4684=DIRECTION('',(0.,1.,4.13836134804908E-14));
#4685=DIRECTION('',(0.,-4.33680868994197E-14,1.));
#4686=DIRECTION('',(0.,-1.,-4.33680868994197E-14));
#4687=DIRECTION('',(2.25236016820326E-28,4.13836134804908E-14,-1.));
#4688=DIRECTION('',(0.,1.,4.13836134804908E-14));
#4689=DIRECTION('',(0.,-4.1199682554448E-14,1.));
#4690=DIRECTION('',(0.,-1.,-4.1199682554448E-14));
#4691=DIRECTION('',(2.25236016820326E-28,4.13836134804908E-14,-1.));
#4692=DIRECTION('',(0.,1.,4.13836134804908E-14));
#4693=DIRECTION('',(0.,-4.1199682554448E-14,1.));
#4694=DIRECTION('',(0.,-1.,-4.1199682554448E-14));
#4695=DIRECTION('',(2.25236016820326E-28,4.13836134804908E-14,-1.));
#4696=DIRECTION('',(0.,1.,4.13836134804908E-14));
#4697=DIRECTION('',(0.,-4.33680868994189E-14,1.));
#4698=DIRECTION('',(0.,-1.,-4.33680868994189E-14));
#4699=DIRECTION('',(0.,4.33680868994189E-14,-1.));
#4700=DIRECTION('',(0.,1.,4.33680868994189E-14));
#4701=DIRECTION('',(0.,-0.707106781186508,-0.707106781186587));
#4702=DIRECTION('',(-7.53853923187405E-17,-0.707106781186542,-0.707106781186553));
#4703=DIRECTION('',(1.,-1.06611044222201E-16,2.20824066573483E-28));
#4704=DIRECTION('',(-1.59265914861098E-28,-0.707106781186584,0.707106781186511));
#4705=DIRECTION('',(-1.,9.32108026197769E-42,-2.25236016820326E-28));
#4706=DIRECTION('',(-0.577350269189691,-0.577350269189563,-0.577350269189623));
#4707=DIRECTION('',(-0.707106781186501,-9.24387690982161E-15,0.707106781186594));
#4708=DIRECTION('',(2.83107973857181E-14,1.,4.13836134804908E-14));
#4709=DIRECTION('',(0.577350269190081,-0.577350269188799,0.577350269189998));
#4710=DIRECTION('',(1.50469433039317E-12,-0.70710678118653,-0.707106781186566));
#4711=DIRECTION('',(1.,2.12795912926788E-12,8.8287874124724E-26));
#4712=DIRECTION('',(-1.49649437468295E-12,0.707106781186564,-0.707106781186531));
#4713=DIRECTION('',(0.,4.33680868994197E-14,-1.));
#4714=DIRECTION('',(0.,1.,4.33680868994197E-14));
#4715=DIRECTION('',(-3.0297877913663E-12,0.707106781186514,0.707106781186581));
#4716=DIRECTION('',(0.,4.1199682554448E-14,-1.));
#4717=DIRECTION('',(0.,1.,4.1199682554448E-14));
#4718=DIRECTION('',(3.02524923721324E-12,-0.707106781186583,0.707106781186512));
#4719=DIRECTION('',(-1.,-4.27834850082578E-12,-1.77278756709831E-25));
#4720=DIRECTION('',(0.577350269190514,-0.577350269187918,-0.577350269190446));
#4721=DIRECTION('',(0.707106781186501,-9.24387690982161E-15,0.707106781186594));
#4722=DIRECTION('',(2.83107973857181E-14,-1.,-4.13836134804908E-14));
#4723=DIRECTION('',(0.577350269189667,0.577350269189628,-0.577350269189583));
#4724=DIRECTION('',(-1.99792652263909E-14,0.70710678118653,0.707106781186565));
#4725=DIRECTION('',(1.,2.82549478494105E-14,1.39452785753175E-27));
#4726=DIRECTION('',(2.45326946669336E-14,-0.707106781186563,0.707106781186532));
#4727=DIRECTION('',(-1.59265914861098E-28,-0.707106781186584,0.707106781186511));
#4728=DIRECTION('',(1.,-9.32108026197769E-42,2.25236016820326E-28));
#4729=DIRECTION('',(0.,4.1199682554448E-14,-1.));
#4730=DIRECTION('',(0.,1.,4.1199682554448E-14));
#4731=DIRECTION('',(2.25236016820326E-28,4.13836134804908E-14,-1.));
#4732=DIRECTION('',(0.,1.,4.13836134804908E-14));
#4733=DIRECTION('',(2.25236016820326E-28,4.13836134804908E-14,-1.));
#4734=DIRECTION('',(0.,1.,4.13836134804908E-14));
#4735=DIRECTION('',(-0.0845916763900456,0.702028666284706,0.707106781186575));
#4736=DIRECTION('',(7.53853923187379E-17,0.707106781186518,0.707106781186577));
#4737=DIRECTION('',(7.53853923190565E-17,0.707106781186577,-0.707106781186518));
#4738=DIRECTION('',(-7.5385392318738E-17,-0.707106781186518,-0.707106781186577));
#4739=DIRECTION('',(-1.22599440693184E-12,0.70710678118652,0.707106781186575));
#4740=DIRECTION('',(-1.,1.06611044222201E-16,-2.20824066573483E-28));
#4741=DIRECTION('',(0.0845916763468299,0.702028666289914,0.707106781186575));
#4742=DIRECTION('',(2.25236016820326E-28,4.13836134804908E-14,-1.));
#4743=DIRECTION('',(0.,1.,4.13836134804908E-14));
#4744=DIRECTION('',(2.25236016820326E-28,4.13836134804908E-14,-1.));
#4745=DIRECTION('',(0.,1.,4.13836134804908E-14));
#4746=DIRECTION('',(0.0782341644936259,-0.702765548035774,0.707106781186521));
#4747=DIRECTION('',(-1.592659148611E-28,-0.707106781186577,0.707106781186518));
#4748=DIRECTION('',(1.592659148611E-28,-0.707106781186518,-0.707106781186577));
#4749=DIRECTION('',(1.592659148611E-28,0.707106781186577,-0.707106781186518));
#4750=DIRECTION('',(1.53249300866566E-13,-0.707106781186574,0.707106781186521));
#4751=DIRECTION('',(1.,-9.32208281912223E-42,2.25236016820326E-28));
#4752=DIRECTION('',(-0.0765667837086334,-0.702949164330217,0.707106781186523));
#4753=DIRECTION('',(-0.707106781186548,3.50144947859774E-14,-0.707106781186548));
#4754=DIRECTION('',(0.707106781186548,2.35107726581387E-14,-0.707106781186548));
#4755=DIRECTION('',(-0.654653670707979,-0.377964473009252,0.654653670707961));
#4756=DIRECTION('',(-8.13435992548042E-15,-1.,-4.13836134804908E-14));
#4757=DIRECTION('',(0.577350269189696,0.577350269189514,-0.577350269189667));
#4758=DIRECTION('',(-0.353553390593274,-0.612372435695765,-0.707106781186573));
#4759=DIRECTION('',(0.353553390593274,0.612372435695824,-0.707106781186522));
#4760=DIRECTION('',(0.,-0.755928946018482,0.654653670707946));
#4761=DIRECTION('',(0.866025403784439,-0.5,-2.06918067402452E-14));
#4762=DIRECTION('',(0.353553390593274,-0.612372435695765,-0.707106781186573));
#4763=DIRECTION('',(-0.353553390593274,0.612372435695824,-0.707106781186522));
#4764=DIRECTION('',(0.654653670707975,-0.377964473009257,0.654653670707962));
#4765=DIRECTION('',(0.866025403784439,0.5,2.06918067402456E-14));
#4766=DIRECTION('',(0.707106781186548,2.35107726581387E-14,-0.707106781186548));
#4767=DIRECTION('',(-0.707106781186548,3.50144947859774E-14,-0.707106781186548));
#4768=DIRECTION('',(0.654653670707979,0.377964473009198,0.654653670707992));
#4769=DIRECTION('',(8.13435992548041E-15,1.,4.13836134804908E-14));
#4770=DIRECTION('',(0.353553390593274,0.612372435695824,-0.707106781186522));
#4771=DIRECTION('',(-0.353553390593274,-0.612372435695765,-0.707106781186573));
#4772=DIRECTION('',(0.,0.755928946018427,0.654653670708008));
#4773=DIRECTION('',(-0.866025403784439,0.5,2.06918067402452E-14));
#4774=DIRECTION('',(-0.353553390593274,0.612372435695824,-0.707106781186522));
#4775=DIRECTION('',(0.353553390593274,-0.612372435695765,-0.707106781186573));
#4776=DIRECTION('',(-0.654653670707975,0.377964473009203,0.654653670707994));
#4777=DIRECTION('',(-0.866025403784439,-0.5,-2.06918067402456E-14));
#4778=DIRECTION('',(-0.707106781186548,3.50144947859774E-14,-0.707106781186548));
#4779=DIRECTION('',(0.707106781186548,2.35107726581387E-14,-0.707106781186548));
#4780=DIRECTION('',(0.577350269189556,-0.577350269189737,-0.577350269189584));
#4781=DIRECTION('',(-8.13435992548042E-15,-1.,-4.13836134804908E-14));
#4782=DIRECTION('',(2.45897687122095E-13,0.707106781186577,-0.707106781186518));
#4783=DIRECTION('',(-2.45897687122094E-13,-0.707106781186518,-0.707106781186577));
#4784=DIRECTION('',(-1.,3.47751844084243E-13,1.41659918858899E-26));
#4785=DIRECTION('',(2.25236016820326E-28,4.13836134804908E-14,-1.));
#4786=DIRECTION('',(0.,1.,4.13836134804908E-14));
#4787=DIRECTION('',(2.25236016820326E-28,4.13836134804908E-14,-1.));
#4788=DIRECTION('',(0.,1.,4.13836134804908E-14));
#4789=DIRECTION('',(0.707106781186548,2.92626337220581E-14,-0.707106781186548));
#4790=DIRECTION('',(-0.707106781186548,2.92626337220581E-14,-0.707106781186548));
#4791=DIRECTION('',(-0.57735026918956,0.577350269189781,-0.577350269189536));
#4792=DIRECTION('',(3.15544362088404E-30,1.,4.13836134804908E-14));
#4793=DIRECTION('',(0.654653670707977,-0.377964473009255,0.654653670707962));
#4794=DIRECTION('',(-2.42022847436633E-13,-0.707106781186518,-0.707106781186577));
#4795=DIRECTION('',(2.42022847436633E-13,0.707106781186577,-0.707106781186518));
#4796=DIRECTION('',(1.,-3.42271993249041E-13,-1.39392158569951E-26));
#4797=DIRECTION('',(2.25236016820326E-28,4.13836134804908E-14,-1.));
#4798=DIRECTION('',(0.,1.,4.13836134804908E-14));
#4799=DIRECTION('',(2.25236016820326E-28,4.13836134804908E-14,-1.));
#4800=DIRECTION('',(0.,1.,4.13836134804908E-14));
#4801=DIRECTION('',(2.42022847436633E-13,0.707106781186577,-0.707106781186518));
#4802=DIRECTION('',(-2.42022847436633E-13,-0.707106781186518,-0.707106781186577));
#4803=DIRECTION('',(-1.,3.42271993249041E-13,1.39392158569951E-26));
#4804=DIRECTION('',(-0.577350269189692,-0.57735026918947,-0.577350269189716));
#4805=DIRECTION('',(0.707106781186548,2.92626337220581E-14,-0.707106781186548));
#4806=DIRECTION('',(-0.707106781186548,2.92626337220581E-14,-0.707106781186548));
#4807=DIRECTION('',(0.654653670707977,0.3779644730092,0.654653670707993));
#4808=DIRECTION('',(3.15544362088404E-30,1.,4.13836134804908E-14));
#4809=DIRECTION('',(0.353553390593274,0.612372435695824,-0.707106781186522));
#4810=DIRECTION('',(-0.353553390593274,-0.612372435695765,-0.707106781186573));
#4811=DIRECTION('',(0.,0.755928946018427,0.654653670708008));
#4812=DIRECTION('',(-0.866025403784439,0.5,2.06918067402452E-14));
#4813=DIRECTION('',(-0.353553390593274,0.612372435695824,-0.707106781186522));
#4814=DIRECTION('',(0.353553390593274,-0.612372435695765,-0.707106781186573));
#4815=DIRECTION('',(-0.654653670707977,0.3779644730092,0.654653670707993));
#4816=DIRECTION('',(-0.866025403784439,-0.5,-2.06918067402456E-14));
#4817=DIRECTION('',(-0.707106781186548,2.92626337220581E-14,-0.707106781186548));
#4818=DIRECTION('',(0.707106781186548,2.92626337220581E-14,-0.707106781186548));
#4819=DIRECTION('',(-0.654653670707977,-0.377964473009255,0.654653670707962));
#4820=DIRECTION('',(3.15544362088404E-30,-1.,-4.13836134804908E-14));
#4821=DIRECTION('',(-0.353553390593274,-0.612372435695765,-0.707106781186573));
#4822=DIRECTION('',(0.353553390593274,0.612372435695824,-0.707106781186522));
#4823=DIRECTION('',(0.,-0.755928946018482,0.654653670707946));
#4824=DIRECTION('',(0.866025403784439,-0.5,-2.06918067402452E-14));
#4825=DIRECTION('',(0.353553390593274,0.612372435695824,-0.707106781186522));
#4826=DIRECTION('',(-0.353553390593274,-0.612372435695765,-0.707106781186573));
#4827=DIRECTION('',(0.,0.755928946018427,0.654653670708008));
#4828=DIRECTION('',(-0.866025403784439,0.5,2.06918067402452E-14));
#4829=DIRECTION('',(0.654653670707977,0.3779644730092,0.654653670707993));
#4830=DIRECTION('',(-0.353553390593274,0.612372435695824,-0.707106781186522));
#4831=DIRECTION('',(0.353553390593274,-0.612372435695765,-0.707106781186573));
#4832=DIRECTION('',(-0.654653670707977,0.3779644730092,0.654653670707993));
#4833=DIRECTION('',(-0.866025403784439,-0.5,-2.06918067402456E-14));
#4834=DIRECTION('',(-0.707106781186548,2.92626337220581E-14,-0.707106781186548));
#4835=DIRECTION('',(0.707106781186548,2.92626337220581E-14,-0.707106781186548));
#4836=DIRECTION('',(-0.654653670707977,-0.377964473009255,0.654653670707962));
#4837=DIRECTION('',(3.15544362088404E-30,-1.,-4.13836134804908E-14));
#4838=DIRECTION('',(-0.353553390593274,-0.612372435695765,-0.707106781186573));
#4839=DIRECTION('',(0.353553390593274,0.612372435695824,-0.707106781186522));
#4840=DIRECTION('',(0.,-0.755928946018482,0.654653670707946));
#4841=DIRECTION('',(0.866025403784439,-0.5,-2.06918067402452E-14));
#4842=DIRECTION('',(0.353553390593274,-0.612372435695765,-0.707106781186573));
#4843=DIRECTION('',(-0.353553390593274,0.612372435695824,-0.707106781186522));
#4844=DIRECTION('',(0.654653670707977,-0.377964473009255,0.654653670707962));
#4845=DIRECTION('',(0.866025403784439,0.5,2.06918067402456E-14));
#4846=DIRECTION('',(-2.45897687122094E-13,-0.707106781186518,-0.707106781186577));
#4847=DIRECTION('',(2.45897687122094E-13,0.707106781186577,-0.707106781186518));
#4848=DIRECTION('',(1.,-3.47751844084242E-13,-1.41659918858898E-26));
#4849=DIRECTION('',(0.353553390593274,-0.612372435695765,-0.707106781186573));
#4850=DIRECTION('',(-0.353553390593274,0.612372435695824,-0.707106781186522));
#4851=DIRECTION('',(0.866025403784439,0.5,2.06918067402456E-14));
#4852=DIRECTION('',(0.707106781186548,2.92626337220581E-14,-0.707106781186548));
#4853=DIRECTION('',(-0.707106781186548,2.92626337220581E-14,-0.707106781186548));
#4854=DIRECTION('',(3.15544362088404E-30,1.,4.13836134804908E-14));
#4855=DIRECTION('',(2.25236016820326E-28,4.13836134804908E-14,-1.));
#4856=DIRECTION('',(1.,-9.32108026197769E-42,2.25236016820326E-28));
#4857=CARTESIAN_POINT('',(0.,0.,0.));
#4858=CARTESIAN_POINT('',(-64.4864385365485,2.76696068865347,-37.03661970299));
#4859=CARTESIAN_POINT('',(-64.4864385365485,2.76696068865369,-42.4366211294364));
#4860=CARTESIAN_POINT('',(-68.9705975275123,3.25538524193134,-37.03661970299));
#4861=CARTESIAN_POINT('',(-68.9705975275123,3.25538524193156,-42.4366211294364));
#4862=CARTESIAN_POINT('',(-71.2126770229965,4.55480273028968,-37.03661970299));
#4863=CARTESIAN_POINT('',(-71.2126770229965,4.5548027302899,-42.4366211294364));
#4864=CARTESIAN_POINT('',(-71.2126770230009,6.6652131537285,-37.0366197029899));
#4865=CARTESIAN_POINT('',(-71.2126770230009,6.66521315372872,-42.4366211294363));
#4866=CARTESIAN_POINT('',(-71.2126770230009,6.66521315372868,-41.4579438272313));
#4867=CARTESIAN_POINT('',(-71.212677023,6.23046980913513,-41.4579438272314));
#4868=CARTESIAN_POINT('',(-70.9919523586142,5.37859624719479,-41.6786684916145));
#4869=CARTESIAN_POINT('',(-70.490982370186,4.82830538073627,-42.1796384800429));
#4870=CARTESIAN_POINT('',(-70.2339997207921,4.60418907393841,-42.4366211294363));
#4871=CARTESIAN_POINT('',(-71.2126770230009,6.66521315372868,-41.4579438272312));
#4872=CARTESIAN_POINT('',(-70.2339997207922,4.60418907393834,-42.4366211294364));
#4873=CARTESIAN_POINT('',(-64.4864385365485,2.7669606886537,-42.4366211294364));
#4874=CARTESIAN_POINT('',(-71.2126770229942,3.49959751857049,-42.4366211294364));
#4875=CARTESIAN_POINT('',(-71.2126770230009,6.66521315372872,-42.4366211294363));
#4876=CARTESIAN_POINT('',(-64.4864385365485,2.7669606886537,-42.4366211294364));
#4877=CARTESIAN_POINT('',(-64.4864385365485,2.76696068865267,-17.8366211294364));
#4878=CARTESIAN_POINT('',(-64.4864385365485,2.76696068865347,-37.03661970299));
#4879=CARTESIAN_POINT('',(-64.4864385365485,2.76696068865347,-37.0366197029902));
#4880=CARTESIAN_POINT('',(-68.2226998412591,3.17392256542011,-37.0366197029902));
#4881=CARTESIAN_POINT('',(-70.4024096760961,4.14391186726324,-37.0366197029901));
#4882=CARTESIAN_POINT('',(-71.0255680410593,5.67692859418283,-37.03661970299));
#4883=CARTESIAN_POINT('',(-71.0255680410731,5.67692859421677,-37.0366197029951));
#4884=CARTESIAN_POINT('',(-71.0255680410731,5.67692859421676,-36.6366197029901));
#4885=CARTESIAN_POINT('',(-71.0255680410731,5.67692859421688,-39.8366211294363));
#4886=CARTESIAN_POINT('',(-64.4864385365485,2.76696068865358,-39.8366211294364));
#4887=CARTESIAN_POINT('',(-71.2126770229942,3.49959751857038,-39.8366211294364));
#4888=CARTESIAN_POINT('',(-71.2126770230009,6.66521315372861,-39.8366211294362));
#4889=CARTESIAN_POINT('',(-71.2126770230009,6.66521315372861,-39.8366211294362));
#4890=CARTESIAN_POINT('',(-71.2126770230009,6.66521315372861,-39.8366211294362));
#4891=CARTESIAN_POINT('',(-71.2126770230209,16.0652152976716,-37.0366197029896));
#4892=CARTESIAN_POINT('',(-71.2126770230209,16.0652152976719,-42.4366211294358));
#4893=CARTESIAN_POINT('',(-71.2126770230259,18.3998730430814,-37.0366197029895));
#4894=CARTESIAN_POINT('',(-71.2126770230259,18.3998730430816,-42.4366211294357));
#4895=CARTESIAN_POINT('',(-68.9705975275351,19.8373636231228,-37.0366197029894));
#4896=CARTESIAN_POINT('',(-68.9705975275351,19.837363623123,-42.4366211294357));
#4897=CARTESIAN_POINT('',(-64.4864385365485,20.377687037796,-37.0366197029894));
#4898=CARTESIAN_POINT('',(-64.4864385365485,20.3776870377962,-42.4366211294357));
#4899=CARTESIAN_POINT('',(-64.4864385365485,20.3776870377952,-17.8366211294357));
#4900=CARTESIAN_POINT('',(-64.4864385365485,20.377687037796,-37.0366197029896));
#4901=CARTESIAN_POINT('',(-64.4864385365485,20.3776870377962,-42.4366211294357));
#4902=CARTESIAN_POINT('',(-71.2126770230209,16.0652152976718,-42.4366211294359));
#4903=CARTESIAN_POINT('',(-71.2126770230284,19.5672019157865,-42.4366211294357));
#4904=CARTESIAN_POINT('',(-64.4864385365485,20.3776870377962,-42.4366211294357));
#4905=CARTESIAN_POINT('',(-70.2339997208193,18.3452390209803,-42.436621129433));
#4906=CARTESIAN_POINT('',(-70.2339997208185,18.3452390209776,-42.4366211294347));
#4907=CARTESIAN_POINT('',(-70.5024889651416,18.0862073617592,-42.1681318851112));
#4908=CARTESIAN_POINT('',(-71.0080543688141,17.4561644546238,-41.6625664814375));
#4909=CARTESIAN_POINT('',(-71.2126770230219,16.5290055730341,-41.457943827228));
#4910=CARTESIAN_POINT('',(-71.2126770230209,16.0652152976718,-41.4579438272282));
#4911=CARTESIAN_POINT('',(-71.2126770230209,16.0652152976718,-41.4579438272281));
#4912=CARTESIAN_POINT('',(-71.2126770230209,16.0652152976717,-39.8366211294358));
#4913=CARTESIAN_POINT('',(-71.2126770230209,16.0652152976717,-39.8366211294358));
#4914=CARTESIAN_POINT('',(-71.2126770230209,16.0652152976717,-39.8366211294358));
#4915=CARTESIAN_POINT('',(-71.2126770230284,19.5672019157864,-39.8366211294357));
#4916=CARTESIAN_POINT('',(-64.4864385365485,20.3776870377962,-39.8366211294357));
#4917=CARTESIAN_POINT('',(-71.0747984559136,17.0128257043233,-39.8366211294358));
#4918=CARTESIAN_POINT('',(-71.0747984559136,17.0128257043233,-39.8366211294358));
#4919=CARTESIAN_POINT('',(-71.0747984559136,17.0128257043232,-37.0366197029896));
#4920=CARTESIAN_POINT('',(-71.0747984559175,17.0128257043106,-37.0366197029896));
#4921=CARTESIAN_POINT('',(-70.5247053427514,18.7931031032243,-37.0366197029895));
#4922=CARTESIAN_POINT('',(-68.3285853696284,19.9147235477194,-37.0366197029894));
#4923=CARTESIAN_POINT('',(-64.4864385365485,20.377687037796,-37.0366197029894));
#4924=CARTESIAN_POINT('',(-40.0850317926303,2.77446084516647,-37.0366197029902));
#4925=CARTESIAN_POINT('',(-40.0850317926303,2.7744608451667,-42.4366211294364));
#4926=CARTESIAN_POINT('',(-35.646278887855,3.26859736890295,-37.0366197029902));
#4927=CARTESIAN_POINT('',(-35.646278887855,3.26859736890317,-42.4366211294364));
#4928=CARTESIAN_POINT('',(-33.4269024354651,4.56551480509029,-37.0366197029901));
#4929=CARTESIAN_POINT('',(-33.4269024354651,4.56551480509051,-42.4366211294364));
#4930=CARTESIAN_POINT('',(-33.4269024354605,6.66521315372849,-37.03661970299));
#4931=CARTESIAN_POINT('',(-33.4269024354605,6.66521315372872,-42.4366211294363));
#4932=CARTESIAN_POINT('',(-40.0850317926303,2.7744608451667,-42.4366211294364));
#4933=CARTESIAN_POINT('',(-33.4269024354673,3.51566563077141,-42.4366211294364));
#4934=CARTESIAN_POINT('',(-33.4269024354605,6.66521315372872,-42.4366211294363));
#4935=CARTESIAN_POINT('',(-34.405579737657,4.60418907394894,-42.436621129436));
#4936=CARTESIAN_POINT('',(-40.0850317926303,2.7744608451667,-42.4366211294364));
#4937=CARTESIAN_POINT('',(-33.4269024354605,6.66521315380958,-41.4579438272346));
#4938=CARTESIAN_POINT('',(-33.4269024354615,6.23046998052227,-41.4579438272366));
#4939=CARTESIAN_POINT('',(-33.6476646206982,5.37854321033085,-41.6787060124742));
#4940=CARTESIAN_POINT('',(-34.1485613381827,4.82833655863606,-42.1796027299612));
#4941=CARTESIAN_POINT('',(-34.405579737657,4.60418907394919,-42.4366211294362));
#4942=CARTESIAN_POINT('',(-33.4269024354572,6.66521315380909,-41.4579438272313));
#4943=CARTESIAN_POINT('',(-33.4269024354572,6.66521315380902,-39.8366211294362));
#4944=CARTESIAN_POINT('',(-33.4269024354572,6.66521315380902,-39.8366211294362));
#4945=CARTESIAN_POINT('',(-40.0850317926303,2.77446084516659,-39.8366211294364));
#4946=CARTESIAN_POINT('',(-33.4269024354673,3.5156656307713,-39.8366211294364));
#4947=CARTESIAN_POINT('',(-33.4269024354605,6.66521315372861,-39.8366211294362));
#4948=CARTESIAN_POINT('',(-33.6140114173518,5.67692859430688,-39.8366211294363));
#4949=CARTESIAN_POINT('',(-33.6140114173518,5.67692859430688,-39.8366211294363));
#4950=CARTESIAN_POINT('',(-33.6140114173518,5.67692859430677,-37.0366197029901));
#4951=CARTESIAN_POINT('',(-33.6140114173649,5.67692859427444,-37.03661970299));
#4952=CARTESIAN_POINT('',(-34.233373583665,4.15325080311857,-37.0366197029901));
#4953=CARTESIAN_POINT('',(-36.3903803721243,3.18576155378282,-37.0366197029902));
#4954=CARTESIAN_POINT('',(-40.0850317827428,2.77446084626717,-37.0366197029902));
#4955=CARTESIAN_POINT('',(-40.0850317828808,2.77446084625182,-37.0366197029902));
#4956=CARTESIAN_POINT('',(-40.0850317828808,2.77446084625102,-17.8366211294364));
#4957=CARTESIAN_POINT('',(-33.4269024354406,16.0652152976716,-37.0366197029891));
#4958=CARTESIAN_POINT('',(-33.4269024354406,16.0652152976719,-42.4366211294358));
#4959=CARTESIAN_POINT('',(-33.4269024354356,18.3998730430813,-37.036619702989));
#4960=CARTESIAN_POINT('',(-33.4269024354356,18.3998730430816,-42.4366211294358));
#4961=CARTESIAN_POINT('',(-35.6689819309263,19.8373636231228,-37.036619702989));
#4962=CARTESIAN_POINT('',(-35.6689819309263,19.837363623123,-42.4366211294357));
#4963=CARTESIAN_POINT('',(-40.1531409219129,20.377687037796,-37.036619702989));
#4964=CARTESIAN_POINT('',(-40.1531409219129,20.3776870377962,-42.4366211294357));
#4965=CARTESIAN_POINT('',(-33.4269024354406,16.0652152976718,-42.4366211294359));
#4966=CARTESIAN_POINT('',(-33.4269024354331,19.5672019157864,-42.4366211294357));
#4967=CARTESIAN_POINT('',(-40.1531409219129,20.3776870377962,-42.4366211294357));
#4968=CARTESIAN_POINT('',(-40.1531409219129,20.3776870377962,-42.4366211294357));
#4969=CARTESIAN_POINT('',(-34.4055797376889,18.3452390210252,-42.4366211294326));
#4970=CARTESIAN_POINT('',(-40.1531409219239,20.3776870377966,-17.8366211294357));
#4971=CARTESIAN_POINT('',(-40.1531409219239,20.3776870377974,-37.0366197029894));
#4972=CARTESIAN_POINT('',(-40.1531409219129,20.377687037796,-37.0366197029894));
#4973=CARTESIAN_POINT('',(-36.140983118597,19.8942378985364,-37.0366197029894));
#4974=CARTESIAN_POINT('',(-33.9237449725773,18.6925524147426,-37.0366197029895));
#4975=CARTESIAN_POINT('',(-33.5014264838538,16.7726305864144,-37.0366197029896));
#4976=CARTESIAN_POINT('',(-33.5014264838564,16.7726305864262,-37.0366197029891));
#4977=CARTESIAN_POINT('',(-33.5014264838564,16.7726305864262,-36.6366197029895));
#4978=CARTESIAN_POINT('',(-33.5014264838564,16.7726305864263,-39.8366211294358));
#4979=CARTESIAN_POINT('',(-33.4269024354406,16.0652152976717,-39.8366211294358));
#4980=CARTESIAN_POINT('',(-33.4269024354331,19.5672019157863,-39.8366211294357));
#4981=CARTESIAN_POINT('',(-40.1531409219129,20.3776870377961,-39.8366211294357));
#4982=CARTESIAN_POINT('',(-33.4269024354406,16.0652152976717,-39.8366211294358));
#4983=CARTESIAN_POINT('',(-33.4269024354406,16.0652152976717,-39.8366211294358));
#4984=CARTESIAN_POINT('',(-33.4269024354406,16.0652152976718,-41.4579438271915));
#4985=CARTESIAN_POINT('',(-34.4055797376894,18.3452390210223,-42.4366211294347));
#4986=CARTESIAN_POINT('',(-34.1370904933564,18.086207361803,-42.1681318851024));
#4987=CARTESIAN_POINT('',(-33.6315250896601,17.4561644546622,-41.6625664814075));
#4988=CARTESIAN_POINT('',(-33.4269024354396,16.529005573046,-41.4579438271894));
#4989=CARTESIAN_POINT('',(-33.4269024354406,16.0652152976718,-41.4579438271915));
#4990=CARTESIAN_POINT('',(-56.6462993368991,20.6217463979526,-38.6897454822983));
#4991=CARTESIAN_POINT('',(-44.8139720305668,20.6217463979516,-17.8366211294357));
#4992=CARTESIAN_POINT('',(-44.8139720305668,20.6217463979524,-37.0366197029894));
#4993=CARTESIAN_POINT('',(-44.8139720305668,20.6217463979525,-42.4366211294357));
#4994=CARTESIAN_POINT('',(-56.6462993368991,20.6217463979526,-42.4366211294357));
#4995=CARTESIAN_POINT('',(-59.8256074278947,20.6217463979526,-42.4366211294357));
#4996=CARTESIAN_POINT('',(-59.8256074278947,20.6217463979516,-17.8366211294357));
#4997=CARTESIAN_POINT('',(-59.8256074278947,20.6217463979524,-37.0366197029894));
#4998=CARTESIAN_POINT('',(-56.6462993368991,20.6217463979526,-37.0366197029894));
#4999=CARTESIAN_POINT('',(-44.8139720305668,2.54634359022491,-37.0366197029902));
#5000=CARTESIAN_POINT('',(-44.8139720305668,2.54634359022514,-42.4366211294365));
#5001=CARTESIAN_POINT('',(-43.0274401734499,2.54634359022491,-37.0366197029902));
#5002=CARTESIAN_POINT('',(-43.0274401734499,2.54634359022514,-42.4366211294365));
#5003=CARTESIAN_POINT('',(-41.4511267608044,2.62238267520544,-37.0366197029902));
#5004=CARTESIAN_POINT('',(-41.4511267608044,2.62238267520566,-42.4366211294364));
#5005=CARTESIAN_POINT('',(-40.0850317926303,2.77446084516647,-37.0366197029902));
#5006=CARTESIAN_POINT('',(-40.0850317926303,2.7744608451667,-42.4366211294364));
#5007=CARTESIAN_POINT('',(-44.8139720305668,2.54634359022514,-42.4366211294365));
#5008=CARTESIAN_POINT('',(-42.1341742448915,2.54634359022514,-42.4366211294365));
#5009=CARTESIAN_POINT('',(-40.0850317926303,2.7744608451667,-42.4366211294364));
#5010=CARTESIAN_POINT('',(-44.8139720305668,2.54634359022514,-42.4366211294365));
#5011=CARTESIAN_POINT('',(-40.0850317926303,2.77446084516647,-37.0366197029902));
#5012=CARTESIAN_POINT('',(-41.4511267608044,2.62238267520544,-37.0366197029902));
#5013=CARTESIAN_POINT('',(-43.0274401734499,2.54634359022491,-37.0366197029902));
#5014=CARTESIAN_POINT('',(-44.8139720305668,2.54634359022491,-37.0366197029902));
#5015=CARTESIAN_POINT('',(-44.8139720305668,2.54634359022492,-37.0366197029904));
#5016=CARTESIAN_POINT('',(-44.8139720305668,2.54634359022412,-17.8366211294365));
#5017=CARTESIAN_POINT('',(-56.0726985785627,2.54634359022412,-17.8366211294365));
#5018=CARTESIAN_POINT('',(-56.0726985785627,2.54634359022514,-42.4366211294365));
#5019=CARTESIAN_POINT('',(-59.8256074278947,2.54634359022514,-42.4366211294365));
#5020=CARTESIAN_POINT('',(-59.8256074278947,2.54634359022492,-37.0366197029902));
#5021=CARTESIAN_POINT('',(-59.8256074278947,2.54634359022492,-37.0366197029902));
#5022=CARTESIAN_POINT('',(-59.8256074278947,2.54634359022412,-17.8366211294365));
#5023=CARTESIAN_POINT('',(-59.8256074278947,2.54634359022491,-37.03661970299));
#5024=CARTESIAN_POINT('',(-59.8256074278947,2.54634359022514,-42.4366211294365));
#5025=CARTESIAN_POINT('',(-61.5825245717069,2.54634359022491,-37.03661970299));
#5026=CARTESIAN_POINT('',(-61.5825245717069,2.54634359022514,-42.4366211294365));
#5027=CARTESIAN_POINT('',(-63.1361349412582,2.61988262303443,-37.03661970299));
#5028=CARTESIAN_POINT('',(-63.1361349412582,2.61988262303466,-42.4366211294364));
#5029=CARTESIAN_POINT('',(-64.4864385365485,2.76696068865347,-37.03661970299));
#5030=CARTESIAN_POINT('',(-64.4864385365485,2.76696068865369,-42.4366211294364));
#5031=CARTESIAN_POINT('',(-59.8256074278947,2.54634359022514,-42.4366211294365));
#5032=CARTESIAN_POINT('',(-62.460983143613,2.54634359022514,-42.4366211294365));
#5033=CARTESIAN_POINT('',(-64.4864385365485,2.7669606886537,-42.4366211294364));
#5034=CARTESIAN_POINT('',(-59.8256074278947,2.54634359022491,-37.0366197029902));
#5035=CARTESIAN_POINT('',(-61.5825245717069,2.54634359022491,-37.0366197029902));
#5036=CARTESIAN_POINT('',(-63.1361349412582,2.61988262303443,-37.0366197029902));
#5037=CARTESIAN_POINT('',(-64.4864385365485,2.76696068865347,-37.0366197029902));
#5038=CARTESIAN_POINT('',(-64.4864385365485,20.377687037796,-37.0366197029894));
#5039=CARTESIAN_POINT('',(-64.4864385365485,20.3776870377962,-42.4366211294357));
#5040=CARTESIAN_POINT('',(-63.1361349412577,20.5403932779002,-37.0366197029894));
#5041=CARTESIAN_POINT('',(-63.1361349412577,20.5403932779004,-42.4366211294357));
#5042=CARTESIAN_POINT('',(-61.5825245717064,20.6217463979523,-37.0366197029894));
#5043=CARTESIAN_POINT('',(-61.5825245717064,20.6217463979526,-42.4366211294357));
#5044=CARTESIAN_POINT('',(-59.8256074278947,20.6217463979523,-37.0366197029894));
#5045=CARTESIAN_POINT('',(-59.8256074278947,20.6217463979526,-42.4366211294357));
#5046=CARTESIAN_POINT('',(-64.4864385365485,20.3776870377962,-42.4366211294357));
#5047=CARTESIAN_POINT('',(-62.4609831436123,20.6217463979525,-42.4366211294357));
#5048=CARTESIAN_POINT('',(-59.8256074278947,20.6217463979525,-42.4366211294357));
#5049=CARTESIAN_POINT('',(-64.4864385365485,20.377687037796,-37.0366197029894));
#5050=CARTESIAN_POINT('',(-63.1361349412577,20.5403932779002,-37.0366197029894));
#5051=CARTESIAN_POINT('',(-61.5825245717064,20.6217463979523,-37.0366197029894));
#5052=CARTESIAN_POINT('',(-59.8256074278947,20.6217463979523,-37.0366197029894));
#5053=CARTESIAN_POINT('',(-40.1531409219129,20.377687037796,-37.0366197029894));
#5054=CARTESIAN_POINT('',(-40.1531409219129,20.3776870377962,-42.4366211294357));
#5055=CARTESIAN_POINT('',(-41.5034445172037,20.5403932779002,-37.0366197029894));
#5056=CARTESIAN_POINT('',(-41.5034445172037,20.5403932779005,-42.4366211294357));
#5057=CARTESIAN_POINT('',(-43.057054886755,20.6217463979523,-37.0366197029894));
#5058=CARTESIAN_POINT('',(-43.057054886755,20.6217463979526,-42.4366211294357));
#5059=CARTESIAN_POINT('',(-44.8139720305668,20.6217463979523,-37.0366197029894));
#5060=CARTESIAN_POINT('',(-44.8139720305668,20.6217463979526,-42.4366211294357));
#5061=CARTESIAN_POINT('',(-40.1531409219129,20.3776870377962,-42.4366211294357));
#5062=CARTESIAN_POINT('',(-42.1785963148491,20.6217463979525,-42.4366211294357));
#5063=CARTESIAN_POINT('',(-44.8139720305668,20.6217463979525,-42.4366211294357));
#5064=CARTESIAN_POINT('',(-44.8139720305668,20.6217463979523,-37.0366197029894));
#5065=CARTESIAN_POINT('',(-43.057054886755,20.6217463979523,-37.0366197029894));
#5066=CARTESIAN_POINT('',(-41.5034445172037,20.5403932779002,-37.0366197029894));
#5067=CARTESIAN_POINT('',(-40.1531409219129,20.377687037796,-37.0366197029894));
#5068=CARTESIAN_POINT('',(-32.5126888730262,-20.5347868461157,-40.5437302648671));
#5069=CARTESIAN_POINT('',(-34.8055797376578,4.79224949542929,-42.8366211294365));
#5070=CARTESIAN_POINT('',(-34.6726978111692,4.72765802417422,-42.703739202948));
#5071=CARTESIAN_POINT('',(-34.5393452547372,4.66502042211282,-42.5703866465162));
#5072=CARTESIAN_POINT('',(-34.4055797376569,4.60418907394903,-42.436621129436));
#5073=CARTESIAN_POINT('',(-34.8055797376586,4.79224949542873,-42.836621129436));
#5074=CARTESIAN_POINT('',(-34.8055797376741,11.5840449941312,-42.8366211294361));
#5075=CARTESIAN_POINT('',(-34.8055797376687,9.32897891349102,-42.8366211294361));
#5076=CARTESIAN_POINT('',(-34.8055797376687,9.32897891349102,-42.8366211294361));
#5077=CARTESIAN_POINT('',(-34.6586880784514,9.5848284749462,-42.6897294702183));
#5078=CARTESIAN_POINT('',(-34.5238528511908,9.8526176180278,-42.5548942429569));
#5079=CARTESIAN_POINT('',(-34.4055797376706,10.1368083556792,-42.4366211294361));
#5080=CARTESIAN_POINT('',(-34.4055797376706,10.1368083556792,-42.4366211294361));
#5081=CARTESIAN_POINT('',(-36.5197897292939,12.2652152978123,-44.5508311210543));
#5082=CARTESIAN_POINT('',(-34.4055797376809,14.3936222399555,-42.4366211294359));
#5083=CARTESIAN_POINT('',(-34.8055797376828,15.2014516821418,-42.8366211294359));
#5084=CARTESIAN_POINT('',(-34.6586880784643,14.9456021206873,-42.689729470218));
#5085=CARTESIAN_POINT('',(-34.5238528512024,14.6778129776063,-42.5548942429568));
#5086=CARTESIAN_POINT('',(-34.4055797376809,14.3936222399555,-42.4366211294359));
#5087=CARTESIAN_POINT('',(-34.8055797376828,15.2014516821418,-42.8366211294359));
#5088=CARTESIAN_POINT('',(-34.8055797376741,11.5840449941312,-42.8366211294361));
#5089=CARTESIAN_POINT('',(-34.8055797376907,18.1699015002525,-42.8366211294358));
#5090=CARTESIAN_POINT('',(-34.8055797376902,18.1699015002518,-42.836621129436));
#5091=CARTESIAN_POINT('',(-34.6726250100542,18.2300614532292,-42.7036664017999));
#5092=CARTESIAN_POINT('',(-34.5392734448081,18.2884519714697,-42.5703148365535));
#5093=CARTESIAN_POINT('',(-34.4055797376877,18.3452390210245,-42.436621129433));
#5094=CARTESIAN_POINT('',(-33.4269024354671,11.3652142258519,-41.4579438272297));
#5095=CARTESIAN_POINT('',(-73.5268905854002,18.9652131537279,-39.1437302648541));
#5096=CARTESIAN_POINT('',(-69.8339997208169,18.1699015002105,-42.836621129436));
#5097=CARTESIAN_POINT('',(-69.9669544484531,18.2300614531867,-42.7036664017999));
#5098=CARTESIAN_POINT('',(-70.1003060136994,18.288451971426,-42.5703148365535));
#5099=CARTESIAN_POINT('',(-70.2339997208201,18.3452390209796,-42.436621129433));
#5100=CARTESIAN_POINT('',(-69.8339997208159,18.1699015002113,-42.8366211294354));
#5101=CARTESIAN_POINT('',(-69.8339997208049,11.5840449940566,-42.8366211294361));
#5102=CARTESIAN_POINT('',(-69.8339997208116,15.2014516821654,-42.8366211294359));
#5103=CARTESIAN_POINT('',(-69.8339997208116,15.2014516821654,-42.8366211294359));
#5104=CARTESIAN_POINT('',(-69.9808913800282,14.9456021207171,-42.6897294702189));
#5105=CARTESIAN_POINT('',(-70.1157266072888,14.6778129776428,-42.5548942429577));
#5106=CARTESIAN_POINT('',(-70.2339997208101,14.3936222399991,-42.4366211294359));
#5107=CARTESIAN_POINT('',(-70.2339997208101,14.3936222399991,-42.4366211294359));
#5108=CARTESIAN_POINT('',(-68.119789729241,12.2652152978123,-44.5508311210013));
#5109=CARTESIAN_POINT('',(-70.2339997208023,10.1368083556176,-42.4366211294361));
#5110=CARTESIAN_POINT('',(-69.8339997208008,9.32897891345278,-42.8366211294361));
#5111=CARTESIAN_POINT('',(-69.9808913800183,9.58482847490055,-42.6897294702191));
#5112=CARTESIAN_POINT('',(-70.11572660728,9.85261761797441,-42.5548942429579));
#5113=CARTESIAN_POINT('',(-70.2339997208023,10.1368083556176,-42.4366211294361));
#5114=CARTESIAN_POINT('',(-69.8339997208008,9.32897891345278,-42.8366211294361));
#5115=CARTESIAN_POINT('',(-69.8339997208049,11.5840449940566,-42.8366211294361));
#5116=CARTESIAN_POINT('',(-69.8339997207918,4.79224912291053,-42.8366211294364));
#5117=CARTESIAN_POINT('',(-69.8339997207922,4.79224912291111,-42.8366211294365));
#5118=CARTESIAN_POINT('',(-69.9668815769098,4.72765747886063,-42.7037392733189));
#5119=CARTESIAN_POINT('',(-70.1002341990436,4.66502027599223,-42.5703866511849));
#5120=CARTESIAN_POINT('',(-70.2339997207921,4.60418907393832,-42.4366211294363));
#5121=CARTESIAN_POINT('',(-71.2126770230109,11.3652142257009,-41.4579438272296));
#5122=CARTESIAN_POINT('',(-68.119789729241,12.2652152978122,-41.2366211294361));
#5123=CARTESIAN_POINT('',(-68.119789729241,12.2652152978122,-41.2366211294361));
#5124=CARTESIAN_POINT('',(-69.719789729241,14.8029308059021,-41.2366211294359));
#5125=CARTESIAN_POINT('',(-69.719789729241,9.7274997897223,-41.2366211294362));
#5126=CARTESIAN_POINT('',(-69.719789729241,9.7274997897223,-41.2366211294362));
#5127=CARTESIAN_POINT('',(-69.719789729241,9.72749978972229,-41.0366211294361));
#5128=CARTESIAN_POINT('',(-68.119789729241,12.2652152978122,-41.036621129436));
#5129=CARTESIAN_POINT('',(-66.519789729241,9.72749978972229,-41.0366211294361));
#5130=CARTESIAN_POINT('',(-66.519789729241,9.7274997897223,-41.2366211294362));
#5131=CARTESIAN_POINT('',(-66.519789729241,9.7274997897223,-41.2366211294362));
#5132=CARTESIAN_POINT('',(-68.119789729241,12.2652152978122,-41.2366211294361));
#5133=CARTESIAN_POINT('',(-65.5820742211511,10.6652152978122,-41.2366211294361));
#5134=CARTESIAN_POINT('',(-68.119789729241,12.2652152978122,-41.2366211294361));
#5135=CARTESIAN_POINT('',(-65.5820742211511,13.8652152978122,-41.2366211294359));
#5136=CARTESIAN_POINT('',(-68.119789729241,12.2652152978122,-41.2366211294361));
#5137=CARTESIAN_POINT('',(-66.519789729241,14.8029308059021,-41.2366211294359));
#5138=CARTESIAN_POINT('',(-66.519789729241,14.8029308059021,-41.2366211294359));
#5139=CARTESIAN_POINT('',(-66.519789729241,14.8029308059021,-41.0366211294359));
#5140=CARTESIAN_POINT('',(-68.119789729241,12.2652152978122,-41.036621129436));
#5141=CARTESIAN_POINT('',(-69.719789729241,14.8029308059021,-41.0366211294359));
#5142=CARTESIAN_POINT('',(-69.719789729241,14.8029308059021,-41.2366211294359));
#5143=CARTESIAN_POINT('',(-68.119789729241,12.2652152978122,-42.4366211294361));
#5144=CARTESIAN_POINT('',(-36.5197897292939,12.2652152978122,-41.2366211294361));
#5145=CARTESIAN_POINT('',(-36.5197897292939,12.2652152978122,-41.2366211294361));
#5146=CARTESIAN_POINT('',(-34.919789729294,9.72749978972229,-41.2366211294362));
#5147=CARTESIAN_POINT('',(-34.919789729294,14.8029308059021,-41.2366211294359));
#5148=CARTESIAN_POINT('',(-34.919789729294,14.8029308059021,-41.2366211294359));
#5149=CARTESIAN_POINT('',(-34.919789729294,14.8029308059021,-41.0366211294359));
#5150=CARTESIAN_POINT('',(-36.5197897292939,12.2652152978122,-41.036621129436));
#5151=CARTESIAN_POINT('',(-38.1197897292939,14.8029308059021,-41.0366211294359));
#5152=CARTESIAN_POINT('',(-38.1197897292939,14.8029308059021,-41.2366211294359));
#5153=CARTESIAN_POINT('',(-38.1197897292939,14.8029308059021,-41.2366211294359));
#5154=CARTESIAN_POINT('',(-36.5197897292939,12.2652152978122,-41.2366211294361));
#5155=CARTESIAN_POINT('',(-39.0575052373839,13.8652152978122,-41.2366211294359));
#5156=CARTESIAN_POINT('',(-36.5197897292939,12.2652152978122,-41.2366211294361));
#5157=CARTESIAN_POINT('',(-39.0575052373839,10.6652152978122,-41.2366211294361));
#5158=CARTESIAN_POINT('',(-36.5197897292939,12.2652152978122,-41.2366211294361));
#5159=CARTESIAN_POINT('',(-38.1197897292939,9.72749978972229,-41.2366211294362));
#5160=CARTESIAN_POINT('',(-38.1197897292939,9.72749978972229,-41.2366211294362));
#5161=CARTESIAN_POINT('',(-38.1197897292939,9.72749978972228,-41.0366211294361));
#5162=CARTESIAN_POINT('',(-36.5197897292939,12.2652152978122,-41.036621129436));
#5163=CARTESIAN_POINT('',(-34.919789729294,9.72749978972228,-41.0366211294361));
#5164=CARTESIAN_POINT('',(-34.919789729294,9.72749978972229,-41.2366211294362));
#5165=CARTESIAN_POINT('',(-36.5197897292939,12.2652152978122,-42.4366211294361));
#5166=CARTESIAN_POINT('',(-48.9007628508659,7.63811929566532,-42.9366225201357));
#5167=CARTESIAN_POINT('',(-48.9007628508659,7.83811929566532,-42.9366225201357));
#5168=CARTESIAN_POINT('',(-48.9007628508659,7.83811929566532,-42.4365349121062));
#5169=CARTESIAN_POINT('',(-48.9007628508659,7.83811929566532,-42.2366225193887));
#5170=CARTESIAN_POINT('',(-48.9007628508659,7.83811929566532,-42.4365349121062));
#5171=CARTESIAN_POINT('',(-48.9669692861241,7.83811929566532,-42.4347810413793));
#5172=CARTESIAN_POINT('',(-49.0307004824726,7.80394835339577,-42.4347508053347));
#5173=CARTESIAN_POINT('',(-49.067340767496,7.74880713461433,-42.4365458817628));
#5174=CARTESIAN_POINT('',(-49.067340767496,7.74880713461433,-42.4365458817628));
#5175=CARTESIAN_POINT('',(-49.067340767496,7.74880713461433,-42.9366225201357));
#5176=CARTESIAN_POINT('',(-49.067340767496,7.74880713461433,-42.2366225193887));
#5177=CARTESIAN_POINT('',(-48.9007628508659,7.63811929566532,-42.2366225193887));
#5178=CARTESIAN_POINT('',(-48.9418651287559,9.23811929566523,-42.9366225201357));
#5179=CARTESIAN_POINT('',(-49.1025401814503,9.11902468016279,-42.9366225201357));
#5180=CARTESIAN_POINT('',(-49.1025401814503,9.11902468016279,-42.4365538472112));
#5181=CARTESIAN_POINT('',(-49.1025401814503,9.11902468016279,-42.2366225193887));
#5182=CARTESIAN_POINT('',(-49.1025401814503,9.11902468016279,-42.4365538472112));
#5183=CARTESIAN_POINT('',(-49.0651967478014,9.06864324063243,-42.4349344654624));
#5184=CARTESIAN_POINT('',(-49.0045755559296,9.03811929566526,-42.4349586271811));
#5185=CARTESIAN_POINT('',(-48.941865128756,9.03811929566523,-42.4365438852979));
#5186=CARTESIAN_POINT('',(-48.941865128756,9.03811929566523,-42.4365438852979));
#5187=CARTESIAN_POINT('',(-48.941865128756,9.03811929566523,-42.9366225201357));
#5188=CARTESIAN_POINT('',(-48.941865128756,9.03811929566523,-42.2366225193887));
#5189=CARTESIAN_POINT('',(-48.9418651287559,9.23811929566523,-42.2366225193887));
#5190=CARTESIAN_POINT('',(-55.7789235777985,7.58536599575656,-40.8866211248203));
#5191=CARTESIAN_POINT('',(-55.6182485063169,7.70446058591242,-40.8866211248203));
#5192=CARTESIAN_POINT('',(-55.6182485063169,7.70446058591241,-42.4365538471813));
#5193=CARTESIAN_POINT('',(-55.6182485063169,7.70446058591241,-42.2366225193887));
#5194=CARTESIAN_POINT('',(-55.6182485063169,7.70446058591241,-42.4365538471813));
#5195=CARTESIAN_POINT('',(-55.6555919383842,7.75484203992243,-42.4349344649074));
#5196=CARTESIAN_POINT('',(-55.7162131399311,7.78536599575653,-42.4349586266459));
#5197=CARTESIAN_POINT('',(-55.7789235777984,7.78536599575656,-42.4365438852719));
#5198=CARTESIAN_POINT('',(-55.7789235777984,7.78536599575656,-42.4365438852719));
#5199=CARTESIAN_POINT('',(-55.7789235777984,7.78536599575656,-42.4366224319788));
#5200=CARTESIAN_POINT('',(-55.7789235777984,7.78536599575656,-42.2366225193887));
#5201=CARTESIAN_POINT('',(-55.7789235777985,7.58536599575656,-42.2366225193887));
#5202=CARTESIAN_POINT('',(-55.8200256075959,9.18536599575658,-40.8866211248203));
#5203=CARTESIAN_POINT('',(-55.8200256075959,8.98536599575658,-42.2366227059934));
#5204=CARTESIAN_POINT('',(-55.8200256075959,8.98536599575658,-42.436534912131));
#5205=CARTESIAN_POINT('',(-55.8200256075959,8.98536599575658,-42.2366225193887));
#5206=CARTESIAN_POINT('',(-55.8200256075959,8.98536599575658,-42.436534912131));
#5207=CARTESIAN_POINT('',(-55.7538191827264,8.98536599575658,-42.4347810418971));
#5208=CARTESIAN_POINT('',(-55.6900879954701,9.01953692691091,-42.4347508058575));
#5209=CARTESIAN_POINT('',(-55.6534477078082,9.07467813146098,-42.4365458817359));
#5210=CARTESIAN_POINT('',(-55.6534477078082,9.07467813146098,-42.4365458817359));
#5211=CARTESIAN_POINT('',(-55.6534477078082,9.07467813146098,-40.8866211248203));
#5212=CARTESIAN_POINT('',(-55.6534477078082,9.07467813146098,-42.2366225193887));
#5213=CARTESIAN_POINT('',(-55.8200256075959,9.18536599575658,-42.2366225193887));
#5214=CARTESIAN_POINT('',(-66.519789729241,12.2652152978122,-40.836621129436));
#5215=CARTESIAN_POINT('',(-66.519789729241,12.2652152978122,-40.836621129436));
#5216=CARTESIAN_POINT('',(-66.519789729241,13.8652152978122,-40.8366211294359));
#5217=CARTESIAN_POINT('',(-66.519789729241,12.2652152978122,-40.836621129436));
#5218=CARTESIAN_POINT('',(-66.519789729241,13.8652152978122,-40.8366211294359));
#5219=CARTESIAN_POINT('',(-66.519789729241,13.8652152978122,-41.0366211294359));
#5220=CARTESIAN_POINT('',(-66.519789729241,13.8652152978122,-40.8366211294359));
#5221=CARTESIAN_POINT('',(-66.519789729241,13.8652152978122,-41.2366211294359));
#5222=CARTESIAN_POINT('',(-66.519789729241,12.2652152978122,-41.2366211294361));
#5223=CARTESIAN_POINT('',(-66.519789729241,12.2652152978122,-41.2366211294361));
#5224=CARTESIAN_POINT('',(-66.519789729241,12.2652152978122,-40.836621129436));
#5225=CARTESIAN_POINT('',(-66.519789729241,12.2652152978122,-40.836621129436));
#5226=CARTESIAN_POINT('',(-66.519789729241,12.2652152978122,-40.836621129436));
#5227=CARTESIAN_POINT('',(-66.519789729241,10.6652152978122,-40.8366211294361));
#5228=CARTESIAN_POINT('',(-66.519789729241,12.2652152978122,-41.2366211294361));
#5229=CARTESIAN_POINT('',(-66.519789729241,10.6652152978122,-41.2366211294361));
#5230=CARTESIAN_POINT('',(-66.519789729241,10.6652152978122,-40.8366211294361));
#5231=CARTESIAN_POINT('',(-66.519789729241,10.6652152978122,-41.0366211294361));
#5232=CARTESIAN_POINT('',(-66.519789729241,10.6652152978122,-40.8366211294361));
#5233=CARTESIAN_POINT('',(-69.719789729241,12.2652152978122,-40.836621129436));
#5234=CARTESIAN_POINT('',(-69.719789729241,12.2652152978122,-40.836621129436));
#5235=CARTESIAN_POINT('',(-69.719789729241,10.6652152978122,-40.8366211294361));
#5236=CARTESIAN_POINT('',(-69.719789729241,12.2652152978122,-40.836621129436));
#5237=CARTESIAN_POINT('',(-69.719789729241,10.6652152978122,-40.8366211294361));
#5238=CARTESIAN_POINT('',(-69.719789729241,10.6652152978122,-41.0366211294361));
#5239=CARTESIAN_POINT('',(-69.719789729241,10.6652152978122,-40.8366211294361));
#5240=CARTESIAN_POINT('',(-69.719789729241,10.6652152978122,-41.2366211294361));
#5241=CARTESIAN_POINT('',(-69.719789729241,12.2652152978122,-41.2366211294361));
#5242=CARTESIAN_POINT('',(-69.719789729241,12.2652152978122,-41.2366211294361));
#5243=CARTESIAN_POINT('',(-69.719789729241,12.2652152978122,-40.836621129436));
#5244=CARTESIAN_POINT('',(-69.719789729241,12.2652152978122,-40.836621129436));
#5245=CARTESIAN_POINT('',(-69.719789729241,12.2652152978122,-40.836621129436));
#5246=CARTESIAN_POINT('',(-69.719789729241,13.8652152978122,-40.8366211294359));
#5247=CARTESIAN_POINT('',(-69.719789729241,12.2652152978122,-41.2366211294361));
#5248=CARTESIAN_POINT('',(-69.719789729241,13.8652152978122,-41.2366211294359));
#5249=CARTESIAN_POINT('',(-69.719789729241,13.8652152978122,-40.8366211294359));
#5250=CARTESIAN_POINT('',(-69.719789729241,13.8652152978122,-41.0366211294359));
#5251=CARTESIAN_POINT('',(-69.719789729241,13.8652152978122,-40.8366211294359));
#5252=CARTESIAN_POINT('',(-52.3197897292675,13.8652152978122,-40.8366211294359));
#5253=CARTESIAN_POINT('',(-52.3197897292675,13.8652152978122,-40.8366211294359));
#5254=CARTESIAN_POINT('',(-68.119789729241,13.8652152978122,-40.8366211294359));
#5255=CARTESIAN_POINT('',(-68.119789729241,13.8652152978122,-40.8366211294359));
#5256=CARTESIAN_POINT('',(-68.119789729241,13.8652152978122,-41.0366211294359));
#5257=CARTESIAN_POINT('',(-52.3197897292675,13.8652152978122,-41.0366211294359));
#5258=CARTESIAN_POINT('',(-66.519789729241,12.2652152978122,-40.836621129436));
#5259=CARTESIAN_POINT('',(-66.519789729241,12.2652152978122,-41.2366211294361));
#5260=CARTESIAN_POINT('',(-66.519789729241,12.2652152978122,-41.036621129436));
#5261=CARTESIAN_POINT('',(-69.719789729241,12.2652152978122,-40.836621129436));
#5262=CARTESIAN_POINT('',(-69.719789729241,12.2652152978122,-41.2366211294361));
#5263=CARTESIAN_POINT('',(-69.719789729241,12.2652152978122,-41.036621129436));
#5264=CARTESIAN_POINT('',(-52.3197897292675,13.8652152978122,-40.8366211294359));
#5265=CARTESIAN_POINT('',(-52.3197897292675,13.8652152978122,-40.8366211294359));
#5266=CARTESIAN_POINT('',(-52.3197897292675,13.8652152978122,-41.0366211294359));
#5267=CARTESIAN_POINT('',(-66.519789729241,12.2652152978122,-40.836621129436));
#5268=CARTESIAN_POINT('',(-66.519789729241,12.2652152978122,-41.2366211294361));
#5269=CARTESIAN_POINT('',(-66.519789729241,12.2652152978122,-41.036621129436));
#5270=CARTESIAN_POINT('',(-52.3197897292675,10.6652152978122,-40.8366211294361));
#5271=CARTESIAN_POINT('',(-52.3197897292675,10.6652152978122,-40.8366211294361));
#5272=CARTESIAN_POINT('',(-68.119789729241,10.6652152978122,-40.8366211294361));
#5273=CARTESIAN_POINT('',(-52.3197897292675,10.6652152978122,-41.0366211294361));
#5274=CARTESIAN_POINT('',(-68.119789729241,10.6652152978122,-41.0366211294361));
#5275=CARTESIAN_POINT('',(-68.119789729241,10.6652152978122,-40.8366211294361));
#5276=CARTESIAN_POINT('',(-52.3197897292675,10.6652152978122,-40.8366211294361));
#5277=CARTESIAN_POINT('',(-52.3197897292675,10.6652152978122,-40.8366211294361));
#5278=CARTESIAN_POINT('',(-52.3197897292675,10.6652152978122,-41.0366211294361));
#5279=CARTESIAN_POINT('',(-69.719789729241,12.2652152978122,-40.836621129436));
#5280=CARTESIAN_POINT('',(-69.719789729241,12.2652152978122,-41.2366211294361));
#5281=CARTESIAN_POINT('',(-69.719789729241,12.2652152978122,-41.036621129436));
#5282=CARTESIAN_POINT('',(-52.3197897292675,12.2652152978122,-41.2366211294361));
#5283=CARTESIAN_POINT('',(-52.3197897292675,13.8652152978122,-41.2366211294359));
#5284=CARTESIAN_POINT('',(-52.3197897292675,10.6652152978122,-41.2366211294361));
#5285=CARTESIAN_POINT('',(-52.3197897292675,12.2652152978122,-40.836621129436));
#5286=CARTESIAN_POINT('',(-68.119789729241,12.2652152978122,-40.836621129436));
#5287=CARTESIAN_POINT('',(-52.3197897292675,12.2652152978122,-40.836621129436));
#5288=CARTESIAN_POINT('',(-68.119789729241,12.2652152978122,-40.836621129436));
#5289=CARTESIAN_POINT('',(-52.3197897292675,12.2652152978122,-41.036621129436));
#5290=CARTESIAN_POINT('',(-52.3197897292675,12.2652152978122,-40.836621129436));
#5291=CARTESIAN_POINT('',(-68.119789729241,12.2652152978122,-40.836621129436));
#5292=CARTESIAN_POINT('',(-52.3197897292675,12.2652152978122,-41.036621129436));
#5293=CARTESIAN_POINT('',(-52.3197897292675,12.2652152978122,-41.2366211294361));
#5294=CARTESIAN_POINT('',(-52.3197897292675,12.2652152978122,-40.836621129436));
#5295=CARTESIAN_POINT('',(-68.119789729241,12.2652152978122,-40.836621129436));
#5296=CARTESIAN_POINT('',(-52.3197897292675,12.2652152978122,-41.2366211294361));
#5297=CARTESIAN_POINT('',(-38.1197897292939,12.2652152978122,-40.836621129436));
#5298=CARTESIAN_POINT('',(-38.1197897292939,12.2652152978122,-40.836621129436));
#5299=CARTESIAN_POINT('',(-38.1197897292939,12.2652152978122,-40.836621129436));
#5300=CARTESIAN_POINT('',(-38.1197897292939,13.8652152978122,-40.8366211294359));
#5301=CARTESIAN_POINT('',(-38.1197897292939,12.2652152978122,-40.836621129436));
#5302=CARTESIAN_POINT('',(-38.1197897292939,12.2652152978122,-41.2366211294361));
#5303=CARTESIAN_POINT('',(-38.1197897292939,12.2652152978122,-41.2366211294361));
#5304=CARTESIAN_POINT('',(-38.1197897292939,13.8652152978122,-41.2366211294359));
#5305=CARTESIAN_POINT('',(-38.1197897292939,13.8652152978122,-40.8366211294359));
#5306=CARTESIAN_POINT('',(-38.1197897292939,13.8652152978122,-41.0366211294359));
#5307=CARTESIAN_POINT('',(-38.1197897292939,13.8652152978122,-40.8366211294359));
#5308=CARTESIAN_POINT('',(-38.1197897292939,12.2652152978122,-40.836621129436));
#5309=CARTESIAN_POINT('',(-38.1197897292939,12.2652152978122,-40.836621129436));
#5310=CARTESIAN_POINT('',(-38.1197897292939,10.6652152978122,-40.8366211294361));
#5311=CARTESIAN_POINT('',(-38.1197897292939,10.6652152978122,-40.8366211294361));
#5312=CARTESIAN_POINT('',(-38.1197897292939,10.6652152978122,-41.0366211294361));
#5313=CARTESIAN_POINT('',(-38.1197897292939,10.6652152978122,-40.8366211294361));
#5314=CARTESIAN_POINT('',(-38.1197897292939,10.6652152978122,-41.2366211294361));
#5315=CARTESIAN_POINT('',(-38.1197897292939,12.2652152978122,-41.2366211294361));
#5316=CARTESIAN_POINT('',(-34.919789729294,12.2652152978122,-40.836621129436));
#5317=CARTESIAN_POINT('',(-34.919789729294,12.2652152978122,-40.836621129436));
#5318=CARTESIAN_POINT('',(-34.919789729294,12.2652152978122,-40.836621129436));
#5319=CARTESIAN_POINT('',(-34.919789729294,10.6652152978122,-40.8366211294361));
#5320=CARTESIAN_POINT('',(-34.919789729294,12.2652152978122,-40.836621129436));
#5321=CARTESIAN_POINT('',(-34.919789729294,12.2652152978122,-41.2366211294361));
#5322=CARTESIAN_POINT('',(-34.919789729294,12.2652152978122,-41.2366211294361));
#5323=CARTESIAN_POINT('',(-34.919789729294,10.6652152978122,-41.2366211294361));
#5324=CARTESIAN_POINT('',(-34.919789729294,10.6652152978122,-40.8366211294361));
#5325=CARTESIAN_POINT('',(-34.919789729294,10.6652152978122,-41.0366211294361));
#5326=CARTESIAN_POINT('',(-34.919789729294,10.6652152978122,-40.8366211294361));
#5327=CARTESIAN_POINT('',(-34.919789729294,12.2652152978122,-40.836621129436));
#5328=CARTESIAN_POINT('',(-34.919789729294,12.2652152978122,-40.836621129436));
#5329=CARTESIAN_POINT('',(-34.919789729294,13.8652152978122,-40.8366211294359));
#5330=CARTESIAN_POINT('',(-34.919789729294,13.8652152978122,-40.8366211294359));
#5331=CARTESIAN_POINT('',(-34.919789729294,13.8652152978122,-41.0366211294359));
#5332=CARTESIAN_POINT('',(-34.919789729294,13.8652152978122,-40.8366211294359));
#5333=CARTESIAN_POINT('',(-34.919789729294,13.8652152978122,-41.2366211294359));
#5334=CARTESIAN_POINT('',(-34.919789729294,12.2652152978122,-41.2366211294361));
#5335=CARTESIAN_POINT('',(-52.3197897292675,13.8652152978122,-40.8366211294359));
#5336=CARTESIAN_POINT('',(-52.3197897292675,13.8652152978122,-40.8366211294359));
#5337=CARTESIAN_POINT('',(-36.5197897292939,13.8652152978122,-40.8366211294359));
#5338=CARTESIAN_POINT('',(-36.5197897292939,13.8652152978122,-40.8366211294359));
#5339=CARTESIAN_POINT('',(-36.5197897292939,13.8652152978122,-41.0366211294359));
#5340=CARTESIAN_POINT('',(-52.3197897292675,13.8652152978122,-41.0366211294359));
#5341=CARTESIAN_POINT('',(-34.919789729294,12.2652152978122,-40.836621129436));
#5342=CARTESIAN_POINT('',(-34.919789729294,12.2652152978122,-41.2366211294361));
#5343=CARTESIAN_POINT('',(-34.919789729294,12.2652152978122,-41.036621129436));
#5344=CARTESIAN_POINT('',(-38.1197897292939,12.2652152978122,-40.836621129436));
#5345=CARTESIAN_POINT('',(-38.1197897292939,12.2652152978122,-41.2366211294361));
#5346=CARTESIAN_POINT('',(-38.1197897292939,12.2652152978122,-41.036621129436));
#5347=CARTESIAN_POINT('',(-52.3197897292675,13.8652152978122,-40.8366211294359));
#5348=CARTESIAN_POINT('',(-52.3197897292675,13.8652152978122,-40.8366211294359));
#5349=CARTESIAN_POINT('',(-52.3197897292675,13.8652152978122,-41.0366211294359));
#5350=CARTESIAN_POINT('',(-34.919789729294,12.2652152978122,-40.836621129436));
#5351=CARTESIAN_POINT('',(-34.919789729294,12.2652152978122,-41.2366211294361));
#5352=CARTESIAN_POINT('',(-34.919789729294,12.2652152978122,-41.036621129436));
#5353=CARTESIAN_POINT('',(-52.3197897292675,10.6652152978122,-40.8366211294361));
#5354=CARTESIAN_POINT('',(-52.3197897292675,10.6652152978122,-40.8366211294361));
#5355=CARTESIAN_POINT('',(-36.5197897292939,10.6652152978122,-40.8366211294361));
#5356=CARTESIAN_POINT('',(-52.3197897292675,10.6652152978122,-41.0366211294361));
#5357=CARTESIAN_POINT('',(-36.5197897292939,10.6652152978122,-41.0366211294361));
#5358=CARTESIAN_POINT('',(-36.5197897292939,10.6652152978122,-40.8366211294361));
#5359=CARTESIAN_POINT('',(-52.3197897292675,10.6652152978122,-40.8366211294361));
#5360=CARTESIAN_POINT('',(-52.3197897292675,10.6652152978122,-40.8366211294361));
#5361=CARTESIAN_POINT('',(-52.3197897292675,10.6652152978122,-41.0366211294361));
#5362=CARTESIAN_POINT('',(-38.1197897292939,12.2652152978122,-40.836621129436));
#5363=CARTESIAN_POINT('',(-38.1197897292939,12.2652152978122,-41.2366211294361));
#5364=CARTESIAN_POINT('',(-38.1197897292939,12.2652152978122,-41.036621129436));
#5365=CARTESIAN_POINT('',(-52.3197897292675,12.2652152978122,-41.2366211294361));
#5366=CARTESIAN_POINT('',(-52.3197897292675,13.8652152978122,-41.2366211294359));
#5367=CARTESIAN_POINT('',(-52.3197897292675,10.6652152978122,-41.2366211294361));
#5368=CARTESIAN_POINT('',(-52.3197897292675,12.2652152978122,-40.836621129436));
#5369=CARTESIAN_POINT('',(-36.5197897292939,12.2652152978122,-40.836621129436));
#5370=CARTESIAN_POINT('',(-52.3197897292675,12.2652152978122,-40.836621129436));
#5371=CARTESIAN_POINT('',(-36.5197897292939,12.2652152978122,-40.836621129436));
#5372=CARTESIAN_POINT('',(-52.3197897292675,12.2652152978122,-41.036621129436));
#5373=CARTESIAN_POINT('',(-52.3197897292675,12.2652152978122,-40.836621129436));
#5374=CARTESIAN_POINT('',(-36.5197897292939,12.2652152978122,-40.836621129436));
#5375=CARTESIAN_POINT('',(-52.3197897292675,12.2652152978122,-41.036621129436));
#5376=CARTESIAN_POINT('',(-52.3197897292675,12.2652152978122,-40.836621129436));
#5377=CARTESIAN_POINT('',(-36.5197897292939,12.2652152978122,-40.836621129436));
#5378=CARTESIAN_POINT('',(-52.3197897292675,12.2652152978122,-41.2366211294361));
#5379=CARTESIAN_POINT('',(-52.3197897292675,12.2652152978122,-41.2366211294361));
#5380=CARTESIAN_POINT('',(-68.119789729241,12.2652152978121,-39.836621129436));
#5381=CARTESIAN_POINT('',(-68.119789729241,12.2652152978121,-39.836621129436));
#5382=CARTESIAN_POINT('',(-68.119789729241,13.8652152978121,-39.8366211294359));
#5383=CARTESIAN_POINT('',(-36.5197897292939,12.2652152978121,-39.836621129436));
#5384=CARTESIAN_POINT('',(-36.5197897292939,12.2652152978121,-39.836621129436));
#5385=CARTESIAN_POINT('',(-36.5197897292939,13.8652152978121,-39.8366211294359));
#5386=CARTESIAN_POINT('',(-71.2126770230109,11.3652142257003,-39.836621129436));
#5387=CARTESIAN_POINT('',(-71.2126770230109,11.3652142257003,-39.836621129436));
#5388=CARTESIAN_POINT('',(-33.4269024354671,11.3652142258514,-39.836621129436));
#5389=CARTESIAN_POINT('',(-33.4269024354671,11.3652142258514,-39.836621129436));
#5390=CARTESIAN_POINT('',(-64.7197851165712,20.6237463979542,-42.0035169580157));
#5391=CARTESIAN_POINT('',(-64.7197851165713,6.36521315374402,-36.63461970299));
#5392=CARTESIAN_POINT('',(-64.7197851165713,6.36521315374404,-37.03661970299));
#5393=CARTESIAN_POINT('',(-64.7197851165713,6.36521315373726,-39.8366211294362));
#5394=CARTESIAN_POINT('',(-64.7197851165705,16.365215292951,-37.0366197029895));
#5395=CARTESIAN_POINT('',(-64.719785116571,16.365215297815,-37.0366197029895));
#5396=CARTESIAN_POINT('',(-64.719785116571,16.365215297815,-36.6346197029896));
#5397=CARTESIAN_POINT('',(-64.719785116571,16.3652152978152,-39.8366211294358));
#5398=CARTESIAN_POINT('',(-64.7197851165709,20.6237463979541,-39.8366211294357));
#5399=CARTESIAN_POINT('',(-39.9197943418903,20.6237463979542,-42.0035169580157));
#5400=CARTESIAN_POINT('',(-39.9197943418905,16.1652152978678,-36.6346197029896));
#5401=CARTESIAN_POINT('',(-39.9197943418905,16.1652152978678,-37.0366197029896));
#5402=CARTESIAN_POINT('',(-39.9197943418905,16.1652152978819,-39.8366211294358));
#5403=CARTESIAN_POINT('',(-39.9197943418907,6.36521315380348,-37.03661970299));
#5404=CARTESIAN_POINT('',(-39.9197943418902,6.36521315380333,-37.03661970299));
#5405=CARTESIAN_POINT('',(-39.9197943418902,6.36521315380331,-36.63461970299));
#5406=CARTESIAN_POINT('',(-39.9197943418902,6.36521315380344,-39.8366211294362));
#5407=CARTESIAN_POINT('',(-39.9197943418907,20.6237463979541,-39.8366211294357));
#5408=CARTESIAN_POINT('',(-50.7328774423634,11.7755670693156,-39.836621129436));
#5409=CARTESIAN_POINT('',(-36.6811876438536,6.36521315380353,-39.8366211294362));
#5410=CARTESIAN_POINT('',(-34.0772056796815,6.36521315380361,-39.8366211294362));
#5411=CARTESIAN_POINT('',(-34.0772056796814,5.86521315380361,-39.8366211294363));
#5412=CARTESIAN_POINT('',(-33.9897521495647,16.6652152978933,-39.8366211294358));
#5413=CARTESIAN_POINT('',(-33.9897521495625,16.1652152978933,-39.8366211294358));
#5414=CARTESIAN_POINT('',(-36.6740415888098,16.1652152978819,-39.8366211294358));
#5415=CARTESIAN_POINT('',(-50.7328774423634,11.7755670693156,-39.836621129436));
#5416=CARTESIAN_POINT('',(-67.9598490347688,16.3652152978152,-39.8366211294358));
#5417=CARTESIAN_POINT('',(-70.597083930396,16.3652152978152,-39.8366211294358));
#5418=CARTESIAN_POINT('',(-70.597083930396,16.8652152978152,-39.8366211294358));
#5419=CARTESIAN_POINT('',(-70.5623737787508,5.86521315373172,-39.8366211294363));
#5420=CARTESIAN_POINT('',(-70.5623737787519,6.36521315373172,-39.8366211294362));
#5421=CARTESIAN_POINT('',(-67.958391814604,6.36521315373726,-39.8366211294362));
#5422=CARTESIAN_POINT('',(-52.3164774902757,11.8967461927224,-36.6366197029897));
#5423=CARTESIAN_POINT('',(-44.8139720305668,2.94634359022491,-36.6366197029901));
#5424=CARTESIAN_POINT('',(-43.0427553797685,2.94783715283521,-36.6366197029901));
#5425=CARTESIAN_POINT('',(-41.4811939393566,3.02305764740935,-36.6366197029901));
#5426=CARTESIAN_POINT('',(-40.1292877093312,3.17200507394733,-36.6366197029901));
#5427=CARTESIAN_POINT('',(-44.8139720305668,2.9463435902249,-36.6366197029901));
#5428=CARTESIAN_POINT('',(-40.1292877093311,3.17200507394732,-36.6366197029901));
#5429=CARTESIAN_POINT('',(-40.1292877094691,3.17200507393198,-36.6366197029901));
#5430=CARTESIAN_POINT('',(-39.7913150866067,3.20969426745574,-36.6366197029901));
#5431=CARTESIAN_POINT('',(-39.1421972195673,3.29435064398307,-36.6366197029901));
#5432=CARTESIAN_POINT('',(-38.2518279180395,3.44821249858574,-36.6366197029901));
#5433=CARTESIAN_POINT('',(-37.5722130085205,3.60122014883375,-36.6366197029901));
#5434=CARTESIAN_POINT('',(-37.1428183730973,3.7167359431028,-36.6366197029901));
#5435=CARTESIAN_POINT('',(-36.8909112695249,3.79184470139243,-36.6366197029901));
#5436=CARTESIAN_POINT('',(-36.7541593200012,3.83395131853634,-36.6366197029901));
#5437=CARTESIAN_POINT('',(-36.4424971994844,3.9387260288133,-36.6366197029901));
#5438=CARTESIAN_POINT('',(-36.1106540536243,4.06359552486228,-36.6366197029901));
#5439=CARTESIAN_POINT('',(-35.7068671015263,4.23718054787424,-36.6366197029901));
#5440=CARTESIAN_POINT('',(-35.2857287284275,4.45926762186288,-36.6366197029901));
#5441=CARTESIAN_POINT('',(-34.7924930526945,4.77881142076982,-36.63661970299));
#5442=CARTESIAN_POINT('',(-34.3114740273333,5.21984081507671,-36.63661970299));
#5443=CARTESIAN_POINT('',(-34.0696201548774,5.61753377493221,-36.63661970299));
#5444=CARTESIAN_POINT('',(-33.9845668272266,5.82755624187702,-36.63661970299));
#5445=CARTESIAN_POINT('',(-33.9845668272265,5.82755624187701,-36.63661970299));
#5446=CARTESIAN_POINT('',(-34.0772056796814,5.86521315380347,-36.63661970299));
#5447=CARTESIAN_POINT('',(-34.0772056796814,5.96521315380348,-36.63661970299));
#5448=CARTESIAN_POINT('',(-39.9197943418904,5.96521315380331,-36.63661970299));
#5449=CARTESIAN_POINT('',(-40.3197943418907,5.9652131538033,-36.63661970299));
#5450=CARTESIAN_POINT('',(-40.319794341891,16.1652152978818,-36.6366197029896));
#5451=CARTESIAN_POINT('',(-40.319794341891,16.5652152978661,-36.6366197029895));
#5452=CARTESIAN_POINT('',(-33.9897521495642,16.5652152978932,-36.6366197029895));
#5453=CARTESIAN_POINT('',(-33.9897521495642,16.5652152978932,-36.6366197029895));
#5454=CARTESIAN_POINT('',(-33.9897521495647,16.6652152978932,-36.6366197029895));
#5455=CARTESIAN_POINT('',(-33.8920870164207,16.6866983555896,-36.6366197029895));
#5456=CARTESIAN_POINT('',(-33.8920870164208,16.6866983555895,-36.6366197029895));
#5457=CARTESIAN_POINT('',(-33.9474167304156,16.9508365080545,-36.6366197029895));
#5458=CARTESIAN_POINT('',(-34.1411913239323,17.4501602291058,-36.6366197029895));
#5459=CARTESIAN_POINT('',(-34.5914393340026,18.0020237706726,-36.6366197029895));
#5460=CARTESIAN_POINT('',(-35.0760202651217,18.3999773081701,-36.6366197029895));
#5461=CARTESIAN_POINT('',(-35.5027355695969,18.677080388184,-36.6366197029895));
#5462=CARTESIAN_POINT('',(-35.9073763828351,18.8888200572212,-36.6366197029895));
#5463=CARTESIAN_POINT('',(-36.223642668349,19.0296841349295,-36.6366197029894));
#5464=CARTESIAN_POINT('',(-36.4032066724663,19.1041195114074,-36.6366197029895));
#5465=CARTESIAN_POINT('',(-36.56700261992,19.1680129557268,-36.6366197029895));
#5466=CARTESIAN_POINT('',(-36.6382717935562,19.1945284172156,-36.6366197029894));
#5467=CARTESIAN_POINT('',(-36.7680657039791,19.2419781146109,-36.6366197029894));
#5468=CARTESIAN_POINT('',(-36.9851529446208,19.317085760932,-36.6366197029894));
#5469=CARTESIAN_POINT('',(-37.4509342955458,19.463709555457,-36.6366197029894));
#5470=CARTESIAN_POINT('',(-38.1700477940053,19.6485790788703,-36.6366197029894));
#5471=CARTESIAN_POINT('',(-39.1304234020331,19.8355778651426,-36.6366197029894));
#5472=CARTESIAN_POINT('',(-39.8335423412111,19.9361950118987,-36.6366197029894));
#5473=CARTESIAN_POINT('',(-40.2009932003197,19.9805596533823,-36.6366197029894));
#5474=CARTESIAN_POINT('',(-40.2009932003197,19.9805596533823,-36.6366197029894));
#5475=CARTESIAN_POINT('',(-40.2009932003198,19.9805596533823,-36.6366197029894));
#5476=CARTESIAN_POINT('',(-41.5359669547202,20.1398459748314,-36.6366197029894));
#5477=CARTESIAN_POINT('',(-43.0736265648026,20.2202415563548,-36.6366197029894));
#5478=CARTESIAN_POINT('',(-44.8139720305668,20.2217463979523,-36.6366197029894));
#5479=CARTESIAN_POINT('',(-44.8139720305668,20.2217463979525,-36.6366197029894));
#5480=CARTESIAN_POINT('',(-52.3164774902757,20.2217463979525,-36.6366197029894));
#5481=CARTESIAN_POINT('',(-59.8256074278947,20.2217463979524,-36.6366197029894));
#5482=CARTESIAN_POINT('',(-59.8256074278947,20.2217463979523,-36.6366197029894));
#5483=CARTESIAN_POINT('',(-61.5660219399955,20.2202389212532,-36.6366197029894));
#5484=CARTESIAN_POINT('',(-63.1036815500815,20.1398433397294,-36.6366197029894));
#5485=CARTESIAN_POINT('',(-64.4385862581528,19.980559653381,-36.6366197029894));
#5486=CARTESIAN_POINT('',(-64.4385862581527,19.9805596533809,-36.6366197029894));
#5487=CARTESIAN_POINT('',(-64.4385862581528,19.980559653381,-36.6366197029894));
#5488=CARTESIAN_POINT('',(-64.7949808326605,19.9375309500175,-36.6366197029894));
#5489=CARTESIAN_POINT('',(-65.4783090355013,19.8401175696344,-36.6366197029894));
#5490=CARTESIAN_POINT('',(-66.4121935384321,19.6609867814857,-36.6366197029894));
#5491=CARTESIAN_POINT('',(-67.1213198634482,19.4815591848983,-36.6366197029894));
#5492=CARTESIAN_POINT('',(-67.5683112580555,19.3452178902274,-36.6366197029894));
#5493=CARTESIAN_POINT('',(-67.828696213788,19.2568390189262,-36.6366197029895));
#5494=CARTESIAN_POINT('',(-67.9729881863504,19.2060677020267,-36.6366197029894));
#5495=CARTESIAN_POINT('',(-68.2853023002277,19.0858364989134,-36.6366197029895));
#5496=CARTESIAN_POINT('',(-68.6192967056757,18.9414739793254,-36.6366197029895));
#5497=CARTESIAN_POINT('',(-69.0233570829255,18.7409308747636,-36.6366197029895));
#5498=CARTESIAN_POINT('',(-69.4424703280738,18.4838164631485,-36.6366197029895));
#5499=CARTESIAN_POINT('',(-69.9293312400112,18.1134775336169,-36.6366197029895));
#5500=CARTESIAN_POINT('',(-70.3957395140208,17.6015222968394,-36.6366197029895));
#5501=CARTESIAN_POINT('',(-70.6187668550129,17.1391099445831,-36.6366197029895));
#5502=CARTESIAN_POINT('',(-70.6926268355029,16.8947373791058,-36.6366197029895));
#5503=CARTESIAN_POINT('',(-70.6926268355029,16.8947373791058,-36.6366197029895));
#5504=CARTESIAN_POINT('',(-70.597083930396,16.865215297815,-36.6366197029895));
#5505=CARTESIAN_POINT('',(-70.597083930396,16.7652152978151,-36.6366197029895));
#5506=CARTESIAN_POINT('',(-64.7197851165708,16.7652152978151,-36.6366197029895));
#5507=CARTESIAN_POINT('',(-64.3197851165705,16.7652152978151,-36.6366197029895));
#5508=CARTESIAN_POINT('',(-64.3197851165708,6.36521315374401,-36.63661970299));
#5509=CARTESIAN_POINT('',(-64.3197851165708,5.96521315374488,-36.63661970299));
#5510=CARTESIAN_POINT('',(-52.316477490263,5.96521315377042,-36.63661970299));
#5511=CARTESIAN_POINT('',(-70.562373778751,5.9652131537316,-36.63661970299));
#5512=CARTESIAN_POINT('',(-70.5623737787508,5.86521315373159,-36.63661970299));
#5513=CARTESIAN_POINT('',(-70.6550126312037,5.82755624180015,-36.63661970299));
#5514=CARTESIAN_POINT('',(-70.6550126312038,5.82755624180016,-36.63661970299));
#5515=CARTESIAN_POINT('',(-70.5697639003004,5.61614971719601,-36.63661970299));
#5516=CARTESIAN_POINT('',(-70.3262895472785,5.21595422138454,-36.63661970299));
#5517=CARTESIAN_POINT('',(-69.8401834491157,4.77246221587993,-36.6366197029901));
#5518=CARTESIAN_POINT('',(-69.3410183483792,4.45134476465038,-36.6366197029901));
#5519=CARTESIAN_POINT('',(-68.9145602319111,4.22828291626953,-36.6366197029901));
#5520=CARTESIAN_POINT('',(-68.5054190573448,4.05403224428051,-36.6366197029901));
#5521=CARTESIAN_POINT('',(-68.169176565284,3.92877354205378,-36.6366197029901));
#5522=CARTESIAN_POINT('',(-67.8530432870512,3.82363751782313,-36.6366197029901));
#5523=CARTESIAN_POINT('',(-67.7151832798269,3.78167458583923,-36.6366197029901));
#5524=CARTESIAN_POINT('',(-67.4605396877292,3.70661171108934,-36.6366197029901));
#5525=CARTESIAN_POINT('',(-67.026732176191,3.59131870832063,-36.6366197029901));
#5526=CARTESIAN_POINT('',(-66.3400116841201,3.43876897111565,-36.6366197029901));
#5527=CARTESIAN_POINT('',(-65.4404228308148,3.28576410359597,-36.6366197029901));
#5528=CARTESIAN_POINT('',(-64.7845895113153,3.20186876093681,-36.6366197029901));
#5529=CARTESIAN_POINT('',(-64.4431258229707,3.16460878539546,-36.6366197029901));
#5530=CARTESIAN_POINT('',(-64.4431258229707,3.16460878539544,-36.6366197029901));
#5531=CARTESIAN_POINT('',(-64.4431258229707,3.16460878539546,-36.6366197029901));
#5532=CARTESIAN_POINT('',(-63.1066802684164,3.02048671905404,-36.6366197029901));
#5533=CARTESIAN_POINT('',(-61.5675074700578,2.94773165399719,-36.6366197029901));
#5534=CARTESIAN_POINT('',(-59.8256074278947,2.94634359022491,-36.6366197029901));
#5535=CARTESIAN_POINT('',(-59.8256074278947,2.9463435902249,-36.6366197029901));
#5536=CARTESIAN_POINT('',(-44.8139720305668,2.9463435902249,-36.6366197029901));
#5537=CARTESIAN_POINT('',(-47.8239019007731,9.37486899542439,-36.6366197029898));
#5538=CARTESIAN_POINT('',(-47.8239019007731,7.32568952260029,-36.6366197029899));
#5539=CARTESIAN_POINT('',(-47.8239019007731,9.55054906872889,-36.6366197029898));
#5540=CARTESIAN_POINT('',(-46.6739019007731,8.43811929566459,-36.6366197029898));
#5541=CARTESIAN_POINT('',(-50.4109454483051,11.8967461927224,-36.6366197029897));
#5542=CARTESIAN_POINT('',(-50.4109454483051,17.0353019160672,-36.6366197029895));
#5543=CARTESIAN_POINT('',(-50.4109454483051,14.8104423699385,-36.6366197029896));
#5544=CARTESIAN_POINT('',(-51.5609454483051,15.9228721430028,-36.6366197029895));
#5545=CARTESIAN_POINT('',(-50.0606628408121,8.40885064998549,-36.6366197029898));
#5546=CARTESIAN_POINT('',(-50.0606628408121,6.8162290907638,-36.6366197029899));
#5547=CARTESIAN_POINT('',(-54.6601257349247,8.41463446494509,-36.6366197029898));
#5548=CARTESIAN_POINT('',(-54.6601257349247,6.8220129057234,-36.6366197029899));
#5549=CARTESIAN_POINT('',(-57.9640432496493,8.39360349732499,-36.6366197029898));
#5550=CARTESIAN_POINT('',(-56.8140432496493,9.50603327038939,-36.6366197029898));
#5551=CARTESIAN_POINT('',(-56.8140432496494,7.28117372426059,-36.6366197029899));
#5552=CARTESIAN_POINT('',(-56.8140432496494,7.45685379756529,-36.6366197029899));
#5553=CARTESIAN_POINT('',(-52.1758194538391,9.16913959486679,-40.0366211294361));
#5554=CARTESIAN_POINT('',(-52.275819453839,8.99593451410989,-39.8366211294361));
#5555=CARTESIAN_POINT('',(-47.6239019007731,6.31014866259939,-39.8366211294363));
#5556=CARTESIAN_POINT('',(-45.4739019007731,5.06884558384169,-39.8366211294363));
#5557=CARTESIAN_POINT('',(-45.4739019007731,7.51084506486009,-41.9514547160265));
#5558=CARTESIAN_POINT('',(-45.4739019007731,5.29978569151749,-40.0366211294364));
#5559=CARTESIAN_POINT('',(-52.1758194538391,9.16913959486679,-40.0366211294361));
#5560=CARTESIAN_POINT('',(-44.028379862917,4.46521315384219,-40.0366211294364));
#5561=CARTESIAN_POINT('',(-50.546331535653,4.46521315384049,-36.7776452930674));
#5562=CARTESIAN_POINT('',(-43.968901900773,4.46521315384179,-40.0663601105083));
#5563=CARTESIAN_POINT('',(-43.968901900773,7.13845414123279,-42.3814547160265));
#5564=CARTESIAN_POINT('',(-43.968901900773,5.00822380557679,-40.5366211294364));
#5565=CARTESIAN_POINT('',(-45.4464019007731,5.86125882830449,-40.5366211294364));
#5566=CARTESIAN_POINT('',(-46.9239019007731,6.71429385103209,-40.5366211294363));
#5567=CARTESIAN_POINT('',(-48.7815926302201,5.64175560831459,-38.6789303999889));
#5568=CARTESIAN_POINT('',(-51.746080627969,7.91969802490489,-40.0366211294361));
#5569=CARTESIAN_POINT('',(-51.746080627969,7.91969802490489,-40.0366211294361));
#5570=CARTESIAN_POINT('',(-43.968901900773,12.4098542565878,-40.0366211294361));
#5571=CARTESIAN_POINT('',(-45.4739019007731,11.5409421014574,-40.0366211294361));
#5572=CARTESIAN_POINT('',(-45.4739019007731,9.47165977199899,-41.8286721943495));
#5573=CARTESIAN_POINT('',(-45.4739019007731,11.7718822091333,-39.836621129436));
#5574=CARTESIAN_POINT('',(-51.8460806279691,8.09290310566179,-39.8366211294362));
#5575=CARTESIAN_POINT('',(-47.6239019007731,10.5305791303755,-39.8366211294361));
#5576=CARTESIAN_POINT('',(-48.6588101085431,11.1280836627183,-38.8017129216656));
#5577=CARTESIAN_POINT('',(-46.9239019007731,10.1264339419428,-40.5366211294361));
#5578=CARTESIAN_POINT('',(-45.4464019007731,10.9794689646705,-40.5366211294361));
#5579=CARTESIAN_POINT('',(-43.968901900773,11.8325039873982,-40.5366211294361));
#5580=CARTESIAN_POINT('',(-43.968901900773,13.9775804728332,-38.6789303999886));
#5581=CARTESIAN_POINT('',(-52.316461798477,4.46521315384229,-38.9346197029901));
#5582=CARTESIAN_POINT('',(-43.9689019007721,4.46521315384229,-40.0366211294364));
#5583=CARTESIAN_POINT('',(-43.9094239386291,4.46521315384219,-40.0366211294364));
#5584=CARTESIAN_POINT('',(-47.4147492901011,4.46521315384229,-41.7892838051726));
#5585=CARTESIAN_POINT('',(-48.0463989739291,16.3215056718851,-40.0366211294359));
#5586=CARTESIAN_POINT('',(-47.946398973929,16.494710752642,-39.8366211294358));
#5587=CARTESIAN_POINT('',(-50.6109454483051,18.033087376891,-39.8366211294358));
#5588=CARTESIAN_POINT('',(-52.7609454483047,19.2743904556487,-39.8366211294357));
#5589=CARTESIAN_POINT('',(-52.7609454483047,17.4880533902085,-41.3836344078289));
#5590=CARTESIAN_POINT('',(-52.7609454483047,19.0434503479728,-40.0366211294358));
#5591=CARTESIAN_POINT('',(-48.0463989739291,16.3215056718851,-40.0366211294359));
#5592=CARTESIAN_POINT('',(-54.2659454483047,19.9123625031033,-40.0366211294357));
#5593=CARTESIAN_POINT('',(-54.2659454483047,17.8604443138358,-41.8136344078289));
#5594=CARTESIAN_POINT('',(-54.2659454483047,19.3350122339137,-40.5366211294358));
#5595=CARTESIAN_POINT('',(-52.7884454483047,18.481977211186,-40.5366211294359));
#5596=CARTESIAN_POINT('',(-51.3109454483051,17.6289421884583,-40.5366211294359));
#5597=CARTESIAN_POINT('',(-53.038123707652,16.6317553554858,-42.2637993887831));
#5598=CARTESIAN_POINT('',(-54.1140228816447,12.0210943176598,-40.0366211294361));
#5599=CARTESIAN_POINT('',(-54.1140228816447,12.0210943176598,-40.0366211294361));
#5600=CARTESIAN_POINT('',(-54.2659454483047,11.9333817829027,-40.0366211294361));
#5601=CARTESIAN_POINT('',(-52.7609454483047,12.802293938033,-40.0366211294361));
#5602=CARTESIAN_POINT('',(-52.7609454483047,12.3558941549626,-39.6500275770531));
#5603=CARTESIAN_POINT('',(-52.7609454483047,12.5713538303572,-39.836621129436));
#5604=CARTESIAN_POINT('',(-54.0140228816447,11.8478892369029,-39.836621129436));
#5605=CARTESIAN_POINT('',(-50.6109454483051,13.8126569091149,-39.8366211294359));
#5606=CARTESIAN_POINT('',(-51.7546818578301,14.4729934330365,-40.9803575389617));
#5607=CARTESIAN_POINT('',(-51.3109454483051,14.2168020975476,-40.536621129436));
#5608=CARTESIAN_POINT('',(-52.7884454483047,13.3637670748199,-40.5366211294361));
#5609=CARTESIAN_POINT('',(-54.2659454483047,12.5107320520923,-40.5366211294361));
#5610=CARTESIAN_POINT('',(-54.2659454483047,11.0213179822352,-39.2467507081859));
#5611=CARTESIAN_POINT('',(-52.4545283724435,9.14676551284179,-40.0366211294361));
#5612=CARTESIAN_POINT('',(-52.4545283724435,9.14676551284179,-40.0366211294361));
#5613=CARTESIAN_POINT('',(-60.5632149165263,4.46521315384168,-40.0366211294364));
#5614=CARTESIAN_POINT('',(-59.1640432496494,5.27302529235519,-40.0366211294364));
#5615=CARTESIAN_POINT('',(-59.1640432496494,7.48659113263329,-41.9536253800665));
#5616=CARTESIAN_POINT('',(-59.1640432496494,5.04208518467939,-39.8366211294363));
#5617=CARTESIAN_POINT('',(-52.3545283724436,8.97356043208478,-39.8366211294362));
#5618=CARTESIAN_POINT('',(-57.0140432496494,6.28338826343699,-39.8366211294363));
#5619=CARTESIAN_POINT('',(-57.8370186814662,6.75853335053299,-40.6595965612531));
#5620=CARTESIAN_POINT('',(-57.7140432496493,6.68753345186978,-40.5366211294363));
#5621=CARTESIAN_POINT('',(-59.1915432496492,5.83449842914209,-40.5366211294364));
#5622=CARTESIAN_POINT('',(-60.6690432496494,4.98146340641439,-40.5366211294364));
#5623=CARTESIAN_POINT('',(-60.6690432496494,7.11420020900599,-42.3836253800665));
#5624=CARTESIAN_POINT('',(-60.6690432496494,4.46521315384128,-40.0895352959979));
#5625=CARTESIAN_POINT('',(-54.0762656812611,4.46521315384049,-36.7931465118031));
#5626=CARTESIAN_POINT('',(-52.9074423838027,7.90193150818649,-40.0366211294361));
#5627=CARTESIAN_POINT('',(-52.8074423838027,8.07513658894328,-39.8366211294362));
#5628=CARTESIAN_POINT('',(-57.0140432496493,10.5038187312132,-39.8366211294361));
#5629=CARTESIAN_POINT('',(-59.1640432496494,11.7451218099709,-39.836621129436));
#5630=CARTESIAN_POINT('',(-59.1640432496494,9.45003873423308,-41.824221376821));
#5631=CARTESIAN_POINT('',(-59.1640432496494,11.5141817022951,-40.0366211294361));
#5632=CARTESIAN_POINT('',(-52.9074423838027,7.90193150818649,-40.0366211294361));
#5633=CARTESIAN_POINT('',(-60.6690432496493,12.3830938574254,-40.0366211294361));
#5634=CARTESIAN_POINT('',(-60.6690432496493,13.9533265406065,-38.6767597359486));
#5635=CARTESIAN_POINT('',(-60.6690432496493,11.8057435882358,-40.5366211294361));
#5636=CARTESIAN_POINT('',(-59.1915432496492,10.9527085655082,-40.5366211294361));
#5637=CARTESIAN_POINT('',(-57.7140432496493,10.0996735427805,-40.5366211294361));
#5638=CARTESIAN_POINT('',(-57.5782106749753,10.1780965163333,-40.4007885547621));
#5639=CARTESIAN_POINT('',(-52.316461798477,4.46521315384229,-38.9346197029901));
#5640=CARTESIAN_POINT('',(-60.6690432496494,4.46521315384179,-40.0366211294364));
#5641=CARTESIAN_POINT('',(-60.7748715827724,4.46521315384168,-40.0366211294364));
#5642=CARTESIAN_POINT('',(-57.2449282235975,4.46521315384198,-41.8015928090244));
#5643=CARTESIAN_POINT('',(-48.291080627969,1.93546248475449,-40.0366211294365));
#5644=CARTESIAN_POINT('',(-48.291080627969,1.93546248475449,-40.0366211294365));
#5645=CARTESIAN_POINT('',(-40.513901900773,6.42561871643729,-40.0366211294364));
#5646=CARTESIAN_POINT('',(-42.735952965686,7.70852049691819,-42.2586721943496));
#5647=CARTESIAN_POINT('',(-41.013901900773,6.71429385103209,-40.5366211294363));
#5648=CARTESIAN_POINT('',(-42.491401900773,5.86125882830449,-40.5366211294364));
#5649=CARTESIAN_POINT('',(-56.3624423838028,1.91769596803599,-40.0366211294365));
#5650=CARTESIAN_POINT('',(-56.3624423838028,1.91769596803599,-40.0366211294365));
#5651=CARTESIAN_POINT('',(-64.1240432496494,6.39885831727499,-40.0366211294364));
#5652=CARTESIAN_POINT('',(-62.1465432496494,5.83449842914209,-40.5366211294364));
#5653=CARTESIAN_POINT('',(-63.6240432496494,6.68753345186978,-40.5366211294363));
#5654=CARTESIAN_POINT('',(-61.9064430022644,7.67919041705769,-42.2542213768211));
#5655=CARTESIAN_POINT('',(-52.3216327542811,8.91658355008099,-39.8366211294362));
#5656=CARTESIAN_POINT('',(-59.1640432496494,8.39360349732479,-39.8366211294362));
#5657=CARTESIAN_POINT('',(-59.1640432496494,8.39360349732509,-39.8366211294362));
#5658=CARTESIAN_POINT('',(-57.0140432496494,8.91658355008109,-39.8366211294362));
#5659=CARTESIAN_POINT('',(-59.1640432496494,8.39360349732479,-39.8366211294362));
#5660=CARTESIAN_POINT('',(-57.9640432496493,8.39360349732509,-39.8366211294362));
#5661=CARTESIAN_POINT('',(-57.2140432496494,7.45685379756539,-39.8366211294362));
#5662=CARTESIAN_POINT('',(-57.2140432496492,8.91658355008109,-39.8366211294362));
#5663=CARTESIAN_POINT('',(-57.2140432496492,9.33035319708479,-39.8366211294361));
#5664=CARTESIAN_POINT('',(-57.9640432496493,8.39360349732509,-39.8366211294362));
#5665=CARTESIAN_POINT('',(-52.3216327542811,8.91658355008099,-39.8366211294362));
#5666=CARTESIAN_POINT('',(-45.4739019007731,8.42036389648709,-39.8366211294362));
#5667=CARTESIAN_POINT('',(-45.4739019007731,8.43811929566469,-39.8366211294362));
#5668=CARTESIAN_POINT('',(-47.6239019007731,8.91658355008099,-39.8366211294362));
#5669=CARTESIAN_POINT('',(-45.4739019007731,8.42036389648709,-39.8366211294362));
#5670=CARTESIAN_POINT('',(-46.6739019007731,8.43811929566469,-39.8366211294362));
#5671=CARTESIAN_POINT('',(-47.4239019007731,9.37486899542449,-39.8366211294361));
#5672=CARTESIAN_POINT('',(-47.4239019007731,8.91658355008099,-39.8366211294362));
#5673=CARTESIAN_POINT('',(-47.4239019007731,7.50136959590499,-39.8366211294362));
#5674=CARTESIAN_POINT('',(-46.6739019007731,8.43811929566469,-39.8366211294362));
#5675=CARTESIAN_POINT('',(-47.4239019007731,8.91658355008099,-40.0366211294361));
#5676=CARTESIAN_POINT('',(-46.9239019007731,8.42036389648749,-40.5366211294361));
#5677=CARTESIAN_POINT('',(-46.9239019007731,7.83811929566479,-40.5366211294361));
#5678=CARTESIAN_POINT('',(-47.4239019007731,7.83811929566479,-40.0366211294361));
#5679=CARTESIAN_POINT('',(-47.0239019007731,7.83811929566479,-40.4366211294361));
#5680=CARTESIAN_POINT('',(-47.0239019007731,8.91658355008099,-40.4366211294361));
#5681=CARTESIAN_POINT('',(-47.0239019007731,9.03811929566468,-40.4366211294361));
#5682=CARTESIAN_POINT('',(-47.4239019007731,9.03811929566468,-40.0366211294361));
#5683=CARTESIAN_POINT('',(-46.9239019007731,9.03811929566468,-40.5366211294361));
#5684=CARTESIAN_POINT('',(-46.9239019007731,8.42036389648749,-40.5366211294361));
#5685=CARTESIAN_POINT('',(-57.2140432496492,8.91658355008109,-40.0366211294361));
#5686=CARTESIAN_POINT('',(-57.7140432496493,8.39360349732509,-40.5366211294361));
#5687=CARTESIAN_POINT('',(-57.7140432496493,8.98536599575718,-40.5366211294361));
#5688=CARTESIAN_POINT('',(-57.2140432496492,8.98536599575718,-40.0366211294361));
#5689=CARTESIAN_POINT('',(-57.6140432496492,8.98536599575718,-40.4366211294361));
#5690=CARTESIAN_POINT('',(-57.6140432496492,8.91658355008109,-40.4366211294361));
#5691=CARTESIAN_POINT('',(-57.6140432496492,7.78536599575719,-40.4366211294361));
#5692=CARTESIAN_POINT('',(-57.2140432496494,7.78536599575719,-40.0366211294361));
#5693=CARTESIAN_POINT('',(-57.7140432496493,7.78536599575719,-40.5366211294361));
#5694=CARTESIAN_POINT('',(-57.7140432496493,8.39360349732509,-40.5366211294361));
#5695=CARTESIAN_POINT('',(-54.6606577769368,12.3508018521312,-42.2366225193887));
#5696=CARTESIAN_POINT('',(-56.72782582637,7.78536599575689,-42.2366225193887));
#5697=CARTESIAN_POINT('',(-57.6140432496492,7.78536599575719,-42.2366225193887));
#5698=CARTESIAN_POINT('',(-57.6140432496492,8.38536599575718,-42.2366225193887));
#5699=CARTESIAN_POINT('',(-57.6140432496492,8.98536599575718,-42.2366225193887));
#5700=CARTESIAN_POINT('',(-56.692159518862,8.98536599575689,-42.2366225193887));
#5701=CARTESIAN_POINT('',(-54.6601257349247,8.41463446494519,-42.2366225193887));
#5702=CARTESIAN_POINT('',(-57.7140432496493,8.39360349732509,-40.0366211294361));
#5703=CARTESIAN_POINT('',(-57.7140432496493,7.78536599575729,-42.3866225197947));
#5704=CARTESIAN_POINT('',(-57.7140426425265,7.78536599575723,-42.4366211294362));
#5705=CARTESIAN_POINT('',(-57.7140432496494,6.68753345186985,-42.4366211294363));
#5706=CARTESIAN_POINT('',(-57.7140432496493,6.68753345186987,-42.4366211294363));
#5707=CARTESIAN_POINT('',(-57.7140432496493,6.68753345186978,-40.0366211294363));
#5708=CARTESIAN_POINT('',(-46.9239019007731,8.42036389648749,-40.0366211294361));
#5709=CARTESIAN_POINT('',(-46.9239019007731,9.03811929566479,-42.3866225197621));
#5710=CARTESIAN_POINT('',(-46.9239019007731,9.03811929566551,-42.4366211294361));
#5711=CARTESIAN_POINT('',(-46.9239019007731,10.1264339419428,-42.4366211294361));
#5712=CARTESIAN_POINT('',(-46.9239019007731,10.1264339419428,-42.4366211294361));
#5713=CARTESIAN_POINT('',(-46.9239019007731,10.1264339419428,-40.0366211294361));
#5714=CARTESIAN_POINT('',(-50.0606628408121,8.40885064998559,-42.9366225201357));
#5715=CARTESIAN_POINT('',(-50.0606628408121,8.40885064998549,-37.0366197029899));
#5716=CARTESIAN_POINT('',(-50.0606628408121,7.2162290907637,-37.0366197029899));
#5717=CARTESIAN_POINT('',(-50.0606628408111,8.40885064998555,-42.4366225201356));
#5718=CARTESIAN_POINT('',(-49.1056428548999,9.12319161201335,-42.4366225201356));
#5719=CARTESIAN_POINT('',(-49.0704127216078,7.7442072230727,-42.4366225201356));
#5720=CARTESIAN_POINT('',(-49.105642114044,9.12319216616271,-42.4366220546108));
#5721=CARTESIAN_POINT('',(-49.1046046854471,9.12180520237831,-42.4366220546108));
#5722=CARTESIAN_POINT('',(-49.1035712081219,9.12041567726282,-42.4365985572343));
#5723=CARTESIAN_POINT('',(-49.1025401814503,9.11902468016279,-42.4365538472113));
#5724=CARTESIAN_POINT('',(-50.0606628408121,8.40885064998559,-42.2366225193887));
#5725=CARTESIAN_POINT('',(-49.067340767496,7.74880713461433,-42.4365458817628));
#5726=CARTESIAN_POINT('',(-49.0683610124756,7.74727173303124,-42.4365958654818));
#5727=CARTESIAN_POINT('',(-49.0693850037517,7.74573841654469,-42.4366211335187));
#5728=CARTESIAN_POINT('',(-49.0704127379354,7.74420719874774,-42.4366211294349));
#5729=CARTESIAN_POINT('',(-54.6601257349247,8.41463446494519,-40.8866211248203));
#5730=CARTESIAN_POINT('',(-54.6601257349247,8.41463446494509,-37.0366197029899));
#5731=CARTESIAN_POINT('',(-54.6601257349247,7.2220129057233,-37.0366197029899));
#5732=CARTESIAN_POINT('',(-55.6534477078082,9.07467813146098,-42.4365458817359));
#5733=CARTESIAN_POINT('',(-55.6524274627779,9.07621353261361,-42.4365958654385));
#5734=CARTESIAN_POINT('',(-55.6514034714516,9.07774684867139,-42.4366211334667));
#5735=CARTESIAN_POINT('',(-55.6503757372205,9.07927806603817,-42.4366211293822));
#5736=CARTESIAN_POINT('',(-55.6503757535944,9.0792780417387,-42.4366225202755));
#5737=CARTESIAN_POINT('',(-54.660125734963,8.41463446498416,-42.4366225202755));
#5738=CARTESIAN_POINT('',(-55.6151458329037,7.70029365273144,-42.4366225202755));
#5739=CARTESIAN_POINT('',(-55.6151465738342,7.70029309852647,-42.4366220547039));
#5740=CARTESIAN_POINT('',(-55.6161840024229,7.70168006275347,-42.4366220547038));
#5741=CARTESIAN_POINT('',(-55.6172174796574,7.70306958837001,-42.4365985572202));
#5742=CARTESIAN_POINT('',(-55.6182485063169,7.70446058591241,-42.4365538471814));
#5743=CARTESIAN_POINT('',(-47.0450731817711,7.83811929566469,-42.9366225201357));
#5744=CARTESIAN_POINT('',(-50.7055083859891,7.83811929566685,-42.4366225201356));
#5745=CARTESIAN_POINT('',(-48.8942757623412,7.83811929566623,-42.4366225201356));
#5746=CARTESIAN_POINT('',(-46.9239019007731,7.83811929566556,-42.4366211294362));
#5747=CARTESIAN_POINT('',(-48.8942757623412,7.83811829590971,-42.4366221291928));
#5748=CARTESIAN_POINT('',(-48.8964385144032,7.83811829590971,-42.4366221291928));
#5749=CARTESIAN_POINT('',(-48.8986008688225,7.83811929566532,-42.4365921850435));
#5750=CARTESIAN_POINT('',(-48.9007628508659,7.83811929566532,-42.4365349121062));
#5751=CARTESIAN_POINT('',(-47.0450731817711,7.83811929566469,-42.2366225193887));
#5752=CARTESIAN_POINT('',(-47.0239019007731,7.83811929566479,-42.2366225193887));
#5753=CARTESIAN_POINT('',(-47.0239019007731,7.83811929566479,-41.3866218244125));
#5754=CARTESIAN_POINT('',(-46.9239019007731,7.83811929566479,-42.3866225200125));
#5755=CARTESIAN_POINT('',(-54.6606577769368,12.3508018521312,-42.2366225193887));
#5756=CARTESIAN_POINT('',(-47.0239019007731,8.43811929566479,-42.2366225193887));
#5757=CARTESIAN_POINT('',(-47.0239019007731,9.03811929566468,-42.2366225193887));
#5758=CARTESIAN_POINT('',(-47.3450731817701,9.03811929566468,-42.2366225193887));
#5759=CARTESIAN_POINT('',(-47.3450731817701,9.03811929566468,-42.9366225201357));
#5760=CARTESIAN_POINT('',(-48.941865128756,9.03811929566523,-42.4365438852979));
#5761=CARTESIAN_POINT('',(-48.939834510677,9.03811929566523,-42.4365952173321));
#5762=CARTESIAN_POINT('',(-48.9378035626284,9.03811929566523,-42.43662113393));
#5763=CARTESIAN_POINT('',(-48.9357722937118,9.03811929566523,-42.4366211294346));
#5764=CARTESIAN_POINT('',(-48.9357723190991,9.0381192956662,-42.4366225201356));
#5765=CARTESIAN_POINT('',(-50.8555083859891,9.03811929566685,-42.4366225201356));
#5766=CARTESIAN_POINT('',(-47.0239019007731,9.03811929566468,-41.3866218244125));
#5767=CARTESIAN_POINT('',(-56.692159518862,8.98536599575689,-40.8866211116276));
#5768=CARTESIAN_POINT('',(-54.931630858317,8.98536599575625,-42.4366226965703));
#5769=CARTESIAN_POINT('',(-55.8265127626262,8.98536599575656,-42.4366226965703));
#5770=CARTESIAN_POINT('',(-57.7140432496493,8.98536599575723,-42.4366211294361));
#5771=CARTESIAN_POINT('',(-55.8265127626262,8.98536712234978,-42.4366222560294));
#5772=CARTESIAN_POINT('',(-55.8243499874596,8.98536712234978,-42.4366222560294));
#5773=CARTESIAN_POINT('',(-55.8221876116245,8.98536599575658,-42.4365921856436));
#5774=CARTESIAN_POINT('',(-55.8200256075959,8.98536599575658,-42.436534912131));
#5775=CARTESIAN_POINT('',(-57.6140432496492,8.98536599575718,-41.3866218244125));
#5776=CARTESIAN_POINT('',(-57.7140432496493,8.98536599575718,-42.3866226079791));
#5777=CARTESIAN_POINT('',(-56.72782582637,7.78536599575689,-40.8866211116451));
#5778=CARTESIAN_POINT('',(-55.7789235777984,7.78536599575656,-42.4365438852719));
#5779=CARTESIAN_POINT('',(-55.7809541742646,7.78536599575656,-42.4365952167675));
#5780=CARTESIAN_POINT('',(-55.782985099713,7.78536599575656,-42.4366211333608));
#5781=CARTESIAN_POINT('',(-55.7850163470099,7.78536599575656,-42.4366211294358));
#5782=CARTESIAN_POINT('',(-55.7850163248437,7.78536599575656,-42.4366223436819));
#5783=CARTESIAN_POINT('',(-55.7658294921114,7.78536599575655,-42.4366223436819));
#5784=CARTESIAN_POINT('',(-57.6140432496492,7.78536599575719,-41.3866218244125));
#5785=CARTESIAN_POINT('',(-52.7884454483047,13.3637670748199,-40.0366211294361));
#5786=CARTESIAN_POINT('',(-51.3109454483051,14.2168020975476,-40.036621129436));
#5787=CARTESIAN_POINT('',(-51.3109454483051,14.2168020975475,-42.4366211294359));
#5788=CARTESIAN_POINT('',(-54.2659454483048,12.5107320520924,-42.4366211294361));
#5789=CARTESIAN_POINT('',(-54.2659454483048,12.5107320520923,-42.436621129436));
#5790=CARTESIAN_POINT('',(-54.2659454483047,12.5107320520923,-40.0366211294361));
#5791=CARTESIAN_POINT('',(-51.3109454483051,15.9228721430029,-40.0366211294359));
#5792=CARTESIAN_POINT('',(-51.3109454483051,17.6289421884583,-40.0366211294358));
#5793=CARTESIAN_POINT('',(-51.3109454483051,17.6289421884583,-42.4366211294358));
#5794=CARTESIAN_POINT('',(-51.3109454483051,16.7228721430029,-42.4366211294358));
#5795=CARTESIAN_POINT('',(-51.3109454483051,15.922872143003,-40.536621129436));
#5796=CARTESIAN_POINT('',(-52.7884454483047,18.4819772111859,-40.0366211294358));
#5797=CARTESIAN_POINT('',(-54.2659454483047,19.3350122339137,-40.0366211294358));
#5798=CARTESIAN_POINT('',(-54.2659454483049,19.3350122339136,-42.4366211294358));
#5799=CARTESIAN_POINT('',(-51.3109454483051,17.6289421884583,-42.4366211294358));
#5800=CARTESIAN_POINT('',(-55.7434454483047,18.481977211186,-40.0366211294358));
#5801=CARTESIAN_POINT('',(-57.2209454483047,17.6289421884583,-40.0366211294358));
#5802=CARTESIAN_POINT('',(-57.2209454483047,17.6289421884583,-40.5366211294359));
#5803=CARTESIAN_POINT('',(-57.2209454483048,17.6289421884583,-42.4366211294358));
#5804=CARTESIAN_POINT('',(-54.2659454483048,19.3350122339137,-42.4366211294358));
#5805=CARTESIAN_POINT('',(-55.7434454483047,18.481977211186,-40.5366211294359));
#5806=CARTESIAN_POINT('',(-57.2209454483047,15.9228721430029,-40.0366211294359));
#5807=CARTESIAN_POINT('',(-57.2209454483047,14.2168020975477,-40.036621129436));
#5808=CARTESIAN_POINT('',(-57.2209454483047,14.2168020975477,-40.536621129436));
#5809=CARTESIAN_POINT('',(-57.2209454483048,14.2168020975477,-42.4366211294359));
#5810=CARTESIAN_POINT('',(-57.2209454483048,17.6289421884584,-42.4366211294358));
#5811=CARTESIAN_POINT('',(-57.2209454483047,15.922872143003,-40.536621129436));
#5812=CARTESIAN_POINT('',(-55.7434454483047,13.3637670748199,-40.0366211294361));
#5813=CARTESIAN_POINT('',(-57.2209454483048,14.2168020975476,-42.4366211294359));
#5814=CARTESIAN_POINT('',(-55.7434454483047,13.3637670748199,-40.5366211294361));
#5815=CARTESIAN_POINT('',(-45.4464019007731,10.9794689646705,-40.0366211294361));
#5816=CARTESIAN_POINT('',(-43.968901900773,11.8325039873981,-42.4366211294361));
#5817=CARTESIAN_POINT('',(-43.968901900773,11.8325039873981,-42.4366211294361));
#5818=CARTESIAN_POINT('',(-43.968901900773,11.8325039873982,-40.0366211294361));
#5819=CARTESIAN_POINT('',(-46.9239019007731,8.42036389648749,-40.0366211294361));
#5820=CARTESIAN_POINT('',(-46.9239019007731,6.71429385103209,-40.0366211294363));
#5821=CARTESIAN_POINT('',(-46.9239019007731,6.71429385103216,-42.4366211294363));
#5822=CARTESIAN_POINT('',(-46.9239019007731,7.43812068636446,-42.4366211294363));
#5823=CARTESIAN_POINT('',(-45.4464019007731,5.86125882830449,-40.0366211294364));
#5824=CARTESIAN_POINT('',(-43.968901900773,5.00822380557679,-40.0366211294364));
#5825=CARTESIAN_POINT('',(-43.9689019007731,5.00822380557684,-42.4366211294364));
#5826=CARTESIAN_POINT('',(-46.9239019007731,6.71429385103216,-42.4366211294363));
#5827=CARTESIAN_POINT('',(-42.491401900773,5.86125882830449,-40.0366211294364));
#5828=CARTESIAN_POINT('',(-41.013901900773,6.71429385103209,-40.0366211294363));
#5829=CARTESIAN_POINT('',(-41.013901900773,6.7142938510322,-42.4366211294363));
#5830=CARTESIAN_POINT('',(-43.968901900773,5.00822380557686,-42.4366211294364));
#5831=CARTESIAN_POINT('',(-41.013901900773,8.42036389648749,-40.0366211294361));
#5832=CARTESIAN_POINT('',(-41.013901900773,10.1264339419428,-40.0366211294361));
#5833=CARTESIAN_POINT('',(-41.013901900773,10.1264339419428,-40.5366211294361));
#5834=CARTESIAN_POINT('',(-41.013901900773,10.126433941943,-42.4366211294361));
#5835=CARTESIAN_POINT('',(-41.013901900773,6.71429385103216,-42.4366211294363));
#5836=CARTESIAN_POINT('',(-41.013901900773,8.42036389648749,-40.5366211294361));
#5837=CARTESIAN_POINT('',(-42.491401900773,10.9794689646705,-40.0366211294361));
#5838=CARTESIAN_POINT('',(-41.013901900773,10.1264339419429,-42.4366211294361));
#5839=CARTESIAN_POINT('',(-42.491401900773,10.9794689646706,-40.5366211294361));
#5840=CARTESIAN_POINT('',(-59.1915432496492,5.83449842914209,-40.0366211294364));
#5841=CARTESIAN_POINT('',(-60.6690432496494,4.98146340641456,-42.4366211294364));
#5842=CARTESIAN_POINT('',(-60.6690432496494,4.9814634064145,-42.4366211294364));
#5843=CARTESIAN_POINT('',(-60.6690432496494,4.98146340641439,-40.0366211294364));
#5844=CARTESIAN_POINT('',(-57.7140432496493,8.39360349732509,-40.0366211294361));
#5845=CARTESIAN_POINT('',(-57.7140432496493,10.0996735427805,-40.0366211294361));
#5846=CARTESIAN_POINT('',(-57.7140432496494,10.0996735427805,-42.4366211294361));
#5847=CARTESIAN_POINT('',(-57.7140432496493,9.38536512396855,-42.4366211294361));
#5848=CARTESIAN_POINT('',(-59.1915432496492,10.9527085655081,-40.0366211294361));
#5849=CARTESIAN_POINT('',(-60.6690432496493,11.8057435882358,-40.0366211294361));
#5850=CARTESIAN_POINT('',(-60.6690432496493,11.8057435882358,-42.4366211294361));
#5851=CARTESIAN_POINT('',(-57.7140432496493,10.0996735427805,-42.4366211294361));
#5852=CARTESIAN_POINT('',(-62.1465432496493,10.9527085655082,-40.0366211294361));
#5853=CARTESIAN_POINT('',(-63.6240432496493,10.0996735427805,-40.0366211294361));
#5854=CARTESIAN_POINT('',(-63.6240432496493,10.0996735427806,-40.5366211294361));
#5855=CARTESIAN_POINT('',(-63.6240432496493,10.0996735427806,-42.4366211294361));
#5856=CARTESIAN_POINT('',(-60.6690432496493,11.8057435882358,-42.4366211294361));
#5857=CARTESIAN_POINT('',(-62.1465432496493,10.9527085655082,-40.5366211294361));
#5858=CARTESIAN_POINT('',(-63.6240432496493,8.39360349732509,-40.0366211294361));
#5859=CARTESIAN_POINT('',(-63.6240432496494,6.68753345186978,-40.0366211294363));
#5860=CARTESIAN_POINT('',(-63.6240432496493,6.68753345186984,-42.4366211294363));
#5861=CARTESIAN_POINT('',(-63.6240432496493,10.0996735427805,-42.4366211294361));
#5862=CARTESIAN_POINT('',(-63.6240432496493,8.39360349732509,-40.5366211294361));
#5863=CARTESIAN_POINT('',(-62.1465432496494,5.83449842914209,-40.0366211294364));
#5864=CARTESIAN_POINT('',(-63.6240432496494,6.68753345186985,-42.4366211294363));
#5865=CARTESIAN_POINT('',(-48.7208194538381,15.1533751350172,-40.0366211294359));
#5866=CARTESIAN_POINT('',(-48.7208194538381,15.1533751350172,-40.0366211294359));
#5867=CARTESIAN_POINT('',(-40.513901900773,10.4151090765377,-40.0366211294361));
#5868=CARTESIAN_POINT('',(-40.884690807667,10.2010340013296,-40.4074100363306));
#5869=CARTESIAN_POINT('',(-40.513901900773,8.91658355008099,-40.0366211294361));
#5870=CARTESIAN_POINT('',(-40.513901900773,8.91658355008099,-40.0366211294361));
#5871=CARTESIAN_POINT('',(-64.1240432496493,8.91658355008109,-40.0366211294361));
#5872=CARTESIAN_POINT('',(-64.1240432496493,8.91658355008109,-40.0366211294361));
#5873=CARTESIAN_POINT('',(-64.1240432496493,10.3883486773753,-40.0366211294361));
#5874=CARTESIAN_POINT('',(-63.7598758243233,10.1780965163333,-40.4007885547621));
#5875=CARTESIAN_POINT('',(-55.9095283724434,15.1310010529922,-40.0366211294359));
#5876=CARTESIAN_POINT('',(-55.9095283724434,15.1310010529922,-40.0366211294359));
#5877=CARTESIAN_POINT('',(-50.8109454483051,8.91658355008099,-40.0366211294361));
#5878=CARTESIAN_POINT('',(-50.6109454483051,8.91658355008099,-39.8366211294362));
#5879=CARTESIAN_POINT('',(-57.5690228816447,18.0053298578103,-40.0366211294358));
#5880=CARTESIAN_POINT('',(-57.5690228816447,18.0053298578103,-40.0366211294358));
#5881=CARTESIAN_POINT('',(-57.7209454483047,17.9176173230532,-40.0366211294358));
#5882=CARTESIAN_POINT('',(-57.6775390006876,17.8925565988368,-40.0800275770529));
#5883=CARTESIAN_POINT('',(-57.7209454483047,8.91658355008099,-40.0366211294361));
#5884=CARTESIAN_POINT('',(-57.7209454483047,8.91658355008099,-40.0366211294361));
#5885=CARTESIAN_POINT('',(-57.7209454483047,13.9281269629528,-40.036621129436));
#5886=CARTESIAN_POINT('',(-55.9439321699117,14.9540860575866,-41.813634407829));
#5887=CARTESIAN_POINT('',(-51.5013989739291,10.3372701317347,-40.0366211294361));
#5888=CARTESIAN_POINT('',(-51.5013989739291,10.3372701317347,-40.0366211294361));
#5889=CARTESIAN_POINT('',(-52.3216327542811,8.91658355008099,-39.8366211294362));
#5890=CARTESIAN_POINT('',(-52.7609454483047,15.9228721430026,-39.8366211294359));
#5891=CARTESIAN_POINT('',(-52.7609454483047,15.9228721430029,-39.8366211294359));
#5892=CARTESIAN_POINT('',(-52.7609454483047,15.9228721430026,-39.8366211294359));
#5893=CARTESIAN_POINT('',(-51.5609454483051,15.9228721430029,-39.8366211294359));
#5894=CARTESIAN_POINT('',(-50.8109454483051,14.9861224432431,-39.8366211294359));
#5895=CARTESIAN_POINT('',(-50.8109454483051,8.91658355008099,-39.8366211294362));
#5896=CARTESIAN_POINT('',(-50.8109454483051,16.8596218427627,-39.8366211294358));
#5897=CARTESIAN_POINT('',(-51.5609454483051,15.9228721430029,-39.8366211294359));
#5898=CARTESIAN_POINT('',(-47.0239019007731,8.42036389648749,-41.7366211294362));
#5899=CARTESIAN_POINT('',(-57.6140432496492,8.38536599575718,-41.3866218244125));
#5900=CARTESIAN_POINT('',(-50.8109454483051,15.9228721430029,-38.9346197029896));
#5901=CARTESIAN_POINT('',(-50.8109454483051,14.9861224432431,-38.9346197029897));
#5902=CARTESIAN_POINT('',(-50.8109454483051,14.986122443243,-37.0366197029896));
#5903=CARTESIAN_POINT('',(-50.8109454483051,15.9228721430028,-37.0366197029896));
#5904=CARTESIAN_POINT('',(-50.8109454483051,16.8596218427626,-37.0366197029896));
#5905=CARTESIAN_POINT('',(-50.8109454483051,16.8596218427626,-38.9346197029896));
#5906=CARTESIAN_POINT('',(-51.5609454483051,15.9228721430029,-38.9346197029896));
#5907=CARTESIAN_POINT('',(-51.5609454483051,15.9228721430028,-37.0366197029896));
#5908=CARTESIAN_POINT('',(-57.9640432496493,8.39360349732509,-38.9346197029898));
#5909=CARTESIAN_POINT('',(-57.2140432496492,9.33035319708479,-38.9346197029898));
#5910=CARTESIAN_POINT('',(-57.2140432496492,9.33035319708474,-37.0366197029899));
#5911=CARTESIAN_POINT('',(-57.9640432496493,8.39360349732499,-37.0366197029899));
#5912=CARTESIAN_POINT('',(-57.2140432496493,7.45685379756527,-37.03661970299));
#5913=CARTESIAN_POINT('',(-57.2140432496492,7.45685379756539,-38.9346197029899));
#5914=CARTESIAN_POINT('',(-57.2140432496492,8.39360349732509,-38.9346197029898));
#5915=CARTESIAN_POINT('',(-57.2140432496492,9.33035319708469,-37.0366197029899));
#5916=CARTESIAN_POINT('',(-46.6739019007731,8.43811929566469,-38.9346197029898));
#5917=CARTESIAN_POINT('',(-47.4239019007731,7.50136959590489,-38.9346197029899));
#5918=CARTESIAN_POINT('',(-47.4239019007731,7.50136959590483,-37.0366197029899));
#5919=CARTESIAN_POINT('',(-46.6739019007731,8.43811929566459,-37.0366197029899));
#5920=CARTESIAN_POINT('',(-47.4239019007731,9.37486899542435,-37.0366197029898));
#5921=CARTESIAN_POINT('',(-47.4239019007731,9.37486899542438,-38.9346197029898));
#5922=CARTESIAN_POINT('',(-47.4239019007731,8.43811929566469,-38.9346197029898));
#5923=CARTESIAN_POINT('',(-47.4239019007731,7.50136959590479,-37.0366197029899));
#5924=CARTESIAN_POINT('',(-50.8109454483051,15.9228721430028,-37.0366197029896));
#5925=CARTESIAN_POINT('',(-50.4109454483051,17.0353019160671,-36.6366197029895));
#5926=CARTESIAN_POINT('',(-50.5452113754969,16.9809886742794,-36.7708856301813));
#5927=CARTESIAN_POINT('',(-50.678702919476,16.9231490987503,-36.9043771741603));
#5928=CARTESIAN_POINT('',(-50.8109454483051,16.8596218427626,-37.0366197029895));
#5929=CARTESIAN_POINT('',(-50.8109454483051,14.986122443243,-37.0366197029896));
#5930=CARTESIAN_POINT('',(-50.678702919476,14.9225951872553,-36.9043771741604));
#5931=CARTESIAN_POINT('',(-50.5452113754969,14.8647556117262,-36.7708856301814));
#5932=CARTESIAN_POINT('',(-50.4109454483051,14.8104423699385,-36.6366197029896));
#5933=CARTESIAN_POINT('',(-51.5609454483051,15.9228721430028,-36.6366197029895));
#5934=CARTESIAN_POINT('',(-47.8239019007731,11.8967461927224,-36.6366197029897));
#5935=CARTESIAN_POINT('',(-47.4239019007731,9.37486899542434,-37.0366197029898));
#5936=CARTESIAN_POINT('',(-47.5561444296022,9.43839625141212,-36.9043771741607));
#5937=CARTESIAN_POINT('',(-47.6896359735813,9.49623582694118,-36.7708856301816));
#5938=CARTESIAN_POINT('',(-47.8239019007731,9.55054906872889,-36.6366197029898));
#5939=CARTESIAN_POINT('',(-47.8239019007731,7.32568952260024,-36.63661970299));
#5940=CARTESIAN_POINT('',(-47.6896359735813,7.38000276438796,-36.7708856301817));
#5941=CARTESIAN_POINT('',(-47.5561444296024,7.43784233991705,-36.9043771741608));
#5942=CARTESIAN_POINT('',(-47.4239019007732,7.50136959590484,-37.0366197029899));
#5943=CARTESIAN_POINT('',(-46.6739019007731,8.43811929566459,-37.0366197029899));
#5944=CARTESIAN_POINT('',(-50.0606628408121,8.40885064998549,-36.6366197029898));
#5945=CARTESIAN_POINT('',(-54.6601257349247,8.41463446494509,-36.6366197029898));
#5946=CARTESIAN_POINT('',(-57.9640432496493,8.39360349732499,-36.6366197029898));
#5947=CARTESIAN_POINT('',(-57.2140432496492,9.33035319708474,-37.0366197029899));
#5948=CARTESIAN_POINT('',(-57.08180072082,9.39388045307252,-36.9043771741607));
#5949=CARTESIAN_POINT('',(-56.9483091768412,9.45172002860157,-36.7708856301817));
#5950=CARTESIAN_POINT('',(-56.8140432496494,9.50603327038929,-36.6366197029899));
#5951=CARTESIAN_POINT('',(-56.8140432496494,7.28117372426069,-36.6366197029899));
#5952=CARTESIAN_POINT('',(-56.9483091768412,7.33548696604841,-36.7708856301817));
#5953=CARTESIAN_POINT('',(-57.0818007208201,7.39332654157752,-36.9043771741608));
#5954=CARTESIAN_POINT('',(-57.2140432496492,7.45685379756529,-37.03661970299));
#5955=CARTESIAN_POINT('',(-56.8140432496493,11.8967461927224,-36.6366197029897));
#5956=CARTESIAN_POINT('',(-59.1640432496494,8.39360349732479,-40.0366211294361));
#5957=CARTESIAN_POINT('',(-59.1640432496494,8.39360349732479,-40.0366211294361));
#5958=CARTESIAN_POINT('',(-52.318972575211,12.30425788231,-40.0366211294361));
#5959=CARTESIAN_POINT('',(-52.7609454483047,15.9228721430026,-40.0366211294359));
#5960=CARTESIAN_POINT('',(-52.7609454483047,15.9228721430026,-40.0366211294359));
#5961=CARTESIAN_POINT('',(-52.318972575211,12.30425788231,-40.0366211294361));
#5962=CARTESIAN_POINT('',(-45.4739019007731,8.42036389648709,-40.0366211294361));
#5963=CARTESIAN_POINT('',(-45.4739019007731,8.42036389648709,-40.0366211294361));
#5964=CARTESIAN_POINT('',(-52.318972575211,12.30425788231,-40.0366211294361));
#5965=CARTESIAN_POINT('',(-67.958391814604,6.36521315373713,-36.63461970299));
#5966=CARTESIAN_POINT('',(-70.5623737787519,6.36521315373159,-36.63461970299));
#5967=CARTESIAN_POINT('',(-70.5623737787519,6.36521315373161,-37.03661970299));
#5968=CARTESIAN_POINT('',(-67.958391814604,6.36521315373715,-37.03661970299));
#5969=CARTESIAN_POINT('',(-67.9598490347688,16.365215297815,-36.6346197029896));
#5970=CARTESIAN_POINT('',(-70.597083930396,16.365215297815,-37.0366197029896));
#5971=CARTESIAN_POINT('',(-70.597083930396,16.365215297815,-37.0366197029896));
#5972=CARTESIAN_POINT('',(-70.597083930396,16.3652152978152,-39.8366211294358));
#5973=CARTESIAN_POINT('',(-36.6740415888098,16.1652152978817,-36.6346197029896));
#5974=CARTESIAN_POINT('',(-33.9897521495625,16.1652152978932,-36.6346197029896));
#5975=CARTESIAN_POINT('',(-33.9897521495625,16.1652152978932,-37.0366197029896));
#5976=CARTESIAN_POINT('',(-39.9197943418907,16.1652152978678,-37.0366197029896));
#5977=CARTESIAN_POINT('',(-36.6811876438536,6.3652131538034,-36.63461970299));
#5978=CARTESIAN_POINT('',(-34.0772056796815,6.36521315380349,-37.03661970299));
#5979=CARTESIAN_POINT('',(-34.0772056796815,6.36521315380349,-37.03661970299));
#5980=CARTESIAN_POINT('',(-34.0772056796815,6.36521315380347,-36.63461970299));
#5981=CARTESIAN_POINT('',(-52.3197897292675,12.2652152978122,-41.2366211294361));
#5982=CARTESIAN_POINT('',(-52.3197897292675,12.2652152978122,-41.2366211294361));
#5983=CARTESIAN_POINT('',(-33.9897521495647,16.6652152978932,-38.2366204162127));
#5984=CARTESIAN_POINT('',(-33.9897521495647,16.6652152978932,-37.0366197029896));
#5985=CARTESIAN_POINT('',(-34.0772056796814,5.86521315380354,-38.2366204162132));
#5986=CARTESIAN_POINT('',(-34.0772056796814,5.86521315380349,-37.03661970299));
#5987=CARTESIAN_POINT('',(-70.5623737787508,5.86521315373166,-38.2366204162131));
#5988=CARTESIAN_POINT('',(-70.5623737787508,5.86521315373161,-37.03661970299));
#5989=CARTESIAN_POINT('',(-70.597083930396,16.8652152978151,-38.2366204162127));
#5990=CARTESIAN_POINT('',(-70.597083930396,16.865215297815,-37.0366197029896));
#5991=CARTESIAN_POINT('',(-71.0747984559175,17.0128257043106,-37.0366197029896));
#5992=CARTESIAN_POINT('',(-70.8656536055222,17.7056747252003,-37.0366197029896));
#5993=CARTESIAN_POINT('',(-70.3919089449443,18.2647813944598,-37.0366197029895));
#5994=CARTESIAN_POINT('',(-69.3217219226181,19.0697632307754,-37.0366197029894));
#5995=CARTESIAN_POINT('',(-68.7310668302439,19.350205210643,-37.0366197029894));
#5996=CARTESIAN_POINT('',(-67.5486221280454,19.7890300679642,-37.0366197029894));
#5997=CARTESIAN_POINT('',(-66.9368926232226,19.9509038784418,-37.0366197029894));
#5998=CARTESIAN_POINT('',(-65.7152274686685,20.2084459128133,-37.0366197029894));
#5999=CARTESIAN_POINT('',(-65.1018537932632,20.3033719558757,-37.0366197029894));
#6000=CARTESIAN_POINT('',(-64.4864385365485,20.377687037796,-37.0366197029894));
#6001=CARTESIAN_POINT('',(-70.6926268355029,16.8947373791058,-36.6366197029895));
#6002=CARTESIAN_POINT('',(-70.5125120768628,17.4906636893639,-36.6366197029895));
#6003=CARTESIAN_POINT('',(-70.1045042010995,17.9795732131243,-36.6366197029895));
#6004=CARTESIAN_POINT('',(-69.1252685750198,18.7178832334849,-36.6366197029895));
#6005=CARTESIAN_POINT('',(-68.5678010293914,18.9843237567265,-36.6366197029895));
#6006=CARTESIAN_POINT('',(-67.4341827237477,19.4046583519223,-36.6366197029894));
#6007=CARTESIAN_POINT('',(-66.8401079436707,19.5625404858475,-36.6366197029894));
#6008=CARTESIAN_POINT('',(-65.6470841973561,19.8139946587486,-36.6366197029894));
#6009=CARTESIAN_POINT('',(-65.0446534136665,19.9073871481907,-36.6366197029894));
#6010=CARTESIAN_POINT('',(-64.4385862581527,19.9805596533809,-36.6366197029894));
#6011=CARTESIAN_POINT('',(-70.6926268355029,16.8947373791058,-36.6366197029895));
#6012=CARTESIAN_POINT('',(-70.8200173756445,16.934100154163,-36.7699530363229));
#6013=CARTESIAN_POINT('',(-70.9474079157827,16.9734629292312,-36.9032863696562));
#6014=CARTESIAN_POINT('',(-71.0747984559175,17.0128257043106,-37.0366197029896));
#6015=CARTESIAN_POINT('',(-64.4385862581527,19.9805596533809,-36.6366197029894));
#6016=CARTESIAN_POINT('',(-64.454537017618,20.112935448186,-36.7699530363228));
#6017=CARTESIAN_POINT('',(-64.4704877770832,20.245311242991,-36.9032863696561));
#6018=CARTESIAN_POINT('',(-64.4864385365485,20.377687037796,-37.0366197029894));
#6019=CARTESIAN_POINT('',(-64.4864385365485,20.377687037796,-37.0366197029894));
#6020=CARTESIAN_POINT('',(-62.9331893136873,20.562947578962,-37.0366197029894));
#6021=CARTESIAN_POINT('',(-61.3770948862224,20.62032374444,-37.0366197029894));
#6022=CARTESIAN_POINT('',(-59.8256074278947,20.6217463979524,-37.0366197029894));
#6023=CARTESIAN_POINT('',(-64.4385862581527,19.9805596533809,-36.6366197029894));
#6024=CARTESIAN_POINT('',(-62.9086075702866,20.1631199844401,-36.6366197029894));
#6025=CARTESIAN_POINT('',(-61.3660031803814,20.2204121694176,-36.6366197029894));
#6026=CARTESIAN_POINT('',(-59.8256074278947,20.2217463979524,-36.6366197029894));
#6027=CARTESIAN_POINT('',(-59.8256074278947,20.6217463979526,-37.0366197029894));
#6028=CARTESIAN_POINT('',(-59.8256074278946,20.4884130646193,-36.9032863696561));
#6029=CARTESIAN_POINT('',(-59.8256074278946,20.3550797312859,-36.7699530363228));
#6030=CARTESIAN_POINT('',(-59.8256074278947,20.2217463979526,-36.6366197029894));
#6031=CARTESIAN_POINT('',(-70.597083930396,16.865215297815,-36.6366197029895));
#6032=CARTESIAN_POINT('',(-70.597083930396,16.7652152978151,-36.6366197029895));
#6033=CARTESIAN_POINT('',(-56.6462993368991,20.6217463979526,-37.0366197029894));
#6034=CARTESIAN_POINT('',(-44.8139720305668,20.2217463979525,-36.6366197029893));
#6035=CARTESIAN_POINT('',(-44.8139720305668,20.3550797312858,-36.7699530363227));
#6036=CARTESIAN_POINT('',(-44.8139720305668,20.4884130646191,-36.903286369656));
#6037=CARTESIAN_POINT('',(-44.8139720305668,20.6217463979525,-37.0366197029893));
#6038=CARTESIAN_POINT('',(-52.3164774902757,16.7652152978151,-36.6366197029895));
#6039=CARTESIAN_POINT('',(-60.3186825744713,20.7663178399133,-32.6355171608908));
#6040=CARTESIAN_POINT('',(-40.2009932003197,19.9805596533823,-36.6366197029894));
#6041=CARTESIAN_POINT('',(-41.7312252726633,20.1631437955526,-36.6366197029894));
#6042=CARTESIAN_POINT('',(-43.2738575264467,20.2204146920259,-36.6366197029894));
#6043=CARTESIAN_POINT('',(-44.8139720305668,20.2217463979524,-36.6366197029894));
#6044=CARTESIAN_POINT('',(-40.1531409219129,20.377687037796,-37.0366197029894));
#6045=CARTESIAN_POINT('',(-41.7066468274009,20.5629716726932,-37.0366197029894));
#6046=CARTESIAN_POINT('',(-43.2627679032594,20.6203262617847,-37.0366197029894));
#6047=CARTESIAN_POINT('',(-44.8139720305668,20.6217463979524,-37.0366197029894));
#6048=CARTESIAN_POINT('',(-40.2009932003197,19.9805596533823,-36.6366197029894));
#6049=CARTESIAN_POINT('',(-40.1850424408508,20.1129354481868,-36.7699530363228));
#6050=CARTESIAN_POINT('',(-40.1690916813818,20.2453112429914,-36.9032863696561));
#6051=CARTESIAN_POINT('',(-40.1531409219129,20.377687037796,-37.0366197029894));
#6052=CARTESIAN_POINT('',(-64.3197851165707,11.8967461927227,-36.6366197029897));
#6053=CARTESIAN_POINT('',(-66.2969627962287,7.94239083339835,-38.6137973826476));
#6054=CARTESIAN_POINT('',(-33.8920870164207,16.6866983555896,-36.6366197029895));
#6055=CARTESIAN_POINT('',(-34.0227235468017,17.3103432163324,-36.6366197029895));
#6056=CARTESIAN_POINT('',(-34.4120628239987,17.853979050335,-36.6366197029895));
#6057=CARTESIAN_POINT('',(-35.3934315150176,18.6509031956817,-36.6366197029894));
#6058=CARTESIAN_POINT('',(-35.9640047801645,18.9370908366979,-36.6366197029894));
#6059=CARTESIAN_POINT('',(-37.1391582017363,19.3864757471454,-36.6366197029894));
#6060=CARTESIAN_POINT('',(-37.740221887253,19.5480592369984,-36.6366197029894));
#6061=CARTESIAN_POINT('',(-38.9596507266318,19.8089365990317,-36.6366197029894));
#6062=CARTESIAN_POINT('',(-39.5777289692308,19.9053090627893,-36.6366197029894));
#6063=CARTESIAN_POINT('',(-40.2009932003197,19.9805596533823,-36.6366197029894));
#6064=CARTESIAN_POINT('',(-33.5014264838538,16.7726305864144,-37.0366197029896));
#6065=CARTESIAN_POINT('',(-33.6513696964906,17.4942539392947,-37.0366197029895));
#6066=CARTESIAN_POINT('',(-34.1088169890533,18.1247298780805,-37.0366197029895));
#6067=CARTESIAN_POINT('',(-35.188908044965,18.998351634275,-37.0366197029894));
#6068=CARTESIAN_POINT('',(-35.7951668226824,19.3005291546008,-37.0366197029894));
#6069=CARTESIAN_POINT('',(-37.0226523312624,19.7704187909632,-37.0366197029894));
#6070=CARTESIAN_POINT('',(-37.6418010951374,19.9360216851378,-37.0366197029894));
#6071=CARTESIAN_POINT('',(-38.890920202836,20.203317066492,-37.0366197029894));
#6072=CARTESIAN_POINT('',(-39.5202623940887,20.3012602339086,-37.0366197029894));
#6073=CARTESIAN_POINT('',(-40.1531409219129,20.377687037796,-37.0366197029894));
#6074=CARTESIAN_POINT('',(-33.5014264838564,16.7726305864262,-37.0366197029895));
#6075=CARTESIAN_POINT('',(-33.6316466613786,16.7439865094841,-36.9032863696562));
#6076=CARTESIAN_POINT('',(-33.7618668389008,16.7153424325419,-36.7699530363229));
#6077=CARTESIAN_POINT('',(-33.892087016423,16.6866983555998,-36.6366197029895));
#6078=CARTESIAN_POINT('',(-67.958391814604,6.36521315373715,-37.03661970299));
#6079=CARTESIAN_POINT('',(-70.562373778751,5.96521315373159,-36.63661970299));
#6080=CARTESIAN_POINT('',(-33.9897521495647,16.6652152978932,-36.6366197029895));
#6081=CARTESIAN_POINT('',(-33.9897521495625,16.1652152978932,-37.0366197029896));
#6082=CARTESIAN_POINT('',(-70.5623737787508,5.86521315373159,-36.63661970299));
#6083=CARTESIAN_POINT('',(-71.0255680410593,5.67692859418282,-37.03661970299));
#6084=CARTESIAN_POINT('',(-70.9020495710957,5.72713781002636,-36.9032863696567));
#6085=CARTESIAN_POINT('',(-70.7785311011438,5.7773470258988,-36.7699530363233));
#6086=CARTESIAN_POINT('',(-70.6550126312037,5.82755624180015,-36.63661970299));
#6087=CARTESIAN_POINT('',(-52.3164774902956,16.5652152978148,-36.6366197029895));
#6088=CARTESIAN_POINT('',(-38.763637973512,15.0090589294941,-38.1927760713684));
#6089=CARTESIAN_POINT('',(-64.4864385365485,2.76696068865347,-37.0366197029902));
#6090=CARTESIAN_POINT('',(-65.0772683852074,2.831441070907,-37.0366197029901));
#6091=CARTESIAN_POINT('',(-65.6665089801498,2.91311674758223,-37.0366197029902));
#6092=CARTESIAN_POINT('',(-66.8439473392199,3.13288157909005,-37.0366197029902));
#6093=CARTESIAN_POINT('',(-67.4299871860273,3.26878714282019,-37.0366197029901));
#6094=CARTESIAN_POINT('',(-68.5791771564394,3.63755277687725,-37.0366197029902));
#6095=CARTESIAN_POINT('',(-69.1564750889055,3.86988406329697,-37.0366197029901));
#6096=CARTESIAN_POINT('',(-70.2345058098846,4.5442839641085,-37.0366197029901));
#6097=CARTESIAN_POINT('',(-70.7571085925648,5.01542518008593,-37.0366197029901));
#6098=CARTESIAN_POINT('',(-71.0255680410593,5.67692859418283,-37.0366197029901));
#6099=CARTESIAN_POINT('',(-64.4431258229707,3.16460878539544,-36.6366197029901));
#6100=CARTESIAN_POINT('',(-65.0258115903867,3.22819053122459,-36.6366197029901));
#6101=CARTESIAN_POINT('',(-65.6055643291161,3.30866715598601,-36.6366197029901));
#6102=CARTESIAN_POINT('',(-66.7582283335099,3.52377237751009,-36.6366197029901));
#6103=CARTESIAN_POINT('',(-67.3293110489369,3.65673341859487,-36.6366197029901));
#6104=CARTESIAN_POINT('',(-68.4361999488349,4.01159931446695,-36.6366197029901));
#6105=CARTESIAN_POINT('',(-68.9846137430744,4.23417600254493,-36.6366197029901));
#6106=CARTESIAN_POINT('',(-69.9803068213585,4.85709806639867,-36.6366197029901));
#6107=CARTESIAN_POINT('',(-70.4324801015076,5.27570252836749,-36.6366197029901));
#6108=CARTESIAN_POINT('',(-70.6550126312037,5.82755624180015,-36.63661970299));
#6109=CARTESIAN_POINT('',(-64.4864385365485,2.76696068865347,-37.0366197029902));
#6110=CARTESIAN_POINT('',(-64.4720009653559,2.89951005423413,-36.9032863696568));
#6111=CARTESIAN_POINT('',(-64.4575633941633,3.03205941981479,-36.7699530363235));
#6112=CARTESIAN_POINT('',(-64.4431258229707,3.16460878539544,-36.6366197029901));
#6113=CARTESIAN_POINT('',(-40.3197943418909,11.8967461927227,-36.6366197029897));
#6114=CARTESIAN_POINT('',(-44.3186887246863,1.96631877100796,-32.637725320195));
#6115=CARTESIAN_POINT('',(-59.8256074278947,2.54634359022492,-37.0366197029902));
#6116=CARTESIAN_POINT('',(-61.3768178606806,2.5476451308799,-37.0366197029902));
#6117=CARTESIAN_POINT('',(-62.9322282101476,2.59941806659186,-37.0366197029901));
#6118=CARTESIAN_POINT('',(-64.4864385365485,2.76696068865347,-37.0366197029902));
#6119=CARTESIAN_POINT('',(-59.8256074278947,2.9463435902249,-36.6366197029901));
#6120=CARTESIAN_POINT('',(-61.3667863859784,2.94757170586101,-36.6366197029901));
#6121=CARTESIAN_POINT('',(-62.9100355591483,2.99928058631017,-36.6366197029901));
#6122=CARTESIAN_POINT('',(-64.4431258229707,3.16460878539544,-36.6366197029901));
#6123=CARTESIAN_POINT('',(-59.8256074278947,2.9463435902249,-36.6366197029901));
#6124=CARTESIAN_POINT('',(-59.8256074278947,2.81301025689157,-36.7699530363235));
#6125=CARTESIAN_POINT('',(-59.8256074278947,2.67967692355824,-36.9032863696568));
#6126=CARTESIAN_POINT('',(-59.8256074278947,2.54634359022492,-37.0366197029902));
#6127=CARTESIAN_POINT('',(-52.3164774902755,5.96521315380296,-36.63661970299));
#6128=CARTESIAN_POINT('',(-34.0772056796815,6.36521315380349,-37.03661970299));
#6129=CARTESIAN_POINT('',(-56.0726985785627,2.54634359022492,-37.0366197029902));
#6130=CARTESIAN_POINT('',(-44.8139720305668,2.54634359022492,-37.0366197029902));
#6131=CARTESIAN_POINT('',(-44.8139720305668,2.67967692355824,-36.9032863696568));
#6132=CARTESIAN_POINT('',(-44.8139720305668,2.81301025689157,-36.7699530363235));
#6133=CARTESIAN_POINT('',(-44.8139720305668,2.9463435902249,-36.6366197029901));
#6134=CARTESIAN_POINT('',(-34.0772056796814,5.86521315380347,-36.63661970299));
#6135=CARTESIAN_POINT('',(-33.9845668272265,5.827556241877,-36.63661970299));
#6136=CARTESIAN_POINT('',(-33.8610483572839,5.77734702598194,-36.7699530363233));
#6137=CARTESIAN_POINT('',(-33.73752988733,5.72713781011442,-36.9032863696567));
#6138=CARTESIAN_POINT('',(-33.6140114173649,5.67692859427443,-37.03661970299));
#6139=CARTESIAN_POINT('',(-44.8139720305668,2.9463435902249,-36.6366197029901));
#6140=CARTESIAN_POINT('',(-43.250057011639,2.94766234758691,-36.6366197029901));
#6141=CARTESIAN_POINT('',(-41.6841868033158,3.00069273479869,-36.6366197029901));
#6142=CARTESIAN_POINT('',(-40.1292877093311,3.17200507394732,-36.6366197029901));
#6143=CARTESIAN_POINT('',(-44.8139720305668,2.54634359022492,-37.0366197029902));
#6144=CARTESIAN_POINT('',(-43.2398666204672,2.54774175365809,-37.0366197029902));
#6145=CARTESIAN_POINT('',(-41.6616552799771,2.60082331905292,-37.0366197029901));
#6146=CARTESIAN_POINT('',(-40.0850317827428,2.77446084626718,-37.0366197029902));
#6147=CARTESIAN_POINT('',(-40.0850317827428,2.77446084626718,-37.0366197029902));
#6148=CARTESIAN_POINT('',(-40.0997837582722,2.90697558882722,-36.9032863696568));
#6149=CARTESIAN_POINT('',(-40.1145357338017,3.03949033138727,-36.7699530363235));
#6150=CARTESIAN_POINT('',(-40.1292877093311,3.17200507394732,-36.6366197029901));
#6151=CARTESIAN_POINT('',(-40.1292877094691,3.17200507393196,-36.6366197029901));
#6152=CARTESIAN_POINT('',(-39.5527431106316,3.23629874593602,-36.6366197029901));
#6153=CARTESIAN_POINT('',(-38.9786078942191,3.31757505409528,-36.6366197029901));
#6154=CARTESIAN_POINT('',(-37.8416049566425,3.53273814858439,-36.6366197029901));
#6155=CARTESIAN_POINT('',(-37.2732041100711,3.66662475419589,-36.6366197029901));
#6156=CARTESIAN_POINT('',(-36.1768111396001,4.02216724725447,-36.6366197029901));
#6157=CARTESIAN_POINT('',(-35.6449810593055,4.23942202405637,-36.6366197029901));
#6158=CARTESIAN_POINT('',(-34.660208321177,4.85755326773218,-36.6366197029901));
#6159=CARTESIAN_POINT('',(-34.2081980603983,5.27534288851546,-36.6366197029901));
#6160=CARTESIAN_POINT('',(-33.9845668272265,5.82755624187701,-36.63661970299));
#6161=CARTESIAN_POINT('',(-40.0850317827429,2.77446084626717,-37.0366197029902));
#6162=CARTESIAN_POINT('',(-39.5003102236629,2.83967630293018,-37.0366197029901));
#6163=CARTESIAN_POINT('',(-38.9166284505269,2.92218656126913,-37.0366197029902));
#6164=CARTESIAN_POINT('',(-37.7548646596343,3.14207165686686,-37.0366197029902));
#6165=CARTESIAN_POINT('',(-37.1713873799805,3.27897730156337,-37.0366197029902));
#6166=CARTESIAN_POINT('',(-36.032533673003,3.6486066820912,-37.0366197029901));
#6167=CARTESIAN_POINT('',(-35.4724331519927,3.87545878902628,-37.0366197029901));
#6168=CARTESIAN_POINT('',(-34.4059163987194,4.54490157555367,-37.0366197029901));
#6169=CARTESIAN_POINT('',(-33.8836706081893,5.01510491047356,-37.0366197029901));
#6170=CARTESIAN_POINT('',(-33.6140114173649,5.67692859427444,-37.03661970299));
#6171=CARTESIAN_POINT('',(-68.119789729241,12.2652152978122,-42.4366211294361));
#6172=CARTESIAN_POINT('',(-68.119789729241,12.2652152978123,-42.8366211294361));
#6173=CARTESIAN_POINT('',(-70.2529513476738,18.3268285132633,-42.436621129433));
#6174=CARTESIAN_POINT('',(-70.0458561790714,18.5294059947904,-42.4366211294329));
#6175=CARTESIAN_POINT('',(-69.8052448636509,18.7185720042895,-42.4366211294308));
#6176=CARTESIAN_POINT('',(-68.970597527536,19.2536991867755,-42.4366211294376));
#6177=CARTESIAN_POINT('',(-68.2699476852032,19.556998883951,-42.436621129436));
#6178=CARTESIAN_POINT('',(-66.5883880635642,20.0514523826239,-42.4366211294299));
#6179=CARTESIAN_POINT('',(-65.607478284302,20.2426061841266,-42.436621129433));
#6180=CARTESIAN_POINT('',(-64.4864385365488,20.377687037799,-42.436621129433));
#6181=CARTESIAN_POINT('',(-69.9732444964059,18.0408842652081,-42.8366211294364));
#6182=CARTESIAN_POINT('',(-69.7878738862924,18.2222092662056,-42.8366211294363));
#6183=CARTESIAN_POINT('',(-69.5690961571429,18.3948241501265,-42.8366211294341));
#6184=CARTESIAN_POINT('',(-68.7961187586431,18.8904121640311,-42.836621129441));
#6185=CARTESIAN_POINT('',(-68.1298626088563,19.1812561488678,-42.8366211294393));
#6186=CARTESIAN_POINT('',(-66.5027916932996,19.6596875381576,-42.8366211294333));
#6187=CARTESIAN_POINT('',(-65.5426041359333,19.8475298675936,-42.8366211294363));
#6188=CARTESIAN_POINT('',(-64.4385862581527,19.9805596533807,-42.8366211294363));
#6189=CARTESIAN_POINT('',(-64.4864385365485,20.3776870377962,-42.4366211294357));
#6190=CARTESIAN_POINT('',(-64.4385862581426,19.9805596533824,-42.8366211294357));
#6191=CARTESIAN_POINT('',(-64.4385862581477,19.9805596533818,-42.8366211294357));
#6192=CARTESIAN_POINT('',(-65.3956267862365,19.8652400566584,-42.8366211294357));
#6193=CARTESIAN_POINT('',(-67.2963717637249,19.5265586716277,-42.8366211294358));
#6194=CARTESIAN_POINT('',(-69.0995801109836,18.815309289819,-42.8366211294358));
#6195=CARTESIAN_POINT('',(-69.8339997208161,18.1699015002115,-42.8366211294358));
#6196=CARTESIAN_POINT('',(-64.4864385365485,20.3776870377962,-42.4366211294357));
#6197=CARTESIAN_POINT('',(-63.1361349412575,20.5403932778975,-42.4366211294735));
#6198=CARTESIAN_POINT('',(-61.5825245717065,20.6217463979556,-42.4366211294479));
#6199=CARTESIAN_POINT('',(-59.8256074278947,20.6217463979525,-42.4366211294357));
#6200=CARTESIAN_POINT('',(-64.4385862581528,19.9805596533812,-42.8366211294357));
#6201=CARTESIAN_POINT('',(-63.1086835280952,20.1408076700496,-42.8366211294734));
#6202=CARTESIAN_POINT('',(-61.5701558487237,20.2217463979328,-42.8366211294479));
#6203=CARTESIAN_POINT('',(-59.8256074278947,20.2217463979526,-42.8366211294357));
#6204=CARTESIAN_POINT('',(-59.8256074278947,20.6217463979526,-42.4366211294357));
#6205=CARTESIAN_POINT('',(-59.8256074278947,20.2217463979526,-42.8366211294357));
#6206=CARTESIAN_POINT('',(-59.8256074278947,20.2217463979526,-42.8366211294357));
#6207=CARTESIAN_POINT('',(-61.3665084913441,20.2217463979459,-42.8366211294357));
#6208=CARTESIAN_POINT('',(-62.9084858063928,20.1649307033938,-42.8366211294357));
#6209=CARTESIAN_POINT('',(-64.4385862581426,19.9805596533824,-42.8366211294357));
#6210=CARTESIAN_POINT('',(-52.3197897292247,20.6217463979526,-42.4366211294357));
#6211=CARTESIAN_POINT('',(-44.8139720305668,20.6217463979525,-42.4366211294357));
#6212=CARTESIAN_POINT('',(-44.8139720305661,20.2217463979526,-42.8366211294357));
#6213=CARTESIAN_POINT('',(-52.3197897292247,20.2217463979526,-42.8366211294357));
#6214=CARTESIAN_POINT('',(-40.1531409219129,20.3776870377962,-42.4366211294357));
#6215=CARTESIAN_POINT('',(-41.5034445172047,20.5403932778947,-42.4366211294735));
#6216=CARTESIAN_POINT('',(-43.0570548867543,20.6217463979556,-42.4366211294357));
#6217=CARTESIAN_POINT('',(-44.8139720305668,20.6217463979525,-42.4366211294357));
#6218=CARTESIAN_POINT('',(-40.2009932003086,19.9805596533812,-42.8366211294357));
#6219=CARTESIAN_POINT('',(-41.5308959303645,20.1408076700563,-42.8366211294735));
#6220=CARTESIAN_POINT('',(-43.069423609739,20.2217463979328,-42.8366211294357));
#6221=CARTESIAN_POINT('',(-44.8139720305668,20.2217463979526,-42.8366211294357));
#6222=CARTESIAN_POINT('',(-40.1531409219126,20.3776870377989,-42.436621129433));
#6223=CARTESIAN_POINT('',(-40.2009932002943,19.9805596533795,-42.8366211294357));
#6224=CARTESIAN_POINT('',(-44.8139720305661,20.2217463979526,-42.8366211294357));
#6225=CARTESIAN_POINT('',(-43.2730709671088,20.2217463979351,-42.8366211294357));
#6226=CARTESIAN_POINT('',(-41.7310936520656,20.164930703402,-42.8366211294357));
#6227=CARTESIAN_POINT('',(-40.2009932003086,19.9805596533812,-42.8366211294357));
#6228=CARTESIAN_POINT('',(-34.3866281108343,18.3268285133089,-42.436621129433));
#6229=CARTESIAN_POINT('',(-34.5937232794242,18.5294059948184,-42.436621129433));
#6230=CARTESIAN_POINT('',(-34.8343345948301,18.7185720043038,-42.436621129433));
#6231=CARTESIAN_POINT('',(-35.6689819309278,19.2536991867731,-42.436621129433));
#6232=CARTESIAN_POINT('',(-36.3696317732703,19.556998883948,-42.4366211294269));
#6233=CARTESIAN_POINT('',(-38.051191394885,20.0514523826269,-42.4366211294391));
#6234=CARTESIAN_POINT('',(-39.0321011741675,20.2426061841324,-42.4366211294721));
#6235=CARTESIAN_POINT('',(-40.1531409219126,20.3776870377989,-42.436621129433));
#6236=CARTESIAN_POINT('',(-34.666334962097,18.0408842652491,-42.836621129436));
#6237=CARTESIAN_POINT('',(-34.8517055721997,18.222209266231,-42.836621129436));
#6238=CARTESIAN_POINT('',(-35.0704833013363,18.3948241501407,-42.836621129436));
#6239=CARTESIAN_POINT('',(-35.8434606998205,18.8904121640281,-42.836621129436));
#6240=CARTESIAN_POINT('',(-36.5097168496172,19.1812561488638,-42.8366211294299));
#6241=CARTESIAN_POINT('',(-38.1367877651495,19.6596875381622,-42.836621129442));
#6242=CARTESIAN_POINT('',(-39.0969753225361,19.8475298675994,-42.8366211294751));
#6243=CARTESIAN_POINT('',(-40.2009932003086,19.980559653381,-42.8366211294359));
#6244=CARTESIAN_POINT('',(-40.2009932003015,19.9805596533803,-42.8366211294357));
#6245=CARTESIAN_POINT('',(-39.2439526722206,19.8652400566959,-42.8366211294357));
#6246=CARTESIAN_POINT('',(-37.3432076947683,19.5265586716132,-42.8366211294357));
#6247=CARTESIAN_POINT('',(-35.5399993475221,18.8153092898444,-42.8366211294358));
#6248=CARTESIAN_POINT('',(-34.8055797376907,18.1699015002526,-42.8366211294358));
#6249=CARTESIAN_POINT('',(-36.5197897292939,12.2652152978122,-42.4366211294361));
#6250=CARTESIAN_POINT('',(-36.5197897292939,12.2652152978123,-42.8366211294361));
#6251=CARTESIAN_POINT('',(-40.0850317926303,2.77446084516668,-42.4366211294364));
#6252=CARTESIAN_POINT('',(-38.9753435664364,2.89799497609911,-42.4366211294364));
#6253=CARTESIAN_POINT('',(-38.0043663685165,3.07170291406299,-42.4366211294334));
#6254=CARTESIAN_POINT('',(-36.3398340292256,3.51946640404416,-42.4366211294394));
#6255=CARTESIAN_POINT('',(-35.6462788878551,3.79352195606277,-42.4366211294364));
#6256=CARTESIAN_POINT('',(-34.8244279910125,4.27377971355629,-42.4366211294364));
#6257=CARTESIAN_POINT('',(-34.5895440237866,4.4414274044069,-42.4366211294345));
#6258=CARTESIAN_POINT('',(-34.3867828730809,4.62069438766197,-42.4366211294361));
#6259=CARTESIAN_POINT('',(-40.1292877192187,3.17200507284786,-42.8366211294374));
#6260=CARTESIAN_POINT('',(-39.0351339911745,3.29380985260127,-42.8366211294374));
#6261=CARTESIAN_POINT('',(-38.0830306375062,3.46476174973796,-42.8366211294344));
#6262=CARTESIAN_POINT('',(-36.4689841624685,3.8989444116511,-42.8366211294404));
#6263=CARTESIAN_POINT('',(-35.807498323119,4.16260034132618,-42.8366211294374));
#6264=CARTESIAN_POINT('',(-35.0457760682758,4.60772125255215,-42.8366211294374));
#6265=CARTESIAN_POINT('',(-34.832372380657,4.76066189501805,-42.8366211294355));
#6266=CARTESIAN_POINT('',(-34.6517313313793,4.92036513754122,-42.8366211294371));
#6267=CARTESIAN_POINT('',(-40.0850317926303,2.7744608451667,-42.4366211294364));
#6268=CARTESIAN_POINT('',(-40.1292877192174,3.172005072847,-42.8366211294364));
#6269=CARTESIAN_POINT('',(-34.8055797376585,4.79224949542863,-42.8366211294363));
#6270=CARTESIAN_POINT('',(-35.1769891017431,4.50044309106055,-42.8366211294363));
#6271=CARTESIAN_POINT('',(-36.0117984192443,4.06323758165054,-42.8366211294364));
#6272=CARTESIAN_POINT('',(-37.8020671248987,3.49398997132465,-42.8366211294363));
#6273=CARTESIAN_POINT('',(-39.1963098229189,3.27586723065965,-42.8366211294364));
#6274=CARTESIAN_POINT('',(-40.1292877192185,3.17200507284687,-42.8366211294364));
#6275=CARTESIAN_POINT('',(-44.8139720305668,2.54634359022514,-42.4366211294365));
#6276=CARTESIAN_POINT('',(-43.0274401734492,2.54634359022475,-42.4366211293869));
#6277=CARTESIAN_POINT('',(-41.4511267608055,2.62238267520965,-42.4366211294364));
#6278=CARTESIAN_POINT('',(-40.0850317926303,2.7744608451667,-42.4366211294364));
#6279=CARTESIAN_POINT('',(-44.8139720305668,2.94634359023745,-42.8366211294487));
#6280=CARTESIAN_POINT('',(-43.0388160231388,2.94634359025353,-42.8366211293991));
#6281=CARTESIAN_POINT('',(-41.4763842443453,3.02204187176382,-42.8366211294487));
#6282=CARTESIAN_POINT('',(-40.1292877192199,3.17200507285909,-42.8366211294487));
#6283=CARTESIAN_POINT('',(-44.8139720305668,2.54634359022514,-42.4366211294365));
#6284=CARTESIAN_POINT('',(-44.8139720305668,2.94634359022515,-42.8366211294364));
#6285=CARTESIAN_POINT('',(-40.1292877192179,3.17200507284693,-42.8366211294364));
#6286=CARTESIAN_POINT('',(-41.6841034111908,2.99891789317384,-42.8366211294364));
#6287=CARTESIAN_POINT('',(-43.2497000836339,2.94634359028299,-42.8366211294364));
#6288=CARTESIAN_POINT('',(-44.8139720305668,2.94634359022515,-42.8366211294364));
#6289=CARTESIAN_POINT('',(-52.3197897292247,2.54634359022514,-42.4366211294365));
#6290=CARTESIAN_POINT('',(-59.8256074278947,2.54634359022514,-42.4366211294365));
#6291=CARTESIAN_POINT('',(-59.8256074278948,2.94634359022515,-42.8366211294364));
#6292=CARTESIAN_POINT('',(-52.3197897292247,2.94634359022515,-42.8366211294364));
#6293=CARTESIAN_POINT('',(-59.8256074278947,2.54634359022514,-42.4366211294365));
#6294=CARTESIAN_POINT('',(-61.5825245717061,2.54634359022476,-42.4366211294365));
#6295=CARTESIAN_POINT('',(-63.1361349412591,2.61988262303112,-42.4366211294364));
#6296=CARTESIAN_POINT('',(-64.4864385365485,2.7669606886537,-42.4366211294364));
#6297=CARTESIAN_POINT('',(-59.8256074278947,2.94634359022515,-42.8366211294364));
#6298=CARTESIAN_POINT('',(-61.5713383948363,2.94634359024096,-42.8366211294364));
#6299=CARTESIAN_POINT('',(-63.1113340708239,3.019547070738,-42.8366211294364));
#6300=CARTESIAN_POINT('',(-64.4431258229707,3.16460878539569,-42.8366211294364));
#6301=CARTESIAN_POINT('',(-64.4864385365485,2.76696068865366,-42.4366211294364));
#6302=CARTESIAN_POINT('',(-64.4431258229693,3.16460878539553,-42.8366211294364));
#6303=CARTESIAN_POINT('',(-64.4431258229693,3.16460878539553,-42.8366211294364));
#6304=CARTESIAN_POINT('',(-62.9103131917302,2.99765143025498,-42.8366211294364));
#6305=CARTESIAN_POINT('',(-61.3673494207253,2.94634359023911,-42.8366211294364));
#6306=CARTESIAN_POINT('',(-59.8256074278948,2.94634359022514,-42.8366211294364));
#6307=CARTESIAN_POINT('',(-57.7140432496492,11.5840449940889,-42.4366211294361));
#6308=CARTESIAN_POINT('',(-57.346756568082,10.3117266072532,-42.8039078110033));
#6309=CARTESIAN_POINT('',(-57.3140432496493,10.3306136504564,-42.8366211294361));
#6310=CARTESIAN_POINT('',(-57.3140432496492,11.5840449940889,-42.8366211294361));
#6311=CARTESIAN_POINT('',(-57.3140432496493,9.3853659957571,-42.8366211294361));
#6312=CARTESIAN_POINT('',(-55.9159587428416,10.7834505025644,-44.2347056362438));
#6313=CARTESIAN_POINT('',(-54.3111048020735,8.13498611403696,-42.4366211294362));
#6314=CARTESIAN_POINT('',(-60.6690432496492,9.70816788869356,-40.6200672872716));
#6315=CARTESIAN_POINT('',(-60.6690432496492,12.2676238035876,-42.8366211294361));
#6316=CARTESIAN_POINT('',(-54.1111048020735,8.48139627555074,-42.8366211294362));
#6317=CARTESIAN_POINT('',(-54.5031014165881,15.3656517653613,-42.4366211294359));
#6318=CARTESIAN_POINT('',(-61.0180598687747,8.59510833632875,-39.8306377485616));
#6319=CARTESIAN_POINT('',(-64.0240432496493,10.3306136504564,-42.8366211294361));
#6320=CARTESIAN_POINT('',(-54.7031014165881,15.7120619268751,-42.8366211294359));
#6321=CARTESIAN_POINT('',(-63.6240432496493,11.5840449940889,-42.4366211294361));
#6322=CARTESIAN_POINT('',(-62.4124708537963,7.38703510075821,-41.2250487335832));
#6323=CARTESIAN_POINT('',(-64.0240432496493,6.45659334419398,-42.8366211294363));
#6324=CARTESIAN_POINT('',(-64.0240432496493,11.584044994089,-42.8366211294361));
#6325=CARTESIAN_POINT('',(-57.2661048020735,3.01677597767087,-42.4366211294364));
#6326=CARTESIAN_POINT('',(-60.6690432496494,3.85878487570391,-43.4088892573152));
#6327=CARTESIAN_POINT('',(-60.6690432496494,4.51958319106285,-42.8366211294364));
#6328=CARTESIAN_POINT('',(-57.4661048020735,2.67036581615712,-42.8366211294364));
#6329=CARTESIAN_POINT('',(-51.5481014165882,10.2474416289954,-42.4366211294361));
#6330=CARTESIAN_POINT('',(-55.9523455830605,5.67041682983413,-44.1983187960252));
#6331=CARTESIAN_POINT('',(-57.3140432496494,6.45659334419407,-42.8366211294363));
#6332=CARTESIAN_POINT('',(-51.3481014165882,9.9010314674816,-42.8366211294361));
#6333=CARTESIAN_POINT('',(-57.7140432496493,11.5840449940889,-42.4366211294361));
#6334=CARTESIAN_POINT('',(-58.9802695824267,9.05159232853499,-41.1703947966588));
#6335=CARTESIAN_POINT('',(-57.3140432496494,7.38536599575711,-42.8366211294363));
#6336=CARTESIAN_POINT('',(-57.3140432496493,11.5840449940889,-42.8366211294361));
#6337=CARTESIAN_POINT('',(-52.319789729226,7.78536599575536,-42.4366211294362));
#6338=CARTESIAN_POINT('',(-55.7850163248437,7.78536511889819,-42.4366220062946));
#6339=CARTESIAN_POINT('',(-55.8512554494604,7.65310034696986,-42.568886778223));
#6340=CARTESIAN_POINT('',(-55.9123814014644,7.5196057212222,-42.7023814039707));
#6341=CARTESIAN_POINT('',(-55.9701105910717,7.38536599575665,-42.8366211294363));
#6342=CARTESIAN_POINT('',(-55.9701105910717,7.38536599575665,-42.8366211294363));
#6343=CARTESIAN_POINT('',(-52.3197897292261,7.38536599575538,-42.8366211294363));
#6344=CARTESIAN_POINT('',(-54.660125734963,8.41463446498416,-42.4366211294362));
#6345=CARTESIAN_POINT('',(-55.6503765197691,9.07927855598567,-42.436622052189));
#6346=CARTESIAN_POINT('',(-55.7270566930045,9.20306412631944,-42.569275890256));
#6347=CARTESIAN_POINT('',(-55.7971595915527,9.32993591374197,-42.7026681902995));
#6348=CARTESIAN_POINT('',(-55.8629825811372,9.45846339661518,-42.8366211294361));
#6349=CARTESIAN_POINT('',(-55.8629825811371,9.45846339661519,-42.8366211294361));
#6350=CARTESIAN_POINT('',(-54.660125734963,8.41463446498417,-42.8366211294362));
#6351=CARTESIAN_POINT('',(-55.8161340296782,7.31914906871106,-42.8366211294363));
#6352=CARTESIAN_POINT('',(-55.8161340296782,7.31914906871106,-42.8366211294363));
#6353=CARTESIAN_POINT('',(-55.7539081598786,7.44810962837211,-42.7027487539158));
#6354=CARTESIAN_POINT('',(-55.6876398629255,7.57558613901856,-42.5693681195163));
#6355=CARTESIAN_POINT('',(-55.6151465738337,7.70029309852641,-42.436622054704));
#6356=CARTESIAN_POINT('',(-46.9239019007731,11.5840449940889,-42.4366211294361));
#6357=CARTESIAN_POINT('',(-47.7725438002476,9.88676119514038,-43.2852630289106));
#6358=CARTESIAN_POINT('',(-47.3239019007731,9.43811929566566,-42.8366211294361));
#6359=CARTESIAN_POINT('',(-47.3239019007731,11.5840449940889,-42.8366211294361));
#6360=CARTESIAN_POINT('',(-47.3239019007731,10.3573740496187,-42.8366211294361));
#6361=CARTESIAN_POINT('',(-47.8998309782991,10.6898868575625,-43.4125502069621));
#6362=CARTESIAN_POINT('',(-52.3197897292255,9.03811929566736,-42.4366211294361));
#6363=CARTESIAN_POINT('',(-48.9357723190991,9.03812029994931,-42.4366221337193));
#6364=CARTESIAN_POINT('',(-48.8695332318556,9.1703850306641,-42.568886864434));
#6365=CARTESIAN_POINT('',(-48.8084073121081,9.30387961369222,-42.7023814474622));
#6366=CARTESIAN_POINT('',(-48.7506781519171,9.43811929566615,-42.8366211294361));
#6367=CARTESIAN_POINT('',(-48.7506781519172,9.43811929566615,-42.8366211294361));
#6368=CARTESIAN_POINT('',(-52.3197897292254,9.43811929566737,-42.8366211294361));
#6369=CARTESIAN_POINT('',(-50.0606628408111,8.40885064998555,-42.4366211294362));
#6370=CARTESIAN_POINT('',(-50.0606628408111,8.40885064998557,-42.8366211294362));
#6371=CARTESIAN_POINT('',(-48.9046546936562,9.50433620197132,-42.8366211294361));
#6372=CARTESIAN_POINT('',(-48.8578058595108,7.36502187406722,-42.8366211294363));
#6373=CARTESIAN_POINT('',(-48.9046546936562,9.50433620197132,-42.8366211294361));
#6374=CARTESIAN_POINT('',(-48.9668805524758,9.3753756409671,-42.7027487541184));
#6375=CARTESIAN_POINT('',(-49.0331488377266,9.24789912846687,-42.5693681197205));
#6376=CARTESIAN_POINT('',(-49.1056421140444,9.12319216616277,-42.436622054611));
#6377=CARTESIAN_POINT('',(-49.0704119555101,7.7442067088776,-42.4366220520962));
#6378=CARTESIAN_POINT('',(-48.9937317697917,7.62042114130308,-42.5692758899041));
#6379=CARTESIAN_POINT('',(-48.923628859814,7.49354935567276,-42.7026681900164));
#6380=CARTESIAN_POINT('',(-48.8578058595107,7.36502187406724,-42.8366211294362));
#6381=CARTESIAN_POINT('',(-52.3197897292259,7.83811929566741,-42.4366211294362));
#6382=CARTESIAN_POINT('',(-52.3197897292261,7.43811929566742,-42.8366211294363));
#6383=CARTESIAN_POINT('',(-48.6975892047725,7.43811929566618,-42.8366211294363));
#6384=CARTESIAN_POINT('',(-47.3239019007731,7.43811929566571,-42.8366211294363));
#6385=CARTESIAN_POINT('',(-48.6975892047725,7.43811929566618,-42.8366211294363));
#6386=CARTESIAN_POINT('',(-48.7588926679135,7.57248567376098,-42.7022547513415));
#6387=CARTESIAN_POINT('',(-48.8238362127999,7.70600529629713,-42.5687351288053));
#6388=CARTESIAN_POINT('',(-48.8942757623421,7.83811829590951,-42.4366221291929));
#6389=CARTESIAN_POINT('',(-48.7225311769238,6.0394900195155,-44.2352504055871));
#6390=CARTESIAN_POINT('',(-46.9239019007731,11.5840449940889,-42.4366211294361));
#6391=CARTESIAN_POINT('',(-45.7189509864887,7.40997258575449,-41.2316702151519));
#6392=CARTESIAN_POINT('',(-47.3239019007731,6.48335374335632,-42.8366211294363));
#6393=CARTESIAN_POINT('',(-47.3239019007731,11.5840449940889,-42.8366211294361));
#6394=CARTESIAN_POINT('',(-53.0794818721095,10.2682196045015,-42.4366211294361));
#6395=CARTESIAN_POINT('',(-43.9689019007731,8.01393569067653,-39.8335982804829));
#6396=CARTESIAN_POINT('',(-43.9689019007731,4.54634359022515,-42.8366211294364));
#6397=CARTESIAN_POINT('',(-53.2794818721095,9.92180944298774,-42.8366211294361));
#6398=CARTESIAN_POINT('',(-47.3846536721141,3.03613860090819,-42.4366211294364));
#6399=CARTESIAN_POINT('',(-42.8341166925848,7.76519535106756,-40.6164063376245));
#6400=CARTESIAN_POINT('',(-40.613901900773,6.48335374335637,-42.8366211294363));
#6401=CARTESIAN_POINT('',(-47.1846536721141,2.68972843939442,-42.8366211294364));
#6402=CARTESIAN_POINT('',(-41.013901900773,11.5840449940889,-42.4366211294361));
#6403=CARTESIAN_POINT('',(-40.6532367007744,10.3346640922495,-42.7972863294348));
#6404=CARTESIAN_POINT('',(-40.613901900773,10.3573740496188,-42.8366211294361));
#6405=CARTESIAN_POINT('',(-40.613901900773,11.5840449940889,-42.8366211294361));
#6406=CARTESIAN_POINT('',(-50.1244818721094,15.3864297408676,-42.4366211294359));
#6407=CARTESIAN_POINT('',(-43.968901900773,13.8633187036665,-44.1953582641035));
#6408=CARTESIAN_POINT('',(-43.968901900773,12.2943842027499,-42.8366211294361));
#6409=CARTESIAN_POINT('',(-49.9244818721094,15.7328399023814,-42.8366211294359));
#6410=CARTESIAN_POINT('',(-52.4050613922001,11.4363501413696,-42.4366211294361));
#6411=CARTESIAN_POINT('',(-54.2659454483048,11.8967995316793,-42.9683022883231));
#6412=CARTESIAN_POINT('',(-54.2659454483048,12.0488518367406,-42.8366211294361));
#6413=CARTESIAN_POINT('',(-52.6050613922001,11.0899399798558,-42.8366211294361));
#6414=CARTESIAN_POINT('',(-57.6209454483048,13.9858619898718,-42.8366211294359));
#6415=CARTESIAN_POINT('',(-57.8723838864731,13.8406939399107,-43.0880595676043));
#6416=CARTESIAN_POINT('',(-53.2075959257893,13.1217704338133,-42.436621129436));
#6417=CARTESIAN_POINT('',(-51.8528455847291,14.5296682871858,-41.8947209930119));
#6418=CARTESIAN_POINT('',(-50.9109454483051,13.9858619898717,-42.8366211294359));
#6419=CARTESIAN_POINT('',(-53.0075959257893,12.7753602722996,-42.836621129436));
#6420=CARTESIAN_POINT('',(-51.3109454483051,11.5840449940889,-42.4366211294361));
#6421=CARTESIAN_POINT('',(-52.8066696007591,16.7653854464055,-40.9408969769817));
#6422=CARTESIAN_POINT('',(-50.9109454483051,17.8598822961342,-42.8366211294358));
#6423=CARTESIAN_POINT('',(-50.9109454483051,11.5840449940889,-42.8366211294361));
#6424=CARTESIAN_POINT('',(-49.4500613922001,16.5545602777355,-42.4366211294358));
#6425=CARTESIAN_POINT('',(-54.2659454483049,17.7461825446689,-41.060654256263));
#6426=CARTESIAN_POINT('',(-54.2659454483049,19.7968924492653,-42.8366211294357));
#6427=CARTESIAN_POINT('',(-49.2500613922001,16.9009704392493,-42.8366211294358));
#6428=CARTESIAN_POINT('',(-56.1625959257893,18.2399805701793,-42.4366211294358));
#6429=CARTESIAN_POINT('',(-56.9185598704432,17.4543597936809,-42.1342355515742));
#6430=CARTESIAN_POINT('',(-57.6209454483048,17.8598822961342,-42.8366211294358));
#6431=CARTESIAN_POINT('',(-56.3625959257893,18.5863907316931,-42.8366211294358));
#6432=CARTESIAN_POINT('',(-52.3197897292256,8.98536599575535,-42.4366211294361));
#6433=CARTESIAN_POINT('',(-52.3197897292254,9.38536599575536,-42.8366211294361));
#6434=CARTESIAN_POINT('',(-56.0231992178771,9.38536599575665,-42.8366211294361));
#6435=CARTESIAN_POINT('',(-56.0231992178771,9.38536599575665,-42.8366211294361));
#6436=CARTESIAN_POINT('',(-55.9618957850477,9.25099966106916,-42.7022547947487));
#6437=CARTESIAN_POINT('',(-55.8969522734566,9.11748008108897,-42.5687352147685));
#6438=CARTESIAN_POINT('',(-55.8265127626252,8.98536712235003,-42.4366222560296));
#6439=CARTESIAN_POINT('',(-50.339653672114,8.15434873727415,-42.4366211294362));
#6440=CARTESIAN_POINT('',(-50.539653672114,8.50075889878795,-42.8366211294362));
#6441=CARTESIAN_POINT('',(-57.2209454483048,11.5840449940889,-42.4366211294361));
#6442=CARTESIAN_POINT('',(-57.6209454483048,11.5840449940889,-42.8366211294361));
#6443=CARTESIAN_POINT('',(-64.4864385365485,2.76696068865366,-42.4366211294364));
#6444=CARTESIAN_POINT('',(-65.607478284287,2.88906682697686,-42.4366211294364));
#6445=CARTESIAN_POINT('',(-66.5883880635655,3.06186002373524,-42.4366211294364));
#6446=CARTESIAN_POINT('',(-68.2699476851723,3.50882053414406,-42.4366211294364));
#6447=CARTESIAN_POINT('',(-68.9705975275109,3.78298784779107,-42.4366211294364));
#6448=CARTESIAN_POINT('',(-69.8052448636274,4.26671527464703,-42.4366211294364));
#6449=CARTESIAN_POINT('',(-70.0458561790472,4.43771160975958,-42.4366211294363));
#6450=CARTESIAN_POINT('',(-70.2529513476466,4.62083122521882,-42.4366211294363));
#6451=CARTESIAN_POINT('',(-64.4431258229706,3.16460878539591,-42.8366211294366));
#6452=CARTESIAN_POINT('',(-65.5486965547296,3.28503000423042,-42.8366211294366));
#6453=CARTESIAN_POINT('',(-66.5108104771781,3.45512873526993,-42.8366211294366));
#6454=CARTESIAN_POINT('',(-68.1420199570825,3.88870611880286,-42.8366211294366));
#6455=CARTESIAN_POINT('',(-68.8106659433469,4.15262065744791,-42.8366211294366));
#6456=CARTESIAN_POINT('',(-69.5847957441966,4.60127459612515,-42.8366211294366));
#6457=CARTESIAN_POINT('',(-69.8034908204697,4.75735506989083,-42.8366211294365));
#6458=CARTESIAN_POINT('',(-69.9879864524557,4.92048718316371,-42.8366211294365));
#6459=CARTESIAN_POINT('',(-69.8339997207918,4.79224912291053,-42.8366211294364));
#6460=CARTESIAN_POINT('',(-69.4581178333218,4.49693122477623,-42.8366211294364));
#6461=CARTESIAN_POINT('',(-68.6122243154765,4.05606037468283,-42.8366211294364));
#6462=CARTESIAN_POINT('',(-66.7989686679538,3.48460152052891,-42.8366211294364));
#6463=CARTESIAN_POINT('',(-65.3875382908152,3.26747628830017,-42.8366211294364));
#6464=CARTESIAN_POINT('',(-64.4431258229707,3.16460878539568,-42.8366211294364));
#6465=CARTESIAN_POINT('',(-52.3197897292372,11.5840449940889,-42.8366211294361));
#6466=CARTESIAN_POINT('',(-48.7506781519172,9.43811929566615,-42.8366211294361));
#6467=CARTESIAN_POINT('',(-48.8086118833744,9.43811929566618,-42.8366211294361));
#6468=CARTESIAN_POINT('',(-48.8647839899474,9.46226275039466,-42.8366211294361));
#6469=CARTESIAN_POINT('',(-48.9046546936562,9.50433620197132,-42.8366211294361));
#6470=CARTESIAN_POINT('',(-48.8578058595108,7.36502187406722,-42.8366211294363));
#6471=CARTESIAN_POINT('',(-48.8177863533143,7.41113838620737,-42.8366211294363));
#6472=CARTESIAN_POINT('',(-48.758686512851,7.4381192956662,-42.8366211294363));
#6473=CARTESIAN_POINT('',(-48.6975892047725,7.43811929566619,-42.8366211294363));
#6474=CARTESIAN_POINT('',(-55.8629825811371,9.45846339661519,-42.8366211294361));
#6475=CARTESIAN_POINT('',(-55.9030020872323,9.41234689665175,-42.8366211294361));
#6476=CARTESIAN_POINT('',(-55.9621019190758,9.38536599575666,-42.8366211294361));
#6477=CARTESIAN_POINT('',(-56.0231992178771,9.38536599575666,-42.8366211294361));
#6478=CARTESIAN_POINT('',(-55.9701105910717,7.38536599575665,-42.8366211294363));
#6479=CARTESIAN_POINT('',(-55.9121768500164,7.38536599575661,-42.8366211294363));
#6480=CARTESIAN_POINT('',(-55.8560047343394,7.3612225326436,-42.8366211294363));
#6481=CARTESIAN_POINT('',(-55.8161340296782,7.31914906871106,-42.8366211294363));
#6482=CARTESIAN_POINT('',(-48.7496054162272,9.44061478770356,-42.8391166214736));
#6483=CARTESIAN_POINT('',(-48.8330534078878,9.45854331941761,-42.8570451531876));
#6484=CARTESIAN_POINT('',(-48.9034952595521,9.50674026014732,-42.8391166214736));
#6485=CARTESIAN_POINT('',(-48.8098941560863,9.30030841542566,-42.6988102491957));
#6486=CARTESIAN_POINT('',(-48.8967397930673,9.31928961821712,-42.7177914519845));
#6487=CARTESIAN_POINT('',(-48.9686546905944,9.37156755865695,-42.6988102498612));
#6488=CARTESIAN_POINT('',(-48.8739310303446,9.16070454054329,-42.5592063743133));
#6489=CARTESIAN_POINT('',(-48.9646724689337,9.18123638931582,-42.5797382230834));
#6490=CARTESIAN_POINT('',(-49.0381860434168,9.23817756247297,-42.5592063730542));
#6491=CARTESIAN_POINT('',(-48.9434820061992,9.0227785237772,-42.4212803575472));
#6492=CARTESIAN_POINT('',(-49.0383861650939,9.04670684977607,-42.445208683546));
#6493=CARTESIAN_POINT('',(-49.1140503495239,9.10878982131553,-42.4212803575472));
#6494=CARTESIAN_POINT('',(-48.8565753190937,7.36261788868476,-42.8391264462888));
#6495=CARTESIAN_POINT('',(-48.7840469531786,7.41564728736218,-42.8590931377403));
#6496=CARTESIAN_POINT('',(-48.6964466551261,7.43561397881364,-42.8391264462888));
#6497=CARTESIAN_POINT('',(-48.9257308305735,7.4977878745895,-42.6982670830625));
#6498=CARTESIAN_POINT('',(-48.8518547290315,7.55531626694841,-42.7194241581561));
#6499=CARTESIAN_POINT('',(-48.7606586587524,7.57647334279402,-42.6982670823084));
#6500=CARTESIAN_POINT('',(-48.9995409558841,7.63095900784687,-42.5582066994252));
#6501=CARTESIAN_POINT('',(-48.9242321512305,7.69362069616922,-42.5811197289331));
#6502=CARTESIAN_POINT('',(-48.8289188196108,7.71653372423725,-42.5582067008652));
#6503=CARTESIAN_POINT('',(-49.0800320731395,7.75966283136753,-42.4200444360024));
#6504=CARTESIAN_POINT('',(-49.002744775482,7.82794122944747,-42.446799195655));
#6505=CARTESIAN_POINT('',(-48.9031483455285,7.85469598910004,-42.4200444360024));
#6506=CARTESIAN_POINT('',(-55.8642131213421,9.46086738199821,-42.8391264462593));
#6507=CARTESIAN_POINT('',(-55.9367414814458,9.40783799783311,-42.8590931315127));
#6508=CARTESIAN_POINT('',(-56.0243417673144,9.38787131257981,-42.8391264462593));
#6509=CARTESIAN_POINT('',(-55.7950576217872,9.32569739606549,-42.6982670846861));
#6510=CARTESIAN_POINT('',(-55.8689337179295,9.26816901947766,-42.719424153156));
#6511=CARTESIAN_POINT('',(-55.9601297754451,9.2470119502521,-42.6982670839316));
#6512=CARTESIAN_POINT('',(-55.7212475092477,9.19252626211546,-42.5582067023998));
#6513=CARTESIAN_POINT('',(-55.7965563090525,9.1298645909724,-42.5811197246551));
#6514=CARTESIAN_POINT('',(-55.8918696272511,9.10695157016093,-42.5582067038405));
#6515=CARTESIAN_POINT('',(-55.6407564057898,9.06382243647787,-42.4200444396383));
#6516=CARTESIAN_POINT('',(-55.7180436991726,8.99554405698357,-42.4467991906632));
#6517=CARTESIAN_POINT('',(-55.8176401153853,8.96878930595866,-42.4200444396383));
#6518=CARTESIAN_POINT('',(-55.9711833269737,7.38287050368916,-42.8391166215037));
#6519=CARTESIAN_POINT('',(-55.887735322449,7.36494196588527,-42.8570451593076));
#6520=CARTESIAN_POINT('',(-55.8172934639991,7.31674501053472,-42.8391166215037));
#6521=CARTESIAN_POINT('',(-55.9108945752039,7.52317687765908,-42.6988102475337));
#6522=CARTESIAN_POINT('',(-55.8240489247544,7.50419566837281,-42.7177914568176));
#6523=CARTESIAN_POINT('',(-55.7521340207756,7.45191771204791,-42.6988102482003));
#6524=CARTESIAN_POINT('',(-55.8468576881372,7.66278075395075,-42.559206371242));
#6525=CARTESIAN_POINT('',(-55.7561162353942,7.64224889807947,-42.5797382271196));
#6526=CARTESIAN_POINT('',(-55.6826026549117,7.5853077076129,-42.5592063699835));
#6527=CARTESIAN_POINT('',(-55.7773066981094,7.80070677148775,-42.421280353705));
#6528=CARTESIAN_POINT('',(-55.6824025246505,7.77677843707501,-42.4452086881177));
#6529=CARTESIAN_POINT('',(-55.6067383346886,7.71469544677116,-42.421280353705));
#6530=MECHANICAL_DESIGN_GEOMETRIC_PRESENTATION_REPRESENTATION('',(#3712),
#6531);
#6531=(
GEOMETRIC_REPRESENTATION_CONTEXT(3)
GLOBAL_UNCERTAINTY_ASSIGNED_CONTEXT((#6532))
GLOBAL_UNIT_ASSIGNED_CONTEXT((#6535,#6534,#6533))
REPRESENTATION_CONTEXT('Klicky_Module','TOP_LEVEL_ASSEMBLY_PART')
);
#6532=UNCERTAINTY_MEASURE_WITH_UNIT(LENGTH_MEASURE(1.E-5),#6535,
'DISTANCE_ACCURACY_VALUE','Maximum Tolerance applied to model');
#6533=(
NAMED_UNIT(*)
SI_UNIT($,.STERADIAN.)
SOLID_ANGLE_UNIT()
);
#6534=(
NAMED_UNIT(*)
PLANE_ANGLE_UNIT()
SI_UNIT($,.RADIAN.)
);
#6535=(
LENGTH_UNIT()
NAMED_UNIT(*)
SI_UNIT(.MILLI.,.METRE.)
);
#6536=PRODUCT_DEFINITION_SHAPE('','',#6537);
#6537=PRODUCT_DEFINITION('','',#6539,#6538);
#6538=PRODUCT_DEFINITION_CONTEXT('',#6545,'design');
#6539=PRODUCT_DEFINITION_FORMATION_WITH_SPECIFIED_SOURCE('','',#6541,
 .NOT_KNOWN.);
#6540=PRODUCT_RELATED_PRODUCT_CATEGORY('','',(#6541));
#6541=PRODUCT('Klicky_Module','Klicky_Module','Klicky_Module',(#6543));
#6542=PRODUCT_CATEGORY('','');
#6543=PRODUCT_CONTEXT('',#6545,'mechanical');
#6544=APPLICATION_PROTOCOL_DEFINITION('international standard',
'ap242_managed_model_based_3d_engineering',2020,#6545);
#6545=APPLICATION_CONTEXT('managed model based 3d engineering');
ENDSEC;
END-ISO-10303-21;
