ISO-10303-21;
HEADER;
/* Generated by software containing ST-Developer
 * from STEP Tools, Inc. (www.steptools.com) 
 */
/* OPTION: using custom renumber hook */

FILE_DESCRIPTION(
/* description */ ('STEP AP242 Edition 2',
'CAx-IF Rec.Pracs.---Representation and Presentation of Product Manufa
cturing Information (PMI)---4.0---2014-10-13',
'CAx-IF Rec.Pracs.---3D Tessellated Geometry---0.4---2014-09-14','2;1',
'CAx-IF Rec.Pracs.---User Defined Attributes---1.5---2016-08-15'),
/* implementation_level */ '2;1');

FILE_NAME(
/* name */ 'CNC Xol-Carriage v2 - Beacon-Carto_Module',
/* time_stamp */ '2026-09-18T12:13:49Z',
/* author */ (''),
/* organization */ (''),
/* preprocessor_version */ 'ST-DEVELOPER v20',
/* originating_system */ 'ONSHAPE BY PTC INC, 1.220',
/* authorisation */ '  ');

FILE_SCHEMA (('AP242_MANAGED_MODEL_BASED_3D_ENGINEERING_MIM_LF { 1 0 10303 442 3 1 4 }'));
ENDSEC;

DATA;
#10=SHAPE_REPRESENTATION_RELATIONSHIP('','',#2099,#11);
#11=ADVANCED_BREP_SHAPE_REPRESENTATION('',(#2097),#4153);
#12=CONICAL_SURFACE('',#2158,0.300000000000132,0.785398163397282);
#13=CONICAL_SURFACE('',#2159,0.300000000000132,0.785398163397282);
#14=CONICAL_SURFACE('',#2160,0.300000000000065,0.785398163397282);
#15=CONICAL_SURFACE('',#2162,0.300000000000065,0.785398163397282);
#16=CONICAL_SURFACE('',#2167,2.00000000000003,0.785398163397627);
#17=CONICAL_SURFACE('',#2179,0.300000000000132,0.785398163397282);
#18=CONICAL_SURFACE('',#2180,0.300000000000132,0.785398163397282);
#19=CONICAL_SURFACE('',#2181,0.300000000000065,0.785398163397282);
#20=CONICAL_SURFACE('',#2183,0.300000000000065,0.785398163397282);
#21=CONICAL_SURFACE('',#2188,2.00000000000003,0.785398163397627);
#22=CONICAL_SURFACE('',#2191,0.5,0.785398163397448);
#23=CONICAL_SURFACE('',#2194,2.31662019256359,0.78541343298962);
#24=CONICAL_SURFACE('',#2202,7.9806440051481,0.785398163397448);
#25=CONICAL_SURFACE('',#2205,7.98064400514812,0.785398163397448);
#26=CONICAL_SURFACE('',#2213,2.31662187982889,0.785413540378628);
#27=CONICAL_SURFACE('',#2217,0.5,0.785398163397448);
#28=CONICAL_SURFACE('',#2219,0.5,0.785398163397448);
#29=CONICAL_SURFACE('',#2221,0.5,0.785398163397448);
#30=CONICAL_SURFACE('',#2224,5.04263686906637,0.785388130372329);
#31=CONICAL_SURFACE('',#2227,6.3806440051481,0.785398163397448);
#32=CONICAL_SURFACE('',#2230,6.3806440051481,0.785398163397448);
#33=CONICAL_SURFACE('',#2233,5.04263676887079,0.785388198159578);
#34=CONICAL_SURFACE('',#2236,0.5,0.785398163397448);
#35=CONICAL_SURFACE('',#2238,1.6,0.785398163397448);
#36=CONICAL_SURFACE('',#2240,1.6,0.785398163397448);
#37=CONICAL_SURFACE('',#2242,0.5,0.785398163397448);
#38=CYLINDRICAL_SURFACE('',#2110,0.5);
#39=CYLINDRICAL_SURFACE('',#2112,0.5);
#40=CYLINDRICAL_SURFACE('',#2115,0.5);
#41=CYLINDRICAL_SURFACE('',#2118,0.5);
#42=CYLINDRICAL_SURFACE('',#2124,0.5);
#43=CYLINDRICAL_SURFACE('',#2126,0.5);
#44=CYLINDRICAL_SURFACE('',#2129,0.5);
#45=CYLINDRICAL_SURFACE('',#2132,0.5);
#46=CYLINDRICAL_SURFACE('',#2136,6.42324002594249);
#47=CYLINDRICAL_SURFACE('',#2138,6.42324002608731);
#48=CYLINDRICAL_SURFACE('',#2141,8.03392999293901);
#49=CYLINDRICAL_SURFACE('',#2143,8.03392999322716);
#50=CYLINDRICAL_SURFACE('',#2145,5.);
#51=CYLINDRICAL_SURFACE('',#2146,5.);
#52=CYLINDRICAL_SURFACE('',#2154,0.5);
#53=CYLINDRICAL_SURFACE('',#2164,1.6);
#54=CYLINDRICAL_SURFACE('',#2175,0.5);
#55=CYLINDRICAL_SURFACE('',#2185,1.6);
#56=CYLINDRICAL_SURFACE('',#2196,0.491109659861879);
#57=CYLINDRICAL_SURFACE('',#2199,8.50053885968066);
#58=CYLINDRICAL_SURFACE('',#2208,8.50116741300919);
#59=CYLINDRICAL_SURFACE('',#2211,0.493968993882873);
#60=(
BOUNDED_SURFACE()
B_SPLINE_SURFACE(3,2,((#2844,#2845,#2846),(#2847,#2848,#2849),(#2850,#2851,
#2852),(#2853,#2854,#2855),(#2856,#2857,#2858),(#2859,#2860,#2861),(#2862,
#2863,#2864),(#2865,#2866,#2867)),.UNSPECIFIED.,.F.,.F.,.F.)
B_SPLINE_SURFACE_WITH_KNOTS((4,1,1,1,1,4),(3,3),(0.000359480074965354,0.00153737831935753,
0.0027152765637497,0.00389317480814187,0.00448212393033796,0.00507107305253405),
(0.,1.),.UNSPECIFIED.)
GEOMETRIC_REPRESENTATION_ITEM()
RATIONAL_B_SPLINE_SURFACE(((1.,0.999648770613322,1.),(1.,0.998964928677793,
1.),(1.,0.995653983446268,1.),(1.,0.98635356920676,1.),(1.,0.972365512380389,
1.),(1.,0.952790223948035,1.),(1.,0.928665222781907,1.),(1.,0.929438627037128,
1.)))
REPRESENTATION_ITEM('')
SURFACE()
);
#61=(
BOUNDED_SURFACE()
B_SPLINE_SURFACE(3,2,((#2881,#2882,#2883),(#2884,#2885,#2886),(#2887,#2888,
#2889),(#2890,#2891,#2892),(#2893,#2894,#2895),(#2896,#2897,#2898),(#2899,
#2900,#2901),(#2902,#2903,#2904)),.UNSPECIFIED.,.F.,.F.,.F.)
B_SPLINE_SURFACE_WITH_KNOTS((4,1,1,1,1,4),(3,3),(0.000150026332228174,0.00150154530897529,
0.0028530642857224,0.00420458326246951,0.00488034275084307,0.00555610223921663),
(0.,1.),.UNSPECIFIED.)
GEOMETRIC_REPRESENTATION_ITEM()
RATIONAL_B_SPLINE_SURFACE(((1.,0.999991625606106,1.),(1.,0.999973312754619,
1.),(1.,0.999921482461817,1.),(1.,0.998847081687121,1.),(1.,0.995211487021579,
1.),(1.,0.973148170403312,1.),(1.,0.9315697497393,1.),(1.,0.909582950023023,
1.)))
REPRESENTATION_ITEM('')
SURFACE()
);
#62=(
BOUNDED_SURFACE()
B_SPLINE_SURFACE(3,2,((#3092,#3093,#3094),(#3095,#3096,#3097),(#3098,#3099,
#3100),(#3101,#3102,#3103),(#3104,#3105,#3106),(#3107,#3108,#3109),(#3110,
#3111,#3112),(#3113,#3114,#3115)),.UNSPECIFIED.,.F.,.F.,.F.)
B_SPLINE_SURFACE_WITH_KNOTS((4,1,1,1,1,4),(3,3),(0.000359480387369104,0.00153737855319453,
0.00271527671901995,0.00389317488484537,0.00448212396775808,0.00507107305067079),
(0.,1.),.UNSPECIFIED.)
GEOMETRIC_REPRESENTATION_ITEM()
RATIONAL_B_SPLINE_SURFACE(((1.,0.999648770069213,1.),(1.,0.998964927667646,
1.),(1.,0.995653981927721,1.),(1.,0.986353567436305,1.),(1.,0.972365510800276,
1.),(1.,0.952790221904436,1.),(1.,0.928665222946258,1.),(1.,0.929438627029748,
1.)))
REPRESENTATION_ITEM('')
SURFACE()
);
#63=(
BOUNDED_SURFACE()
B_SPLINE_SURFACE(3,2,((#3129,#3130,#3131),(#3132,#3133,#3134),(#3135,#3136,
#3137),(#3138,#3139,#3140),(#3141,#3142,#3143),(#3144,#3145,#3146),(#3147,
#3148,#3149),(#3150,#3151,#3152)),.UNSPECIFIED.,.F.,.F.,.F.)
B_SPLINE_SURFACE_WITH_KNOTS((4,1,1,1,1,4),(3,3),(0.000150026332299272,0.00150154530902851,
0.00285306428575774,0.00420458326248697,0.00488034275085159,0.00555610223921621),
(0.,1.),.UNSPECIFIED.)
GEOMETRIC_REPRESENTATION_ITEM()
RATIONAL_B_SPLINE_SURFACE(((1.,0.999991625606102,1.),(1.,0.99997331275474,
1.),(1.,0.999921482462379,1.),(1.,0.998847081684835,1.),(1.,0.995211487027937,
1.),(1.,0.973148170391369,1.),(1.,0.931569749764262,1.),(1.,0.909582950023022,
1.)))
REPRESENTATION_ITEM('')
SURFACE()
);
#64=(
BOUNDED_SURFACE()
B_SPLINE_SURFACE(3,2,((#3338,#3339,#3340),(#3341,#3342,#3343),(#3344,#3345,
#3346),(#3347,#3348,#3349)),.UNSPECIFIED.,.F.,.F.,.F.)
B_SPLINE_SURFACE_WITH_KNOTS((4,4),(3,3),(0.000289061766830013,0.00272573666068027),
(0.,1.),.PIECEWISE_BEZIER_KNOTS.)
GEOMETRIC_REPRESENTATION_ITEM()
RATIONAL_B_SPLINE_SURFACE(((1.,0.999664698951527,1.),(1.,0.998026931891813,
1.),(1.,0.992476293056346,1.),(1.,0.987450971331685,1.)))
REPRESENTATION_ITEM('')
SURFACE()
);
#65=(
BOUNDED_SURFACE()
B_SPLINE_SURFACE(3,2,((#3358,#3359,#3360),(#3361,#3362,#3363),(#3364,#3365,
#3366),(#3367,#3368,#3369)),.UNSPECIFIED.,.F.,.F.,.F.)
B_SPLINE_SURFACE_WITH_KNOTS((4,4),(3,3),(0.00028906169543701,0.00272574860388543),
(0.,1.),.PIECEWISE_BEZIER_KNOTS.)
GEOMETRIC_REPRESENTATION_ITEM()
RATIONAL_B_SPLINE_SURFACE(((1.,0.999664699095488,1.),(1.,0.998026924265959,
1.),(1.,0.992476245689963,1.),(1.,0.98745089743781,1.)))
REPRESENTATION_ITEM('')
SURFACE()
);
#66=(
BOUNDED_SURFACE()
B_SPLINE_SURFACE(3,2,((#3430,#3431,#3432),(#3433,#3434,#3435),(#3436,#3437,
#3438),(#3439,#3440,#3441)),.UNSPECIFIED.,.F.,.F.,.F.)
B_SPLINE_SURFACE_WITH_KNOTS((4,4),(3,3),(0.00606984740412589,0.0082672525356055),
(0.,1.),.PIECEWISE_BEZIER_KNOTS.)
GEOMETRIC_REPRESENTATION_ITEM()
RATIONAL_B_SPLINE_SURFACE(((1.,0.940605825048751,1.),(1.,0.933788990027866,
1.),(1.,0.925300313299561,1.),(1.,0.91356770057524,1.)))
REPRESENTATION_ITEM('')
SURFACE()
);
#67=(
BOUNDED_SURFACE()
B_SPLINE_SURFACE(3,2,((#3618,#3619,#3620),(#3621,#3622,#3623),(#3624,#3625,
#3626),(#3627,#3628,#3629)),.UNSPECIFIED.,.F.,.F.,.F.)
B_SPLINE_SURFACE_WITH_KNOTS((4,4),(3,3),(0.00606984747935014,0.0082672399230072),
(0.,1.),.PIECEWISE_BEZIER_KNOTS.)
GEOMETRIC_REPRESENTATION_ITEM()
RATIONAL_B_SPLINE_SURFACE(((1.,0.940605824348664,1.),(1.,0.933789028567563,
1.),(1.,0.9253004092934,1.),(1.,0.913567902602383,1.)))
REPRESENTATION_ITEM('')
SURFACE()
);
#68=LINE('',#2804,#182);
#69=LINE('',#2807,#183);
#70=LINE('',#2816,#184);
#71=LINE('',#2818,#185);
#72=LINE('',#2821,#186);
#73=LINE('',#2823,#187);
#74=LINE('',#2825,#188);
#75=LINE('',#2827,#189);
#76=LINE('',#2835,#190);
#77=LINE('',#2837,#191);
#78=LINE('',#2839,#192);
#79=LINE('',#2841,#193);
#80=LINE('',#2843,#194);
#81=LINE('',#2930,#195);
#82=LINE('',#3060,#196);
#83=LINE('',#3062,#197);
#84=LINE('',#3064,#198);
#85=LINE('',#3066,#199);
#86=LINE('',#3069,#200);
#87=LINE('',#3071,#201);
#88=LINE('',#3073,#202);
#89=LINE('',#3075,#203);
#90=LINE('',#3078,#204);
#91=LINE('',#3080,#205);
#92=LINE('',#3087,#206);
#93=LINE('',#3089,#207);
#94=LINE('',#3091,#208);
#95=LINE('',#3176,#209);
#96=LINE('',#3185,#210);
#97=LINE('',#3188,#211);
#98=LINE('',#3190,#212);
#99=LINE('',#3192,#213);
#100=LINE('',#3194,#214);
#101=LINE('',#3206,#215);
#102=LINE('',#3209,#216);
#103=LINE('',#3210,#217);
#104=LINE('',#3212,#218);
#105=LINE('',#3224,#219);
#106=LINE('',#3227,#220);
#107=LINE('',#3228,#221);
#108=LINE('',#3230,#222);
#109=LINE('',#3233,#223);
#110=LINE('',#3240,#224);
#111=LINE('',#3242,#225);
#112=LINE('',#3254,#226);
#113=LINE('',#3257,#227);
#114=LINE('',#3258,#228);
#115=LINE('',#3260,#229);
#116=LINE('',#3278,#230);
#117=LINE('',#3279,#231);
#118=LINE('',#3379,#232);
#119=LINE('',#3382,#233);
#120=LINE('',#3397,#234);
#121=LINE('',#3421,#235);
#122=LINE('',#3427,#236);
#123=LINE('',#3474,#237);
#124=LINE('',#3475,#238);
#125=LINE('',#3499,#239);
#126=LINE('',#3513,#240);
#127=LINE('',#3577,#241);
#128=LINE('',#3583,#242);
#129=LINE('',#3607,#243);
#130=LINE('',#3609,#244);
#131=LINE('',#3617,#245);
#132=LINE('',#3662,#246);
#133=LINE('',#3663,#247);
#134=LINE('',#3687,#248);
#135=LINE('',#3701,#249);
#136=LINE('',#3760,#250);
#137=LINE('',#3767,#251);
#138=LINE('',#3774,#252);
#139=LINE('',#3780,#253);
#140=LINE('',#3787,#254);
#141=LINE('',#3794,#255);
#142=LINE('',#3796,#256);
#143=LINE('',#3803,#257);
#144=LINE('',#3805,#258);
#145=LINE('',#3807,#259);
#146=LINE('',#3831,#260);
#147=LINE('',#3833,#261);
#148=LINE('',#3835,#262);
#149=LINE('',#3842,#263);
#150=LINE('',#3863,#264);
#151=LINE('',#3872,#265);
#152=LINE('',#3874,#266);
#153=LINE('',#3876,#267);
#154=LINE('',#3880,#268);
#155=LINE('',#3882,#269);
#156=LINE('',#3884,#270);
#157=LINE('',#3893,#271);
#158=LINE('',#3907,#272);
#159=LINE('',#3923,#273);
#160=LINE('',#3925,#274);
#161=LINE('',#3927,#275);
#162=LINE('',#3929,#276);
#163=LINE('',#3931,#277);
#164=LINE('',#3954,#278);
#165=LINE('',#3956,#279);
#166=LINE('',#3958,#280);
#167=LINE('',#3967,#281);
#168=LINE('',#3971,#282);
#169=LINE('',#3973,#283);
#170=LINE('',#3975,#284);
#171=LINE('',#3979,#285);
#172=LINE('',#3981,#286);
#173=LINE('',#3983,#287);
#174=LINE('',#3987,#288);
#175=LINE('',#3989,#289);
#176=LINE('',#3991,#290);
#177=LINE('',#3995,#291);
#178=LINE('',#3997,#292);
#179=LINE('',#3999,#293);
#180=LINE('',#4003,#294);
#181=LINE('',#4005,#295);
#182=VECTOR('',#2267,1000.);
#183=VECTOR('',#2268,1000.);
#184=VECTOR('',#2269,1000.);
#185=VECTOR('',#2272,1000.);
#186=VECTOR('',#2273,1000.);
#187=VECTOR('',#2274,1000.);
#188=VECTOR('',#2275,1000.);
#189=VECTOR('',#2278,1000.);
#190=VECTOR('',#2279,1000.);
#191=VECTOR('',#2280,1000.);
#192=VECTOR('',#2281,1000.);
#193=VECTOR('',#2282,1000.);
#194=VECTOR('',#2283,1000.);
#195=VECTOR('',#2298,1000.);
#196=VECTOR('',#2309,1000.);
#197=VECTOR('',#2310,1000.);
#198=VECTOR('',#2311,1000.);
#199=VECTOR('',#2314,1000.);
#200=VECTOR('',#2315,1000.);
#201=VECTOR('',#2316,1000.);
#202=VECTOR('',#2317,1000.);
#203=VECTOR('',#2320,1000.);
#204=VECTOR('',#2321,1000.);
#205=VECTOR('',#2322,1000.);
#206=VECTOR('',#2323,1000.);
#207=VECTOR('',#2324,1000.);
#208=VECTOR('',#2325,1000.);
#209=VECTOR('',#2338,1000.);
#210=VECTOR('',#2351,1000.);
#211=VECTOR('',#2352,1000.);
#212=VECTOR('',#2353,1000.);
#213=VECTOR('',#2354,1000.);
#214=VECTOR('',#2357,1000.);
#215=VECTOR('',#2360,1000.);
#216=VECTOR('',#2361,1000.);
#217=VECTOR('',#2362,1000.);
#218=VECTOR('',#2365,1000.);
#219=VECTOR('',#2368,1000.);
#220=VECTOR('',#2369,1000.);
#221=VECTOR('',#2370,1000.);
#222=VECTOR('',#2373,1000.);
#223=VECTOR('',#2374,1000.);
#224=VECTOR('',#2375,1000.);
#225=VECTOR('',#2378,1000.);
#226=VECTOR('',#2381,1000.);
#227=VECTOR('',#2382,1000.);
#228=VECTOR('',#2383,1000.);
#229=VECTOR('',#2386,1000.);
#230=VECTOR('',#2389,1000.);
#231=VECTOR('',#2390,1000.);
#232=VECTOR('',#2397,1000.);
#233=VECTOR('',#2398,1000.);
#234=VECTOR('',#2403,1000.);
#235=VECTOR('',#2406,1000.);
#236=VECTOR('',#2411,1000.);
#237=VECTOR('',#2422,1000.);
#238=VECTOR('',#2423,1000.);
#239=VECTOR('',#2430,1000.);
#240=VECTOR('',#2433,1000.);
#241=VECTOR('',#2452,1000.);
#242=VECTOR('',#2457,1000.);
#243=VECTOR('',#2460,1000.);
#244=VECTOR('',#2463,1000.);
#245=VECTOR('',#2464,1000.);
#246=VECTOR('',#2473,1000.);
#247=VECTOR('',#2474,1000.);
#248=VECTOR('',#2481,1000.);
#249=VECTOR('',#2484,1000.);
#250=VECTOR('',#2499,1000.);
#251=VECTOR('',#2500,1000.);
#252=VECTOR('',#2501,1000.);
#253=VECTOR('',#2502,1000.);
#254=VECTOR('',#2503,1000.);
#255=VECTOR('',#2504,1000.);
#256=VECTOR('',#2507,1000.);
#257=VECTOR('',#2508,1000.);
#258=VECTOR('',#2509,1000.);
#259=VECTOR('',#2510,1000.);
#260=VECTOR('',#2513,1000.);
#261=VECTOR('',#2516,1000.);
#262=VECTOR('',#2517,1000.);
#263=VECTOR('',#2520,1000.);
#264=VECTOR('',#2531,1000.);
#265=VECTOR('',#2538,1000.);
#266=VECTOR('',#2539,1000.);
#267=VECTOR('',#2542,1000.);
#268=VECTOR('',#2547,1000.);
#269=VECTOR('',#2548,1000.);
#270=VECTOR('',#2551,1000.);
#271=VECTOR('',#2556,1000.);
#272=VECTOR('',#2563,1000.);
#273=VECTOR('',#2574,1000.);
#274=VECTOR('',#2575,1000.);
#275=VECTOR('',#2578,1000.);
#276=VECTOR('',#2579,1000.);
#277=VECTOR('',#2580,1000.);
#278=VECTOR('',#2583,1000.);
#279=VECTOR('',#2586,1000.);
#280=VECTOR('',#2587,1000.);
#281=VECTOR('',#2594,1000.);
#282=VECTOR('',#2599,1000.);
#283=VECTOR('',#2600,1000.);
#284=VECTOR('',#2603,1000.);
#285=VECTOR('',#2608,1000.);
#286=VECTOR('',#2609,1000.);
#287=VECTOR('',#2612,1000.);
#288=VECTOR('',#2617,1000.);
#289=VECTOR('',#2618,1000.);
#290=VECTOR('',#2621,1000.);
#291=VECTOR('',#2626,1000.);
#292=VECTOR('',#2627,1000.);
#293=VECTOR('',#2630,1000.);
#294=VECTOR('',#2635,1000.);
#295=VECTOR('',#2636,1000.);
#296=B_SPLINE_SURFACE_WITH_KNOTS('',3,1,((#2688,#2689),(#2690,#2691),(#2692,
#2693),(#2694,#2695)),.RULED_SURF.,.F.,.F.,.F.,(4,4),(2,2),(0.0245261596510366,
1.),(0.0293301513370285,0.919999999999987),.PIECEWISE_BEZIER_KNOTS.);
#297=B_SPLINE_SURFACE_WITH_KNOTS('',3,1,((#2726,#2727),(#2728,#2729),(#2730,
#2731),(#2732,#2733),(#2734,#2735),(#2736,#2737),(#2738,#2739),(#2740,#2741),
(#2742,#2743),(#2744,#2745),(#2746,#2747),(#2748,#2749),(#2750,#2751),(#2752,
#2753),(#2754,#2755),(#2756,#2757),(#2758,#2759),(#2760,#2761)),
 .RULED_SURF.,.F.,.F.,.F.,(4,2,2,2,2,2,2,2,4),(2,2),(0.,0.125,0.25,0.375,
0.5,0.625,0.75,0.875,1.),(0.0522142633868551,0.925181561552426),
 .UNSPECIFIED.);
#298=B_SPLINE_SURFACE_WITH_KNOTS('',3,1,((#2936,#2937),(#2938,#2939),(#2940,
#2941),(#2942,#2943)),.RULED_SURF.,.F.,.F.,.F.,(4,4),(2,2),(0.0245261575931805,
1.),(0.0293301513370285,0.919999999999987),.PIECEWISE_BEZIER_KNOTS.);
#299=B_SPLINE_SURFACE_WITH_KNOTS('',3,1,((#2974,#2975),(#2976,#2977),(#2978,
#2979),(#2980,#2981),(#2982,#2983),(#2984,#2985),(#2986,#2987),(#2988,#2989),
(#2990,#2991),(#2992,#2993),(#2994,#2995),(#2996,#2997),(#2998,#2999),(#3000,
#3001),(#3002,#3003),(#3004,#3005),(#3006,#3007),(#3008,#3009)),
 .RULED_SURF.,.F.,.F.,.F.,(4,2,2,2,2,2,2,2,4),(2,2),(0.,0.125,0.25,0.375,
0.5,0.625,0.75,0.875,1.),(0.0522142819746782,0.925178444994083),
 .UNSPECIFIED.);
#300=B_SPLINE_SURFACE_WITH_KNOTS('',1,3,((#3486,#3487,#3488,#3489),(#3490,
#3491,#3492,#3493)),.RULED_SURF.,.F.,.F.,.F.,(2,2),(4,4),(0.,1.),(0.000977877842021362,
0.00116042109247034),.PIECEWISE_BEZIER_KNOTS.);
#301=B_SPLINE_SURFACE_WITH_KNOTS('',1,3,((#3500,#3501,#3502,#3503),(#3504,
#3505,#3506,#3507)),.RULED_SURF.,.F.,.F.,.F.,(2,2),(4,4),(0.,1.),(0.,0.00567474395799777),
 .PIECEWISE_BEZIER_KNOTS.);
#302=B_SPLINE_SURFACE_WITH_KNOTS('',1,3,((#3514,#3515,#3516,#3517),(#3518,
#3519,#3520,#3521)),.RULED_SURF.,.F.,.F.,.F.,(2,2),(4,4),(0.,1.),(0.00100531203686268,
0.00123179574742636),.PIECEWISE_BEZIER_KNOTS.);
#303=B_SPLINE_SURFACE_WITH_KNOTS('',1,3,((#3531,#3532,#3533,#3534),(#3535,
#3536,#3537,#3538),(#3539,#3540,#3541,#3542)),.RULED_SURF.,.F.,.F.,.F.,
(2,1,2),(4,4),(0.,1.,1.0067820995762),(0.00102856701564577,0.00129637144115522),
 .PIECEWISE_BEZIER_KNOTS.);
#304=B_SPLINE_SURFACE_WITH_KNOTS('',1,3,((#3547,#3548,#3549,#3550),(#3551,
#3552,#3553,#3554)),.RULED_SURF.,.F.,.F.,.F.,(2,2),(4,4),(0.,1.),(0.674414516687587,
1.47859728321324),.PIECEWISE_BEZIER_KNOTS.);
#305=B_SPLINE_SURFACE_WITH_KNOTS('',1,3,((#3674,#3675,#3676,#3677),(#3678,
#3679,#3680,#3681)),.RULED_SURF.,.F.,.F.,.F.,(2,2),(4,4),(0.,1.),(0.000977877842021362,
0.00116042109247034),.PIECEWISE_BEZIER_KNOTS.);
#306=B_SPLINE_SURFACE_WITH_KNOTS('',1,3,((#3688,#3689,#3690,#3691),(#3692,
#3693,#3694,#3695)),.RULED_SURF.,.F.,.F.,.F.,(2,2),(4,4),(0.,1.),(0.,0.00567474395799777),
 .PIECEWISE_BEZIER_KNOTS.);
#307=B_SPLINE_SURFACE_WITH_KNOTS('',1,3,((#3702,#3703,#3704,#3705),(#3706,
#3707,#3708,#3709)),.RULED_SURF.,.F.,.F.,.F.,(2,2),(4,4),(0.,1.),(0.00100531203686268,
0.00123179574742636),.PIECEWISE_BEZIER_KNOTS.);
#308=B_SPLINE_SURFACE_WITH_KNOTS('',1,3,((#3719,#3720,#3721,#3722),(#3723,
#3724,#3725,#3726),(#3727,#3728,#3729,#3730)),.RULED_SURF.,.F.,.F.,.F.,
(2,1,2),(4,4),(0.,1.,1.00678209957643),(0.00102856701564577,0.00129637144115522),
 .PIECEWISE_BEZIER_KNOTS.);
#309=B_SPLINE_SURFACE_WITH_KNOTS('',1,3,((#3735,#3736,#3737,#3738),(#3739,
#3740,#3741,#3742)),.RULED_SURF.,.F.,.F.,.F.,(2,2),(4,4),(0.,1.),(0.674414516687587,
1.47859728321324),.PIECEWISE_BEZIER_KNOTS.);
#310=B_SPLINE_SURFACE_WITH_KNOTS('',1,3,((#3813,#3814,#3815,#3816,#3817,
#3818),(#3819,#3820,#3821,#3822,#3823,#3824),(#3825,#3826,#3827,#3828,#3829,
#3830)),.RULED_SURF.,.F.,.F.,.F.,(2,1,2),(4,2,4),(-0.00440488173886582,
0.,0.718327630199049),(4.97459891434232,5.49778714378214,5.61261130993827),
 .UNSPECIFIED.);
#311=B_SPLINE_SURFACE_WITH_KNOTS('',1,3,((#3932,#3933,#3934,#3935,#3936,
#3937),(#3938,#3939,#3940,#3941,#3942,#3943)),.RULED_SURF.,.F.,.F.,.F.,
(2,2),(4,2,4),(0.,0.715659173473362),(0.670580848831213,0.785398163397448,
1.30858635197291),.UNSPECIFIED.);
#312=B_SPLINE_SURFACE_WITH_KNOTS('',1,3,((#4022,#4023,#4024,#4025,#4026,
#4027),(#4028,#4029,#4030,#4031,#4032,#4033)),.RULED_SURF.,.F.,.F.,.F.,
(2,2),(4,2,4),(0.,1.),(1.50617628484748,2.10663523407001,2.70709418329254),
 .UNSPECIFIED.);
#313=B_SPLINE_SURFACE_WITH_KNOTS('',1,3,((#4043,#4044,#4045,#4046),(#4047,
#4048,#4049,#4050)),.RULED_SURF.,.F.,.F.,.F.,(2,2),(4,4),(0.,1.),(0.,0.00292898436425332),
 .PIECEWISE_BEZIER_KNOTS.);
#314=B_SPLINE_SURFACE_WITH_KNOTS('',1,3,((#4060,#4061,#4062,#4063),(#4064,
#4065,#4066,#4067)),.RULED_SURF.,.F.,.F.,.F.,(2,2),(4,4),(0.,1.),(0.,0.00292898319359121),
 .PIECEWISE_BEZIER_KNOTS.);
#315=B_SPLINE_SURFACE_WITH_KNOTS('',1,3,((#4077,#4078,#4079,#4080,#4081,
#4082),(#4083,#4084,#4085,#4086,#4087,#4088)),.RULED_SURF.,.F.,.F.,.F.,
(2,2),(4,2,4),(0.,1.),(0.434498470297246,1.03495741951979,1.63541636874233),
 .UNSPECIFIED.);
#316=B_SPLINE_SURFACE_WITH_KNOTS('',1,3,((#4089,#4090,#4091,#4092),(#4093,
#4094,#4095,#4096),(#4097,#4098,#4099,#4100)),.RULED_SURF.,.F.,.F.,.F.,
(2,1,2),(4,4),(0.507285486087769,1.,1.00342184128843),(0.00323645098426403,
0.00483443245946671),.PIECEWISE_BEZIER_KNOTS.);
#317=B_SPLINE_SURFACE_WITH_KNOTS('',1,3,((#4110,#4111,#4112,#4113),(#4114,
#4115,#4116,#4117)),.RULED_SURF.,.F.,.F.,.F.,(2,2),(4,4),(0.,1.),(0.,0.00325915780927405),
 .PIECEWISE_BEZIER_KNOTS.);
#318=B_SPLINE_SURFACE_WITH_KNOTS('',1,3,((#4127,#4128,#4129,#4130),(#4131,
#4132,#4133,#4134)),.RULED_SURF.,.F.,.F.,.F.,(2,2),(4,4),(0.,1.),(-5.0663464656181E-10,
0.00325915614083493),.PIECEWISE_BEZIER_KNOTS.);
#319=B_SPLINE_SURFACE_WITH_KNOTS('',1,3,((#4144,#4145,#4146,#4147),(#4148,
#4149,#4150,#4151)),.RULED_SURF.,.F.,.F.,.F.,(2,2),(4,4),(0.507288368015103,
1.),(0.00101278206881322,0.00260828659668919),.PIECEWISE_BEZIER_KNOTS.);
#320=ELLIPSE('',#2103,0.500334723131644,0.5);
#321=ELLIPSE('',#2105,0.500334723131644,0.5);
#322=ELLIPSE('',#2111,27.3383601841456,0.5);
#323=ELLIPSE('',#2125,27.3383601841456,0.5);
#324=ELLIPSE('',#2197,0.694544391456191,0.491109659861879);
#325=ELLIPSE('',#2200,12.0222796105178,8.50053885968066);
#326=ELLIPSE('',#2209,12.0231826791398,8.50116741300919);
#327=ELLIPSE('',#2212,0.698588079368929,0.493968993882873);
#328=B_SPLINE_CURVE_WITH_KNOTS('',3,(#2672,#2673,#2674,#2675),
 .UNSPECIFIED.,.F.,.F.,(4,4),(0.,0.000258295567856687),.UNSPECIFIED.);
#329=B_SPLINE_CURVE_WITH_KNOTS('',3,(#2682,#2683,#2684,#2685),
 .UNSPECIFIED.,.F.,.F.,(4,4),(5.51313221991249E-5,0.000313487222720495),
 .UNSPECIFIED.);
#330=B_SPLINE_CURVE_WITH_KNOTS('',3,(#2696,#2697,#2698,#2699),
 .UNSPECIFIED.,.F.,.F.,(4,4),(0.000250516037827347,0.0048681284595008),
 .UNSPECIFIED.);
#331=B_SPLINE_CURVE_WITH_KNOTS('',3,(#2702,#2703,#2704,#2705),
 .UNSPECIFIED.,.F.,.F.,(4,4),(1.38975823416398E-5,0.00325370449697629),
 .UNSPECIFIED.);
#332=B_SPLINE_CURVE_WITH_KNOTS('',3,(#2707,#2708,#2709,#2710),
 .UNSPECIFIED.,.F.,.F.,(4,4),(0.000401075356394824,0.00259068378088198),
 .UNSPECIFIED.);
#333=B_SPLINE_CURVE_WITH_KNOTS('',3,(#2712,#2713,#2714,#2715),
 .UNSPECIFIED.,.F.,.F.,(4,4),(0.,0.00143655175883519),.UNSPECIFIED.);
#334=B_SPLINE_CURVE_WITH_KNOTS('',3,(#2717,#2718,#2719,#2720),
 .UNSPECIFIED.,.F.,.F.,(4,4),(0.00281492257754415,0.00495542449784207),
 .UNSPECIFIED.);
#335=B_SPLINE_CURVE_WITH_KNOTS('',3,(#2722,#2723,#2724,#2725),
 .UNSPECIFIED.,.F.,.F.,(4,4),(0.,1.),.UNSPECIFIED.);
#336=B_SPLINE_CURVE_WITH_KNOTS('',3,(#2762,#2763,#2764,#2765,#2766,#2767,
#2768),.UNSPECIFIED.,.F.,.F.,(4,1,1,1,4),(0.000326442624979016,0.00166767774302343,
0.00300891286106785,0.00435014797911226,0.00569138309715668),
 .UNSPECIFIED.);
#337=B_SPLINE_CURVE_WITH_KNOTS('',3,(#2771,#2772,#2773,#2774),
 .UNSPECIFIED.,.F.,.F.,(4,4),(2.86754399142936E-6,0.000781826591898075),
 .UNSPECIFIED.);
#338=B_SPLINE_CURVE_WITH_KNOTS('',3,(#2776,#2777,#2778,#2779),
 .UNSPECIFIED.,.F.,.F.,(4,4),(0.00077894038420008,0.00116841627287474),
 .UNSPECIFIED.);
#339=B_SPLINE_CURVE_WITH_KNOTS('',3,(#2781,#2782,#2783,#2784),
 .UNSPECIFIED.,.F.,.F.,(4,4),(0.00116841627287474,0.0015579071249573),
 .UNSPECIFIED.);
#340=B_SPLINE_CURVE_WITH_KNOTS('',3,(#2786,#2787,#2788,#2789),
 .UNSPECIFIED.,.F.,.F.,(4,4),(0.0015579071249573,0.00233719368739012),
 .UNSPECIFIED.);
#341=B_SPLINE_CURVE_WITH_KNOTS('',3,(#2791,#2792,#2793,#2794),
 .UNSPECIFIED.,.F.,.F.,(4,4),(0.00233719368739012,0.00311563195275679),
 .UNSPECIFIED.);
#342=B_SPLINE_CURVE_WITH_KNOTS('',3,(#2796,#2797,#2798,#2799,#2800,#2801,
#2802),.UNSPECIFIED.,.F.,.F.,(4,1,1,1,4),(0.000400322356002947,0.00272051174901221,
0.00388060644551685,0.00446065379376916,0.00504070114202148),
 .UNSPECIFIED.);
#343=B_SPLINE_CURVE_WITH_KNOTS('',3,(#2809,#2810,#2811,#2812,#2813,#2814),
 .UNSPECIFIED.,.F.,.F.,(4,1,1,4),(0.000226430338921923,0.00153677243135955,
0.00284711452379717,0.00546779870867241),.UNSPECIFIED.);
#344=B_SPLINE_CURVE_WITH_KNOTS('',3,(#2830,#2831,#2832,#2833),
 .UNSPECIFIED.,.F.,.F.,(4,4),(0.,0.00198585171906354),.UNSPECIFIED.);
#345=B_SPLINE_CURVE_WITH_KNOTS('',3,(#2868,#2869,#2870,#2871),
 .UNSPECIFIED.,.F.,.F.,(4,4),(0.,2.91660478147393E-5),.UNSPECIFIED.);
#346=B_SPLINE_CURVE_WITH_KNOTS('',3,(#2872,#2873,#2874,#2875),
 .UNSPECIFIED.,.F.,.F.,(4,4),(0.,1.),.UNSPECIFIED.);
#347=B_SPLINE_CURVE_WITH_KNOTS('',3,(#2877,#2878,#2879,#2880),
 .UNSPECIFIED.,.F.,.F.,(4,4),(0.,2.41386962480673E-5),.UNSPECIFIED.);
#348=B_SPLINE_CURVE_WITH_KNOTS('',3,(#2905,#2906,#2907,#2908),
 .UNSPECIFIED.,.F.,.F.,(4,4),(4.58967741965702E-15,5.39923372303241E-6),
 .UNSPECIFIED.);
#349=B_SPLINE_CURVE_WITH_KNOTS('',3,(#2909,#2910,#2911,#2912),
 .UNSPECIFIED.,.F.,.F.,(4,4),(0.,1.),.UNSPECIFIED.);
#350=B_SPLINE_CURVE_WITH_KNOTS('',3,(#2916,#2917,#2918,#2919),
 .UNSPECIFIED.,.F.,.F.,(4,4),(0.000258295567856687,0.000313330532805665),
 .UNSPECIFIED.);
#351=B_SPLINE_CURVE_WITH_KNOTS('',3,(#2920,#2921,#2922,#2923),
 .UNSPECIFIED.,.F.,.F.,(4,4),(0.,1.),.UNSPECIFIED.);
#352=B_SPLINE_CURVE_WITH_KNOTS('',3,(#2944,#2945,#2946,#2947),
 .UNSPECIFIED.,.F.,.F.,(4,4),(0.00281493514690351,0.00495542449784207),
 .UNSPECIFIED.);
#353=B_SPLINE_CURVE_WITH_KNOTS('',3,(#2950,#2951,#2952,#2953),
 .UNSPECIFIED.,.F.,.F.,(4,4),(0.,0.00143668248064336),.UNSPECIFIED.);
#354=B_SPLINE_CURVE_WITH_KNOTS('',3,(#2955,#2956,#2957,#2958),
 .UNSPECIFIED.,.F.,.F.,(4,4),(0.000440335525070134,0.00263238108315019),
 .UNSPECIFIED.);
#355=B_SPLINE_CURVE_WITH_KNOTS('',3,(#2960,#2961,#2962,#2963),
 .UNSPECIFIED.,.F.,.F.,(4,4),(0.000774235203546044,0.00401404525727846),
 .UNSPECIFIED.);
#356=B_SPLINE_CURVE_WITH_KNOTS('',3,(#2965,#2966,#2967,#2968),
 .UNSPECIFIED.,.F.,.F.,(4,4),(0.000250516037827347,0.0048681075552176),
 .UNSPECIFIED.);
#357=B_SPLINE_CURVE_WITH_KNOTS('',3,(#2970,#2971,#2972,#2973),
 .UNSPECIFIED.,.F.,.F.,(4,4),(0.,1.),.UNSPECIFIED.);
#358=B_SPLINE_CURVE_WITH_KNOTS('',3,(#3010,#3011,#3012,#3013,#3014,#3015,
#3016),.UNSPECIFIED.,.F.,.F.,(4,1,1,1,4),(0.000400293251652693,0.00272049719683709,
0.00388059916942928,0.00446065015572538,0.00504070114202148),
 .UNSPECIFIED.);
#359=B_SPLINE_CURVE_WITH_KNOTS('',3,(#3019,#3020,#3021,#3022),
 .UNSPECIFIED.,.F.,.F.,(4,4),(1.50695526533923E-5,0.000794037903949629),
 .UNSPECIFIED.);
#360=B_SPLINE_CURVE_WITH_KNOTS('',3,(#3024,#3025,#3026,#3027),
 .UNSPECIFIED.,.F.,.F.,(4,4),(0.000778860408063055,0.00116830883066651),
 .UNSPECIFIED.);
#361=B_SPLINE_CURVE_WITH_KNOTS('',3,(#3029,#3030,#3031,#3032),
 .UNSPECIFIED.,.F.,.F.,(4,4),(0.00116830883066651,0.00155777805673047),
 .UNSPECIFIED.);
#362=B_SPLINE_CURVE_WITH_KNOTS('',3,(#3034,#3035,#3036,#3037),
 .UNSPECIFIED.,.F.,.F.,(4,4),(0.00155777805673047,0.00233709598946631),
 .UNSPECIFIED.);
#363=B_SPLINE_CURVE_WITH_KNOTS('',3,(#3039,#3040,#3041,#3042),
 .UNSPECIFIED.,.F.,.F.,(4,4),(0.00233709598946631,0.0031157056867485),
 .UNSPECIFIED.);
#364=B_SPLINE_CURVE_WITH_KNOTS('',3,(#3044,#3045,#3046,#3047,#3048,#3049,
#3050),.UNSPECIFIED.,.F.,.F.,(4,1,1,1,4),(0.000326442624979016,0.00166767302070437,
0.00300890341642973,0.00435013381215508,0.00569136420788044),
 .UNSPECIFIED.);
#365=B_SPLINE_CURVE_WITH_KNOTS('',3,(#3052,#3053,#3054,#3055,#3056,#3057),
 .UNSPECIFIED.,.F.,.F.,(4,1,1,4),(0.000226430338921923,0.00153677243135725,
0.00284711452379257,0.00546779870866322),.UNSPECIFIED.);
#366=B_SPLINE_CURVE_WITH_KNOTS('',3,(#3082,#3083,#3084,#3085),
 .UNSPECIFIED.,.F.,.F.,(4,4),(0.,0.00197984231763964),.UNSPECIFIED.);
#367=B_SPLINE_CURVE_WITH_KNOTS('',3,(#3116,#3117,#3118,#3119),
 .UNSPECIFIED.,.F.,.F.,(4,4),(1.46520526704161E-9,2.91660478146644E-5),
 .UNSPECIFIED.);
#368=B_SPLINE_CURVE_WITH_KNOTS('',3,(#3120,#3121,#3122,#3123),
 .UNSPECIFIED.,.F.,.F.,(4,4),(0.,2.41386962483039E-5),.UNSPECIFIED.);
#369=B_SPLINE_CURVE_WITH_KNOTS('',3,(#3125,#3126,#3127,#3128),
 .UNSPECIFIED.,.F.,.F.,(4,4),(0.,1.),.UNSPECIFIED.);
#370=B_SPLINE_CURVE_WITH_KNOTS('',3,(#3153,#3154,#3155,#3156),
 .UNSPECIFIED.,.F.,.F.,(4,4),(1.37323174676589E-9,5.40214245402755E-6),
 .UNSPECIFIED.);
#371=B_SPLINE_CURVE_WITH_KNOTS('',3,(#3157,#3158,#3159,#3160),
 .UNSPECIFIED.,.F.,.F.,(4,4),(0.,1.),.UNSPECIFIED.);
#372=B_SPLINE_CURVE_WITH_KNOTS('',3,(#3162,#3163,#3164,#3165),
 .UNSPECIFIED.,.F.,.F.,(4,4),(0.,5.51313221991249E-5),.UNSPECIFIED.);
#373=B_SPLINE_CURVE_WITH_KNOTS('',3,(#3168,#3169,#3170,#3171),
 .UNSPECIFIED.,.F.,.F.,(4,4),(0.,1.),.UNSPECIFIED.);
#374=B_SPLINE_CURVE_WITH_KNOTS('',3,(#3197,#3198,#3199,#3200),
 .UNSPECIFIED.,.F.,.F.,(4,4),(8.70981232529181E-8,1.),.UNSPECIFIED.);
#375=B_SPLINE_CURVE_WITH_KNOTS('',3,(#3201,#3202,#3203,#3204),
 .UNSPECIFIED.,.F.,.F.,(4,4),(3.7035130128639E-14,0.00277636661581754),
 .UNSPECIFIED.);
#376=B_SPLINE_CURVE_WITH_KNOTS('',3,(#3215,#3216,#3217,#3218),
 .UNSPECIFIED.,.F.,.F.,(4,4),(0.,1.),.UNSPECIFIED.);
#377=B_SPLINE_CURVE_WITH_KNOTS('',3,(#3219,#3220,#3221,#3222),
 .UNSPECIFIED.,.F.,.F.,(4,4),(8.31241797705718E-18,0.00277632641085643),
 .UNSPECIFIED.);
#378=B_SPLINE_CURVE_WITH_KNOTS('',3,(#3235,#3236,#3237,#3238),
 .UNSPECIFIED.,.F.,.F.,(4,4),(0.000412290134881846,0.00271234374266956),
 .UNSPECIFIED.);
#379=B_SPLINE_CURVE_WITH_KNOTS('',3,(#3245,#3246,#3247,#3248),
 .UNSPECIFIED.,.F.,.F.,(4,4),(0.,0.999999847577984),.UNSPECIFIED.);
#380=B_SPLINE_CURVE_WITH_KNOTS('',3,(#3249,#3250,#3251,#3252),
 .UNSPECIFIED.,.F.,.F.,(4,4),(1.88756833291543E-15,0.00348129745558842),
 .UNSPECIFIED.);
#381=B_SPLINE_CURVE_WITH_KNOTS('',3,(#3263,#3264,#3265,#3266),
 .UNSPECIFIED.,.F.,.F.,(4,4),(0.,1.),.UNSPECIFIED.);
#382=B_SPLINE_CURVE_WITH_KNOTS('',3,(#3267,#3268,#3269,#3270),
 .UNSPECIFIED.,.F.,.F.,(4,4),(1.67973700166848E-14,0.00348133753284401),
 .UNSPECIFIED.);
#383=B_SPLINE_CURVE_WITH_KNOTS('',3,(#3272,#3273,#3274,#3275),
 .UNSPECIFIED.,.F.,.F.,(4,4),(0.000412613800072577,0.00271234120574222),
 .UNSPECIFIED.);
#384=B_SPLINE_CURVE_WITH_KNOTS('',3,(#3281,#3282,#3283,#3284,#3285,#3286,
#3287,#3288,#3289,#3290,#3291,#3292,#3293,#3294),.UNSPECIFIED.,.F.,.F.,
(4,1,1,1,1,1,1,1,1,1,1,4),(0.,0.125,0.25,0.375,0.4375,0.46875,0.5,0.53125,
0.5625,0.625,0.75,1.),.UNSPECIFIED.);
#385=B_SPLINE_CURVE_WITH_KNOTS('',3,(#3295,#3296,#3297,#3298),
 .UNSPECIFIED.,.F.,.F.,(4,4),(-1.9936458517042E-11,0.00175065246799186),
 .UNSPECIFIED.);
#386=B_SPLINE_CURVE_WITH_KNOTS('',3,(#3300,#3301,#3302,#3303),
 .UNSPECIFIED.,.F.,.F.,(4,4),(0.,0.00196385508876837),.UNSPECIFIED.);
#387=B_SPLINE_CURVE_WITH_KNOTS('',3,(#3305,#3306,#3307,#3308),
 .UNSPECIFIED.,.F.,.F.,(4,4),(0.,0.00196803036601279),.UNSPECIFIED.);
#388=B_SPLINE_CURVE_WITH_KNOTS('',3,(#3310,#3311,#3312,#3313,#3314,#3315,
#3316,#3317,#3318,#3319,#3320,#3321,#3322,#3323),.UNSPECIFIED.,.F.,.F.,
(4,1,1,1,1,1,1,1,1,1,1,4),(0.,0.25,0.375,0.4375,0.46875,0.5,0.53125,0.5625,
0.625,0.75,0.875,1.),.UNSPECIFIED.);
#389=B_SPLINE_CURVE_WITH_KNOTS('',3,(#3324,#3325,#3326,#3327),
 .UNSPECIFIED.,.F.,.F.,(4,4),(0.,0.00196802599133952),.UNSPECIFIED.);
#390=B_SPLINE_CURVE_WITH_KNOTS('',3,(#3329,#3330,#3331,#3332),
 .UNSPECIFIED.,.F.,.F.,(4,4),(1.9939303633247E-11,0.00196382218571676),
 .UNSPECIFIED.);
#391=B_SPLINE_CURVE_WITH_KNOTS('',3,(#3334,#3335,#3336,#3337),
 .UNSPECIFIED.,.F.,.F.,(4,4),(2.03641127947419E-8,0.00175066567959772),
 .UNSPECIFIED.);
#392=B_SPLINE_CURVE_WITH_KNOTS('',3,(#3350,#3351,#3352,#3353),
 .UNSPECIFIED.,.F.,.F.,(4,4),(0.,1.),.UNSPECIFIED.);
#393=B_SPLINE_CURVE_WITH_KNOTS('',3,(#3354,#3355,#3356,#3357),
 .UNSPECIFIED.,.F.,.F.,(4,4),(0.,0.000290500367298577),.UNSPECIFIED.);
#394=B_SPLINE_CURVE_WITH_KNOTS('',3,(#3370,#3371,#3372,#3373),
 .UNSPECIFIED.,.F.,.F.,(4,4),(0.,1.),.UNSPECIFIED.);
#395=B_SPLINE_CURVE_WITH_KNOTS('',3,(#3374,#3375,#3376,#3377),
 .UNSPECIFIED.,.F.,.F.,(4,4),(0.,0.000290500367297878),.UNSPECIFIED.);
#396=B_SPLINE_CURVE_WITH_KNOTS('',3,(#3384,#3385,#3386,#3387),
 .UNSPECIFIED.,.F.,.F.,(4,4),(0.000491231941118736,0.00206827694344779),
 .UNSPECIFIED.);
#397=B_SPLINE_CURVE_WITH_KNOTS('',3,(#3391,#3392,#3393,#3394),
 .UNSPECIFIED.,.F.,.F.,(4,4),(0.,1.),.UNSPECIFIED.);
#398=B_SPLINE_CURVE_WITH_KNOTS('',3,(#3399,#3400,#3401,#3402),
 .UNSPECIFIED.,.F.,.F.,(4,4),(0.,1.),.UNSPECIFIED.);
#399=B_SPLINE_CURVE_WITH_KNOTS('',3,(#3404,#3405,#3406,#3407),
 .UNSPECIFIED.,.F.,.F.,(4,4),(0.,1.),.UNSPECIFIED.);
#400=B_SPLINE_CURVE_WITH_KNOTS('',3,(#3409,#3410,#3411,#3412),
 .UNSPECIFIED.,.F.,.F.,(4,4),(0.,1.),.UNSPECIFIED.);
#401=B_SPLINE_CURVE_WITH_KNOTS('',3,(#3414,#3415,#3416,#3417),
 .UNSPECIFIED.,.F.,.F.,(4,4),(0.,0.999658882013881),.UNSPECIFIED.);
#402=B_SPLINE_CURVE_WITH_KNOTS('',3,(#3442,#3443,#3444,#3445),
 .UNSPECIFIED.,.F.,.F.,(4,4),(5.14327958319444E-17,1.96829209509085E-5),
 .UNSPECIFIED.);
#403=B_SPLINE_CURVE_WITH_KNOTS('',3,(#3447,#3448,#3449,#3450),
 .UNSPECIFIED.,.F.,.F.,(4,4),(0.00376308816882308,0.00404504630725133),
 .UNSPECIFIED.);
#404=B_SPLINE_CURVE_WITH_KNOTS('',3,(#3452,#3453,#3454,#3455),
 .UNSPECIFIED.,.F.,.F.,(4,4),(8.14812376774204E-18,6.94488401726684E-5),
 .UNSPECIFIED.);
#405=B_SPLINE_CURVE_WITH_KNOTS('',3,(#3457,#3458,#3459,#3460),
 .UNSPECIFIED.,.F.,.F.,(4,4),(0.,1.),.UNSPECIFIED.);
#406=B_SPLINE_CURVE_WITH_KNOTS('',3,(#3461,#3462,#3463,#3464),
 .UNSPECIFIED.,.F.,.F.,(4,4),(0.,9.6080218404925E-5),.UNSPECIFIED.);
#407=B_SPLINE_CURVE_WITH_KNOTS('',3,(#3466,#3467,#3468,#3469),
 .UNSPECIFIED.,.F.,.F.,(4,4),(0.,0.000410317408362394),.UNSPECIFIED.);
#408=B_SPLINE_CURVE_WITH_KNOTS('',3,(#3477,#3478,#3479,#3480),
 .UNSPECIFIED.,.F.,.F.,(4,4),(3.39442848749039E-5,1.),.UNSPECIFIED.);
#409=B_SPLINE_CURVE_WITH_KNOTS('',3,(#3482,#3483,#3484,#3485),
 .UNSPECIFIED.,.F.,.F.,(4,4),(0.,0.000283934258300931),.UNSPECIFIED.);
#410=B_SPLINE_CURVE_WITH_KNOTS('',3,(#3494,#3495,#3496,#3497),
 .UNSPECIFIED.,.F.,.F.,(4,4),(0.,1.),.UNSPECIFIED.);
#411=B_SPLINE_CURVE_WITH_KNOTS('',3,(#3508,#3509,#3510,#3511),
 .UNSPECIFIED.,.F.,.F.,(4,4),(0.,1.),.UNSPECIFIED.);
#412=B_SPLINE_CURVE_WITH_KNOTS('',3,(#3522,#3523,#3524,#3525),
 .UNSPECIFIED.,.F.,.F.,(4,4),(1.24561513159368E-5,0.999984684541384),
 .UNSPECIFIED.);
#413=B_SPLINE_CURVE_WITH_KNOTS('',3,(#3527,#3528,#3529,#3530),
 .UNSPECIFIED.,.F.,.F.,(4,4),(0.,1.),.UNSPECIFIED.);
#414=B_SPLINE_CURVE_WITH_KNOTS('',3,(#3543,#3544,#3545,#3546),
 .UNSPECIFIED.,.F.,.F.,(4,4),(0.,1.),.UNSPECIFIED.);
#415=B_SPLINE_CURVE_WITH_KNOTS('',3,(#3555,#3556,#3557,#3558),
 .UNSPECIFIED.,.F.,.F.,(4,4),(0.,1.),.UNSPECIFIED.);
#416=B_SPLINE_CURVE_WITH_KNOTS('',3,(#3569,#3570,#3571,#3572),
 .UNSPECIFIED.,.F.,.F.,(4,4),(0.,1.),.UNSPECIFIED.);
#417=B_SPLINE_CURVE_WITH_KNOTS('',3,(#3587,#3588,#3589,#3590),
 .UNSPECIFIED.,.F.,.F.,(4,4),(0.,0.999658882013881),.UNSPECIFIED.);
#418=B_SPLINE_CURVE_WITH_KNOTS('',3,(#3592,#3593,#3594,#3595),
 .UNSPECIFIED.,.F.,.F.,(4,4),(0.,1.),.UNSPECIFIED.);
#419=B_SPLINE_CURVE_WITH_KNOTS('',3,(#3597,#3598,#3599,#3600),
 .UNSPECIFIED.,.F.,.F.,(4,4),(0.,1.),.UNSPECIFIED.);
#420=B_SPLINE_CURVE_WITH_KNOTS('',3,(#3602,#3603,#3604,#3605),
 .UNSPECIFIED.,.F.,.F.,(4,4),(0.,1.),.UNSPECIFIED.);
#421=B_SPLINE_CURVE_WITH_KNOTS('',3,(#3612,#3613,#3614,#3615),
 .UNSPECIFIED.,.F.,.F.,(4,4),(0.000491231941118736,0.00206827694344779),
 .UNSPECIFIED.);
#422=B_SPLINE_CURVE_WITH_KNOTS('',3,(#3630,#3631,#3632,#3633),
 .UNSPECIFIED.,.F.,.F.,(4,4),(0.000393892088393939,0.000413536302129164),
 .UNSPECIFIED.);
#423=B_SPLINE_CURVE_WITH_KNOTS('',3,(#3635,#3636,#3637,#3638),
 .UNSPECIFIED.,.F.,.F.,(4,4),(4.33680868994202E-19,0.000409050957733495),
 .UNSPECIFIED.);
#424=B_SPLINE_CURVE_WITH_KNOTS('',3,(#3640,#3641,#3642,#3643),
 .UNSPECIFIED.,.F.,.F.,(4,4),(0.,9.60740962512706E-5),.UNSPECIFIED.);
#425=B_SPLINE_CURVE_WITH_KNOTS('',3,(#3644,#3645,#3646,#3647),
 .UNSPECIFIED.,.F.,.F.,(4,4),(0.,1.),.UNSPECIFIED.);
#426=B_SPLINE_CURVE_WITH_KNOTS('',3,(#3649,#3650,#3651,#3652),
 .UNSPECIFIED.,.F.,.F.,(4,4),(8.14812376774204E-18,6.94488401726684E-5),
 .UNSPECIFIED.);
#427=B_SPLINE_CURVE_WITH_KNOTS('',3,(#3654,#3655,#3656,#3657),
 .UNSPECIFIED.,.F.,.F.,(4,4),(0.00376308816882308,0.00404504630725133),
 .UNSPECIFIED.);
#428=B_SPLINE_CURVE_WITH_KNOTS('',3,(#3665,#3666,#3667,#3668),
 .UNSPECIFIED.,.F.,.F.,(4,4),(3.39442848798376E-5,1.),.UNSPECIFIED.);
#429=B_SPLINE_CURVE_WITH_KNOTS('',3,(#3670,#3671,#3672,#3673),
 .UNSPECIFIED.,.F.,.F.,(4,4),(0.,0.000283934258300931),.UNSPECIFIED.);
#430=B_SPLINE_CURVE_WITH_KNOTS('',3,(#3682,#3683,#3684,#3685),
 .UNSPECIFIED.,.F.,.F.,(4,4),(0.,1.),.UNSPECIFIED.);
#431=B_SPLINE_CURVE_WITH_KNOTS('',3,(#3696,#3697,#3698,#3699),
 .UNSPECIFIED.,.F.,.F.,(4,4),(0.,1.),.UNSPECIFIED.);
#432=B_SPLINE_CURVE_WITH_KNOTS('',3,(#3710,#3711,#3712,#3713),
 .UNSPECIFIED.,.F.,.F.,(4,4),(1.24561513159368E-5,0.999984684541384),
 .UNSPECIFIED.);
#433=B_SPLINE_CURVE_WITH_KNOTS('',3,(#3715,#3716,#3717,#3718),
 .UNSPECIFIED.,.F.,.F.,(4,4),(0.,1.),.UNSPECIFIED.);
#434=B_SPLINE_CURVE_WITH_KNOTS('',3,(#3731,#3732,#3733,#3734),
 .UNSPECIFIED.,.F.,.F.,(4,4),(0.,1.),.UNSPECIFIED.);
#435=B_SPLINE_CURVE_WITH_KNOTS('',3,(#3743,#3744,#3745,#3746),
 .UNSPECIFIED.,.F.,.F.,(4,4),(0.,1.),.UNSPECIFIED.);
#436=B_SPLINE_CURVE_WITH_KNOTS('',3,(#3755,#3756,#3757,#3758),
 .UNSPECIFIED.,.F.,.F.,(4,4),(0.,1.),.UNSPECIFIED.);
#437=B_SPLINE_CURVE_WITH_KNOTS('',3,(#3762,#3763,#3764,#3765),
 .UNSPECIFIED.,.F.,.F.,(4,4),(0.,1.),.UNSPECIFIED.);
#438=B_SPLINE_CURVE_WITH_KNOTS('',3,(#3769,#3770,#3771,#3772),
 .UNSPECIFIED.,.F.,.F.,(4,4),(0.,1.),.UNSPECIFIED.);
#439=B_SPLINE_CURVE_WITH_KNOTS('',3,(#3776,#3777,#3778,#3779),
 .UNSPECIFIED.,.F.,.F.,(4,4),(0.,1.),.UNSPECIFIED.);
#440=B_SPLINE_CURVE_WITH_KNOTS('',3,(#3782,#3783,#3784,#3785),
 .UNSPECIFIED.,.F.,.F.,(4,4),(0.,1.),.UNSPECIFIED.);
#441=B_SPLINE_CURVE_WITH_KNOTS('',3,(#3789,#3790,#3791,#3792),
 .UNSPECIFIED.,.F.,.F.,(4,4),(0.,1.),.UNSPECIFIED.);
#442=B_SPLINE_CURVE_WITH_KNOTS('',3,(#3798,#3799,#3800,#3801),
 .UNSPECIFIED.,.F.,.F.,(4,4),(0.000127398622711882,0.000204947912133604),
 .UNSPECIFIED.);
#443=B_SPLINE_CURVE_WITH_KNOTS('',3,(#3809,#3810,#3811,#3812),
 .UNSPECIFIED.,.F.,.F.,(4,4),(0.00266651445423413,0.00309546214317715),
 .UNSPECIFIED.);
#444=B_SPLINE_CURVE_WITH_KNOTS('',3,(#3837,#3838,#3839,#3840),
 .UNSPECIFIED.,.F.,.F.,(4,4),(1.58387376526481E-9,0.000565639728620226),
 .UNSPECIFIED.);
#445=B_SPLINE_CURVE_WITH_KNOTS('',3,(#3844,#3845,#3846,#3847),
 .UNSPECIFIED.,.F.,.F.,(4,4),(0.,0.999999557041214),.UNSPECIFIED.);
#446=B_SPLINE_CURVE_WITH_KNOTS('',3,(#3851,#3852,#3853,#3854),
 .UNSPECIFIED.,.F.,.F.,(4,4),(0.,0.000565685176525221),.UNSPECIFIED.);
#447=B_SPLINE_CURVE_WITH_KNOTS('',3,(#3858,#3859,#3860,#3861),
 .UNSPECIFIED.,.F.,.F.,(4,4),(2.51384517879582E-10,0.000565678302564265),
 .UNSPECIFIED.);
#448=B_SPLINE_CURVE_WITH_KNOTS('',3,(#3865,#3866,#3867,#3868),
 .UNSPECIFIED.,.F.,.F.,(4,4),(2.51939399476748E-10,0.000565685174024111),
 .UNSPECIFIED.);
#449=B_SPLINE_CURVE_WITH_KNOTS('',3,(#3888,#3889,#3890,#3891),
 .UNSPECIFIED.,.F.,.F.,(4,4),(9.09494701772928E-13,0.000565677592476277),
 .UNSPECIFIED.);
#450=B_SPLINE_CURVE_WITH_KNOTS('',3,(#3895,#3896,#3897,#3898),
 .UNSPECIFIED.,.F.,.F.,(4,4),(2.51259568366311E-10,0.000565685335686794),
 .UNSPECIFIED.);
#451=B_SPLINE_CURVE_WITH_KNOTS('',3,(#3902,#3903,#3904,#3905),
 .UNSPECIFIED.,.F.,.F.,(4,4),(2.51475101588381E-10,0.000565684520552168),
 .UNSPECIFIED.);
#452=B_SPLINE_CURVE_WITH_KNOTS('',3,(#3909,#3910,#3911,#3912),
 .UNSPECIFIED.,.F.,.F.,(4,4),(0.,1.),.UNSPECIFIED.);
#453=B_SPLINE_CURVE_WITH_KNOTS('',3,(#3916,#3917,#3918,#3919),
 .UNSPECIFIED.,.F.,.F.,(4,4),(3.19318659682961E-9,0.000565685975743691),
 .UNSPECIFIED.);
#454=B_SPLINE_CURVE_WITH_KNOTS('',3,(#3944,#3945,#3946,#3947),
 .UNSPECIFIED.,.F.,.F.,(4,4),(0.00266651445424569,0.00309546214318897),
 .UNSPECIFIED.);
#455=B_SPLINE_CURVE_WITH_KNOTS('',3,(#3949,#3950,#3951,#3952),
 .UNSPECIFIED.,.F.,.F.,(4,4),(0.,7.55928615588626E-5),.UNSPECIFIED.);
#456=B_SPLINE_CURVE_WITH_KNOTS('',3,(#3960,#3961,#3962,#3963),
 .UNSPECIFIED.,.F.,.F.,(4,4),(0.,0.000572710273980936),.UNSPECIFIED.);
#457=B_SPLINE_CURVE_WITH_KNOTS('',3,(#4007,#4008,#4009,#4010),
 .UNSPECIFIED.,.F.,.F.,(4,4),(0.,0.000572710273980936),.UNSPECIFIED.);
#458=B_SPLINE_CURVE_WITH_KNOTS('',3,(#4034,#4035,#4036,#4037),
 .UNSPECIFIED.,.F.,.F.,(4,4),(0.,1.),.UNSPECIFIED.);
#459=B_SPLINE_CURVE_WITH_KNOTS('',3,(#4039,#4040,#4041,#4042),
 .UNSPECIFIED.,.F.,.F.,(4,4),(7.3075031635224E-7,0.999976981089177),
 .UNSPECIFIED.);
#460=B_SPLINE_CURVE_WITH_KNOTS('',3,(#4051,#4052,#4053,#4054),
 .UNSPECIFIED.,.F.,.F.,(4,4),(0.,1.),.UNSPECIFIED.);
#461=B_SPLINE_CURVE_WITH_KNOTS('',3,(#4056,#4057,#4058,#4059),
 .UNSPECIFIED.,.F.,.F.,(4,4),(3.04251814011858E-6,1.),.UNSPECIFIED.);
#462=B_SPLINE_CURVE_WITH_KNOTS('',3,(#4068,#4069,#4070,#4071),
 .UNSPECIFIED.,.F.,.F.,(4,4),(2.11277941370219E-5,1.),.UNSPECIFIED.);
#463=B_SPLINE_CURVE_WITH_KNOTS('',3,(#4073,#4074,#4075,#4076),
 .UNSPECIFIED.,.F.,.F.,(4,4),(0.,1.),.UNSPECIFIED.);
#464=B_SPLINE_CURVE_WITH_KNOTS('',3,(#4101,#4102,#4103,#4104),
 .UNSPECIFIED.,.F.,.F.,(4,4),(0.,1.),.UNSPECIFIED.);
#465=B_SPLINE_CURVE_WITH_KNOTS('',3,(#4106,#4107,#4108,#4109),
 .UNSPECIFIED.,.F.,.F.,(4,4),(0.,1.),.UNSPECIFIED.);
#466=B_SPLINE_CURVE_WITH_KNOTS('',3,(#4118,#4119,#4120,#4121),
 .UNSPECIFIED.,.F.,.F.,(4,4),(0.,0.999983262188437),.UNSPECIFIED.);
#467=B_SPLINE_CURVE_WITH_KNOTS('',3,(#4123,#4124,#4125,#4126),
 .UNSPECIFIED.,.F.,.F.,(4,4),(9.10282101961724E-6,1.),.UNSPECIFIED.);
#468=B_SPLINE_CURVE_WITH_KNOTS('',3,(#4135,#4136,#4137,#4138),
 .UNSPECIFIED.,.F.,.F.,(4,4),(0.,1.),.UNSPECIFIED.);
#469=B_SPLINE_CURVE_WITH_KNOTS('',3,(#4140,#4141,#4142,#4143),
 .UNSPECIFIED.,.F.,.F.,(4,4),(0.,1.),.UNSPECIFIED.);
#470=ORIENTED_EDGE('',*,*,#1090,.F.);
#471=ORIENTED_EDGE('',*,*,#1091,.T.);
#472=ORIENTED_EDGE('',*,*,#1092,.F.);
#473=ORIENTED_EDGE('',*,*,#1093,.F.);
#474=ORIENTED_EDGE('',*,*,#1094,.T.);
#475=ORIENTED_EDGE('',*,*,#1095,.F.);
#476=ORIENTED_EDGE('',*,*,#1096,.T.);
#477=ORIENTED_EDGE('',*,*,#1097,.T.);
#478=ORIENTED_EDGE('',*,*,#1098,.T.);
#479=ORIENTED_EDGE('',*,*,#1099,.T.);
#480=ORIENTED_EDGE('',*,*,#1100,.T.);
#481=ORIENTED_EDGE('',*,*,#1101,.T.);
#482=ORIENTED_EDGE('',*,*,#1102,.T.);
#483=ORIENTED_EDGE('',*,*,#1103,.T.);
#484=ORIENTED_EDGE('',*,*,#1104,.T.);
#485=ORIENTED_EDGE('',*,*,#1105,.T.);
#486=ORIENTED_EDGE('',*,*,#1106,.T.);
#487=ORIENTED_EDGE('',*,*,#1107,.T.);
#488=ORIENTED_EDGE('',*,*,#1108,.T.);
#489=ORIENTED_EDGE('',*,*,#1109,.T.);
#490=ORIENTED_EDGE('',*,*,#1110,.T.);
#491=ORIENTED_EDGE('',*,*,#1111,.T.);
#492=ORIENTED_EDGE('',*,*,#1112,.T.);
#493=ORIENTED_EDGE('',*,*,#1113,.T.);
#494=ORIENTED_EDGE('',*,*,#1114,.T.);
#495=ORIENTED_EDGE('',*,*,#1115,.T.);
#496=ORIENTED_EDGE('',*,*,#1116,.T.);
#497=ORIENTED_EDGE('',*,*,#1117,.F.);
#498=ORIENTED_EDGE('',*,*,#1118,.T.);
#499=ORIENTED_EDGE('',*,*,#1119,.T.);
#500=ORIENTED_EDGE('',*,*,#1120,.T.);
#501=ORIENTED_EDGE('',*,*,#1121,.T.);
#502=ORIENTED_EDGE('',*,*,#1122,.T.);
#503=ORIENTED_EDGE('',*,*,#1123,.T.);
#504=ORIENTED_EDGE('',*,*,#1108,.F.);
#505=ORIENTED_EDGE('',*,*,#1124,.T.);
#506=ORIENTED_EDGE('',*,*,#1096,.F.);
#507=ORIENTED_EDGE('',*,*,#1125,.T.);
#508=ORIENTED_EDGE('',*,*,#1126,.F.);
#509=ORIENTED_EDGE('',*,*,#1111,.F.);
#510=ORIENTED_EDGE('',*,*,#1127,.T.);
#511=ORIENTED_EDGE('',*,*,#1102,.F.);
#512=ORIENTED_EDGE('',*,*,#1126,.T.);
#513=ORIENTED_EDGE('',*,*,#1128,.T.);
#514=ORIENTED_EDGE('',*,*,#1129,.F.);
#515=ORIENTED_EDGE('',*,*,#1092,.T.);
#516=ORIENTED_EDGE('',*,*,#1130,.T.);
#517=ORIENTED_EDGE('',*,*,#1109,.F.);
#518=ORIENTED_EDGE('',*,*,#1131,.T.);
#519=ORIENTED_EDGE('',*,*,#1115,.F.);
#520=ORIENTED_EDGE('',*,*,#1132,.T.);
#521=ORIENTED_EDGE('',*,*,#1090,.T.);
#522=ORIENTED_EDGE('',*,*,#1129,.T.);
#523=ORIENTED_EDGE('',*,*,#1133,.T.);
#524=ORIENTED_EDGE('',*,*,#1121,.F.);
#525=ORIENTED_EDGE('',*,*,#1134,.T.);
#526=ORIENTED_EDGE('',*,*,#1135,.F.);
#527=ORIENTED_EDGE('',*,*,#1136,.T.);
#528=ORIENTED_EDGE('',*,*,#1135,.T.);
#529=ORIENTED_EDGE('',*,*,#1137,.T.);
#530=ORIENTED_EDGE('',*,*,#1113,.F.);
#531=ORIENTED_EDGE('',*,*,#1138,.T.);
#532=ORIENTED_EDGE('',*,*,#1139,.F.);
#533=ORIENTED_EDGE('',*,*,#1140,.T.);
#534=ORIENTED_EDGE('',*,*,#1141,.T.);
#535=ORIENTED_EDGE('',*,*,#1142,.T.);
#536=ORIENTED_EDGE('',*,*,#1143,.F.);
#537=ORIENTED_EDGE('',*,*,#1144,.F.);
#538=ORIENTED_EDGE('',*,*,#1145,.F.);
#539=ORIENTED_EDGE('',*,*,#1146,.T.);
#540=ORIENTED_EDGE('',*,*,#1147,.T.);
#541=ORIENTED_EDGE('',*,*,#1148,.T.);
#542=ORIENTED_EDGE('',*,*,#1149,.T.);
#543=ORIENTED_EDGE('',*,*,#1150,.T.);
#544=ORIENTED_EDGE('',*,*,#1151,.F.);
#545=ORIENTED_EDGE('',*,*,#1152,.F.);
#546=ORIENTED_EDGE('',*,*,#1153,.T.);
#547=ORIENTED_EDGE('',*,*,#1154,.F.);
#548=ORIENTED_EDGE('',*,*,#1155,.F.);
#549=ORIENTED_EDGE('',*,*,#1156,.F.);
#550=ORIENTED_EDGE('',*,*,#1157,.T.);
#551=ORIENTED_EDGE('',*,*,#1158,.F.);
#552=ORIENTED_EDGE('',*,*,#1159,.F.);
#553=ORIENTED_EDGE('',*,*,#1160,.F.);
#554=ORIENTED_EDGE('',*,*,#1161,.T.);
#555=ORIENTED_EDGE('',*,*,#1162,.T.);
#556=ORIENTED_EDGE('',*,*,#1163,.T.);
#557=ORIENTED_EDGE('',*,*,#1164,.F.);
#558=ORIENTED_EDGE('',*,*,#1165,.F.);
#559=ORIENTED_EDGE('',*,*,#1166,.F.);
#560=ORIENTED_EDGE('',*,*,#1143,.T.);
#561=ORIENTED_EDGE('',*,*,#1167,.T.);
#562=ORIENTED_EDGE('',*,*,#1145,.T.);
#563=ORIENTED_EDGE('',*,*,#1168,.T.);
#564=ORIENTED_EDGE('',*,*,#1169,.F.);
#565=ORIENTED_EDGE('',*,*,#1151,.T.);
#566=ORIENTED_EDGE('',*,*,#1170,.T.);
#567=ORIENTED_EDGE('',*,*,#1152,.T.);
#568=ORIENTED_EDGE('',*,*,#1171,.F.);
#569=ORIENTED_EDGE('',*,*,#1168,.F.);
#570=ORIENTED_EDGE('',*,*,#1154,.T.);
#571=ORIENTED_EDGE('',*,*,#1172,.T.);
#572=ORIENTED_EDGE('',*,*,#1093,.T.);
#573=ORIENTED_EDGE('',*,*,#1173,.T.);
#574=ORIENTED_EDGE('',*,*,#1174,.F.);
#575=ORIENTED_EDGE('',*,*,#1173,.F.);
#576=ORIENTED_EDGE('',*,*,#1095,.T.);
#577=ORIENTED_EDGE('',*,*,#1175,.T.);
#578=ORIENTED_EDGE('',*,*,#1156,.T.);
#579=ORIENTED_EDGE('',*,*,#1176,.F.);
#580=ORIENTED_EDGE('',*,*,#1177,.T.);
#581=ORIENTED_EDGE('',*,*,#1178,.T.);
#582=ORIENTED_EDGE('',*,*,#1160,.T.);
#583=ORIENTED_EDGE('',*,*,#1179,.F.);
#584=ORIENTED_EDGE('',*,*,#1158,.T.);
#585=ORIENTED_EDGE('',*,*,#1180,.T.);
#586=ORIENTED_EDGE('',*,*,#1177,.F.);
#587=ORIENTED_EDGE('',*,*,#1181,.F.);
#588=ORIENTED_EDGE('',*,*,#1182,.F.);
#589=ORIENTED_EDGE('',*,*,#1183,.T.);
#590=ORIENTED_EDGE('',*,*,#1184,.T.);
#591=ORIENTED_EDGE('',*,*,#1185,.T.);
#592=ORIENTED_EDGE('',*,*,#1186,.F.);
#593=ORIENTED_EDGE('',*,*,#1187,.T.);
#594=ORIENTED_EDGE('',*,*,#1182,.T.);
#595=ORIENTED_EDGE('',*,*,#1188,.T.);
#596=ORIENTED_EDGE('',*,*,#1189,.F.);
#597=ORIENTED_EDGE('',*,*,#1190,.T.);
#598=ORIENTED_EDGE('',*,*,#1186,.T.);
#599=ORIENTED_EDGE('',*,*,#1191,.F.);
#600=ORIENTED_EDGE('',*,*,#1192,.F.);
#601=ORIENTED_EDGE('',*,*,#1193,.T.);
#602=ORIENTED_EDGE('',*,*,#1189,.T.);
#603=ORIENTED_EDGE('',*,*,#1194,.T.);
#604=ORIENTED_EDGE('',*,*,#1195,.T.);
#605=ORIENTED_EDGE('',*,*,#1196,.T.);
#606=ORIENTED_EDGE('',*,*,#1192,.T.);
#607=ORIENTED_EDGE('',*,*,#1197,.T.);
#608=ORIENTED_EDGE('',*,*,#1198,.F.);
#609=ORIENTED_EDGE('',*,*,#1199,.T.);
#610=ORIENTED_EDGE('',*,*,#1200,.T.);
#611=ORIENTED_EDGE('',*,*,#1201,.F.);
#612=ORIENTED_EDGE('',*,*,#1202,.F.);
#613=ORIENTED_EDGE('',*,*,#1203,.T.);
#614=ORIENTED_EDGE('',*,*,#1198,.T.);
#615=ORIENTED_EDGE('',*,*,#1204,.F.);
#616=ORIENTED_EDGE('',*,*,#1205,.F.);
#617=ORIENTED_EDGE('',*,*,#1206,.T.);
#618=ORIENTED_EDGE('',*,*,#1202,.T.);
#619=ORIENTED_EDGE('',*,*,#1207,.T.);
#620=ORIENTED_EDGE('',*,*,#1208,.F.);
#621=ORIENTED_EDGE('',*,*,#1209,.T.);
#622=ORIENTED_EDGE('',*,*,#1205,.T.);
#623=ORIENTED_EDGE('',*,*,#1210,.F.);
#624=ORIENTED_EDGE('',*,*,#1211,.T.);
#625=ORIENTED_EDGE('',*,*,#1212,.T.);
#626=ORIENTED_EDGE('',*,*,#1208,.T.);
#627=ORIENTED_EDGE('',*,*,#1213,.F.);
#628=ORIENTED_EDGE('',*,*,#1119,.F.);
#629=ORIENTED_EDGE('',*,*,#1214,.T.);
#630=ORIENTED_EDGE('',*,*,#1195,.F.);
#631=ORIENTED_EDGE('',*,*,#1215,.F.);
#632=ORIENTED_EDGE('',*,*,#1216,.F.);
#633=ORIENTED_EDGE('',*,*,#1217,.F.);
#634=ORIENTED_EDGE('',*,*,#1184,.F.);
#635=ORIENTED_EDGE('',*,*,#1218,.T.);
#636=ORIENTED_EDGE('',*,*,#1162,.F.);
#637=ORIENTED_EDGE('',*,*,#1219,.F.);
#638=ORIENTED_EDGE('',*,*,#1220,.F.);
#639=ORIENTED_EDGE('',*,*,#1221,.F.);
#640=ORIENTED_EDGE('',*,*,#1141,.F.);
#641=ORIENTED_EDGE('',*,*,#1222,.T.);
#642=ORIENTED_EDGE('',*,*,#1211,.F.);
#643=ORIENTED_EDGE('',*,*,#1223,.F.);
#644=ORIENTED_EDGE('',*,*,#1200,.F.);
#645=ORIENTED_EDGE('',*,*,#1224,.T.);
#646=ORIENTED_EDGE('',*,*,#1098,.F.);
#647=ORIENTED_EDGE('',*,*,#1225,.F.);
#648=ORIENTED_EDGE('',*,*,#1226,.F.);
#649=ORIENTED_EDGE('',*,*,#1227,.T.);
#650=ORIENTED_EDGE('',*,*,#1228,.T.);
#651=ORIENTED_EDGE('',*,*,#1229,.T.);
#652=ORIENTED_EDGE('',*,*,#1230,.T.);
#653=ORIENTED_EDGE('',*,*,#1231,.T.);
#654=ORIENTED_EDGE('',*,*,#1232,.T.);
#655=ORIENTED_EDGE('',*,*,#1233,.T.);
#656=ORIENTED_EDGE('',*,*,#1234,.T.);
#657=ORIENTED_EDGE('',*,*,#1235,.T.);
#658=ORIENTED_EDGE('',*,*,#1236,.T.);
#659=ORIENTED_EDGE('',*,*,#1237,.T.);
#660=ORIENTED_EDGE('',*,*,#1238,.T.);
#661=ORIENTED_EDGE('',*,*,#1239,.T.);
#662=ORIENTED_EDGE('',*,*,#1240,.T.);
#663=ORIENTED_EDGE('',*,*,#1241,.T.);
#664=ORIENTED_EDGE('',*,*,#1242,.F.);
#665=ORIENTED_EDGE('',*,*,#1228,.F.);
#666=ORIENTED_EDGE('',*,*,#1243,.F.);
#667=ORIENTED_EDGE('',*,*,#1244,.T.);
#668=ORIENTED_EDGE('',*,*,#1245,.T.);
#669=ORIENTED_EDGE('',*,*,#1100,.F.);
#670=ORIENTED_EDGE('',*,*,#1246,.T.);
#671=ORIENTED_EDGE('',*,*,#1247,.T.);
#672=ORIENTED_EDGE('',*,*,#1248,.F.);
#673=ORIENTED_EDGE('',*,*,#1123,.F.);
#674=ORIENTED_EDGE('',*,*,#1249,.T.);
#675=ORIENTED_EDGE('',*,*,#1243,.T.);
#676=ORIENTED_EDGE('',*,*,#1227,.F.);
#677=ORIENTED_EDGE('',*,*,#1250,.F.);
#678=ORIENTED_EDGE('',*,*,#1237,.F.);
#679=ORIENTED_EDGE('',*,*,#1251,.F.);
#680=ORIENTED_EDGE('',*,*,#1122,.F.);
#681=ORIENTED_EDGE('',*,*,#1251,.T.);
#682=ORIENTED_EDGE('',*,*,#1236,.F.);
#683=ORIENTED_EDGE('',*,*,#1252,.F.);
#684=ORIENTED_EDGE('',*,*,#1244,.F.);
#685=ORIENTED_EDGE('',*,*,#1249,.F.);
#686=ORIENTED_EDGE('',*,*,#1250,.T.);
#687=ORIENTED_EDGE('',*,*,#1136,.F.);
#688=ORIENTED_EDGE('',*,*,#1253,.F.);
#689=ORIENTED_EDGE('',*,*,#1238,.F.);
#690=ORIENTED_EDGE('',*,*,#1252,.T.);
#691=ORIENTED_EDGE('',*,*,#1235,.F.);
#692=ORIENTED_EDGE('',*,*,#1254,.F.);
#693=ORIENTED_EDGE('',*,*,#1245,.F.);
#694=ORIENTED_EDGE('',*,*,#1253,.T.);
#695=ORIENTED_EDGE('',*,*,#1138,.F.);
#696=ORIENTED_EDGE('',*,*,#1255,.F.);
#697=ORIENTED_EDGE('',*,*,#1239,.F.);
#698=ORIENTED_EDGE('',*,*,#1254,.T.);
#699=ORIENTED_EDGE('',*,*,#1234,.F.);
#700=ORIENTED_EDGE('',*,*,#1256,.F.);
#701=ORIENTED_EDGE('',*,*,#1101,.F.);
#702=ORIENTED_EDGE('',*,*,#1255,.T.);
#703=ORIENTED_EDGE('',*,*,#1116,.F.);
#704=ORIENTED_EDGE('',*,*,#1257,.F.);
#705=ORIENTED_EDGE('',*,*,#1240,.F.);
#706=ORIENTED_EDGE('',*,*,#1256,.T.);
#707=ORIENTED_EDGE('',*,*,#1233,.F.);
#708=ORIENTED_EDGE('',*,*,#1258,.F.);
#709=ORIENTED_EDGE('',*,*,#1125,.F.);
#710=ORIENTED_EDGE('',*,*,#1257,.T.);
#711=ORIENTED_EDGE('',*,*,#1133,.F.);
#712=ORIENTED_EDGE('',*,*,#1259,.F.);
#713=ORIENTED_EDGE('',*,*,#1241,.F.);
#714=ORIENTED_EDGE('',*,*,#1258,.T.);
#715=ORIENTED_EDGE('',*,*,#1232,.F.);
#716=ORIENTED_EDGE('',*,*,#1260,.F.);
#717=ORIENTED_EDGE('',*,*,#1128,.F.);
#718=ORIENTED_EDGE('',*,*,#1259,.T.);
#719=ORIENTED_EDGE('',*,*,#1131,.F.);
#720=ORIENTED_EDGE('',*,*,#1261,.F.);
#721=ORIENTED_EDGE('',*,*,#1230,.F.);
#722=ORIENTED_EDGE('',*,*,#1260,.T.);
#723=ORIENTED_EDGE('',*,*,#1231,.F.);
#724=ORIENTED_EDGE('',*,*,#1261,.T.);
#725=ORIENTED_EDGE('',*,*,#1112,.F.);
#726=ORIENTED_EDGE('',*,*,#1262,.T.);
#727=ORIENTED_EDGE('',*,*,#1263,.T.);
#728=ORIENTED_EDGE('',*,*,#1262,.F.);
#729=ORIENTED_EDGE('',*,*,#1229,.F.);
#730=ORIENTED_EDGE('',*,*,#1264,.F.);
#731=ORIENTED_EDGE('',*,*,#1265,.F.);
#732=ORIENTED_EDGE('',*,*,#1266,.F.);
#733=ORIENTED_EDGE('',*,*,#1267,.F.);
#734=ORIENTED_EDGE('',*,*,#1268,.F.);
#735=ORIENTED_EDGE('',*,*,#1269,.F.);
#736=ORIENTED_EDGE('',*,*,#1270,.F.);
#737=ORIENTED_EDGE('',*,*,#1271,.F.);
#738=ORIENTED_EDGE('',*,*,#1272,.F.);
#739=ORIENTED_EDGE('',*,*,#1273,.F.);
#740=ORIENTED_EDGE('',*,*,#1274,.F.);
#741=ORIENTED_EDGE('',*,*,#1275,.F.);
#742=ORIENTED_EDGE('',*,*,#1276,.F.);
#743=ORIENTED_EDGE('',*,*,#1277,.F.);
#744=ORIENTED_EDGE('',*,*,#1278,.F.);
#745=ORIENTED_EDGE('',*,*,#1279,.F.);
#746=ORIENTED_EDGE('',*,*,#1280,.F.);
#747=ORIENTED_EDGE('',*,*,#1281,.T.);
#748=ORIENTED_EDGE('',*,*,#1282,.T.);
#749=ORIENTED_EDGE('',*,*,#1139,.T.);
#750=ORIENTED_EDGE('',*,*,#1283,.F.);
#751=ORIENTED_EDGE('',*,*,#1284,.F.);
#752=ORIENTED_EDGE('',*,*,#1285,.T.);
#753=ORIENTED_EDGE('',*,*,#1278,.T.);
#754=ORIENTED_EDGE('',*,*,#1286,.F.);
#755=ORIENTED_EDGE('',*,*,#1279,.T.);
#756=ORIENTED_EDGE('',*,*,#1285,.F.);
#757=ORIENTED_EDGE('',*,*,#1287,.F.);
#758=ORIENTED_EDGE('',*,*,#1165,.T.);
#759=ORIENTED_EDGE('',*,*,#1288,.T.);
#760=ORIENTED_EDGE('',*,*,#1166,.T.);
#761=ORIENTED_EDGE('',*,*,#1289,.T.);
#762=ORIENTED_EDGE('',*,*,#1270,.T.);
#763=ORIENTED_EDGE('',*,*,#1289,.F.);
#764=ORIENTED_EDGE('',*,*,#1287,.T.);
#765=ORIENTED_EDGE('',*,*,#1284,.T.);
#766=ORIENTED_EDGE('',*,*,#1290,.T.);
#767=ORIENTED_EDGE('',*,*,#1271,.T.);
#768=ORIENTED_EDGE('',*,*,#1288,.F.);
#769=ORIENTED_EDGE('',*,*,#1269,.T.);
#770=ORIENTED_EDGE('',*,*,#1291,.T.);
#771=ORIENTED_EDGE('',*,*,#1179,.T.);
#772=ORIENTED_EDGE('',*,*,#1290,.F.);
#773=ORIENTED_EDGE('',*,*,#1283,.T.);
#774=ORIENTED_EDGE('',*,*,#1292,.T.);
#775=ORIENTED_EDGE('',*,*,#1272,.T.);
#776=ORIENTED_EDGE('',*,*,#1291,.F.);
#777=ORIENTED_EDGE('',*,*,#1268,.T.);
#778=ORIENTED_EDGE('',*,*,#1293,.T.);
#779=ORIENTED_EDGE('',*,*,#1181,.T.);
#780=ORIENTED_EDGE('',*,*,#1292,.F.);
#781=ORIENTED_EDGE('',*,*,#1144,.T.);
#782=ORIENTED_EDGE('',*,*,#1294,.T.);
#783=ORIENTED_EDGE('',*,*,#1273,.T.);
#784=ORIENTED_EDGE('',*,*,#1293,.F.);
#785=ORIENTED_EDGE('',*,*,#1267,.T.);
#786=ORIENTED_EDGE('',*,*,#1295,.T.);
#787=ORIENTED_EDGE('',*,*,#1159,.T.);
#788=ORIENTED_EDGE('',*,*,#1294,.F.);
#789=ORIENTED_EDGE('',*,*,#1169,.T.);
#790=ORIENTED_EDGE('',*,*,#1296,.T.);
#791=ORIENTED_EDGE('',*,*,#1274,.T.);
#792=ORIENTED_EDGE('',*,*,#1295,.F.);
#793=ORIENTED_EDGE('',*,*,#1266,.T.);
#794=ORIENTED_EDGE('',*,*,#1297,.T.);
#795=ORIENTED_EDGE('',*,*,#1176,.T.);
#796=ORIENTED_EDGE('',*,*,#1296,.F.);
#797=ORIENTED_EDGE('',*,*,#1171,.T.);
#798=ORIENTED_EDGE('',*,*,#1298,.T.);
#799=ORIENTED_EDGE('',*,*,#1275,.T.);
#800=ORIENTED_EDGE('',*,*,#1297,.F.);
#801=ORIENTED_EDGE('',*,*,#1265,.T.);
#802=ORIENTED_EDGE('',*,*,#1299,.T.);
#803=ORIENTED_EDGE('',*,*,#1174,.T.);
#804=ORIENTED_EDGE('',*,*,#1298,.F.);
#805=ORIENTED_EDGE('',*,*,#1155,.T.);
#806=ORIENTED_EDGE('',*,*,#1299,.F.);
#807=ORIENTED_EDGE('',*,*,#1276,.T.);
#808=ORIENTED_EDGE('',*,*,#1300,.F.);
#809=ORIENTED_EDGE('',*,*,#1301,.F.);
#810=ORIENTED_EDGE('',*,*,#1300,.T.);
#811=ORIENTED_EDGE('',*,*,#1264,.T.);
#812=ORIENTED_EDGE('',*,*,#1164,.T.);
#813=ORIENTED_EDGE('',*,*,#1302,.T.);
#814=ORIENTED_EDGE('',*,*,#1303,.T.);
#815=ORIENTED_EDGE('',*,*,#1304,.T.);
#816=ORIENTED_EDGE('',*,*,#1305,.T.);
#817=ORIENTED_EDGE('',*,*,#1306,.T.);
#818=ORIENTED_EDGE('',*,*,#1307,.T.);
#819=ORIENTED_EDGE('',*,*,#1308,.T.);
#820=ORIENTED_EDGE('',*,*,#1117,.T.);
#821=ORIENTED_EDGE('',*,*,#1248,.T.);
#822=ORIENTED_EDGE('',*,*,#1226,.T.);
#823=ORIENTED_EDGE('',*,*,#1242,.T.);
#824=ORIENTED_EDGE('',*,*,#1309,.T.);
#825=ORIENTED_EDGE('',*,*,#1310,.T.);
#826=ORIENTED_EDGE('',*,*,#1311,.T.);
#827=ORIENTED_EDGE('',*,*,#1312,.T.);
#828=ORIENTED_EDGE('',*,*,#1313,.T.);
#829=ORIENTED_EDGE('',*,*,#1280,.T.);
#830=ORIENTED_EDGE('',*,*,#1277,.T.);
#831=ORIENTED_EDGE('',*,*,#1286,.T.);
#832=ORIENTED_EDGE('',*,*,#1157,.F.);
#833=ORIENTED_EDGE('',*,*,#1314,.F.);
#834=ORIENTED_EDGE('',*,*,#1315,.F.);
#835=ORIENTED_EDGE('',*,*,#1316,.T.);
#836=ORIENTED_EDGE('',*,*,#1317,.T.);
#837=ORIENTED_EDGE('',*,*,#1318,.T.);
#838=ORIENTED_EDGE('',*,*,#1175,.F.);
#839=ORIENTED_EDGE('',*,*,#1319,.F.);
#840=ORIENTED_EDGE('',*,*,#1314,.T.);
#841=ORIENTED_EDGE('',*,*,#1172,.F.);
#842=ORIENTED_EDGE('',*,*,#1320,.F.);
#843=ORIENTED_EDGE('',*,*,#1315,.T.);
#844=ORIENTED_EDGE('',*,*,#1319,.T.);
#845=ORIENTED_EDGE('',*,*,#1094,.F.);
#846=ORIENTED_EDGE('',*,*,#1153,.F.);
#847=ORIENTED_EDGE('',*,*,#1321,.F.);
#848=ORIENTED_EDGE('',*,*,#1322,.T.);
#849=ORIENTED_EDGE('',*,*,#1316,.F.);
#850=ORIENTED_EDGE('',*,*,#1320,.T.);
#851=ORIENTED_EDGE('',*,*,#1170,.F.);
#852=ORIENTED_EDGE('',*,*,#1323,.F.);
#853=ORIENTED_EDGE('',*,*,#1324,.T.);
#854=ORIENTED_EDGE('',*,*,#1321,.T.);
#855=ORIENTED_EDGE('',*,*,#1146,.F.);
#856=ORIENTED_EDGE('',*,*,#1325,.F.);
#857=ORIENTED_EDGE('',*,*,#1326,.T.);
#858=ORIENTED_EDGE('',*,*,#1323,.T.);
#859=ORIENTED_EDGE('',*,*,#1150,.F.);
#860=ORIENTED_EDGE('',*,*,#1149,.F.);
#861=ORIENTED_EDGE('',*,*,#1148,.F.);
#862=ORIENTED_EDGE('',*,*,#1147,.F.);
#863=ORIENTED_EDGE('',*,*,#1167,.F.);
#864=ORIENTED_EDGE('',*,*,#1327,.F.);
#865=ORIENTED_EDGE('',*,*,#1328,.T.);
#866=ORIENTED_EDGE('',*,*,#1325,.T.);
#867=ORIENTED_EDGE('',*,*,#1142,.F.);
#868=ORIENTED_EDGE('',*,*,#1329,.F.);
#869=ORIENTED_EDGE('',*,*,#1330,.T.);
#870=ORIENTED_EDGE('',*,*,#1327,.T.);
#871=ORIENTED_EDGE('',*,*,#1223,.T.);
#872=ORIENTED_EDGE('',*,*,#1331,.F.);
#873=ORIENTED_EDGE('',*,*,#1332,.F.);
#874=ORIENTED_EDGE('',*,*,#1329,.T.);
#875=ORIENTED_EDGE('',*,*,#1213,.T.);
#876=ORIENTED_EDGE('',*,*,#1333,.F.);
#877=ORIENTED_EDGE('',*,*,#1334,.F.);
#878=ORIENTED_EDGE('',*,*,#1331,.T.);
#879=ORIENTED_EDGE('',*,*,#1210,.T.);
#880=ORIENTED_EDGE('',*,*,#1335,.F.);
#881=ORIENTED_EDGE('',*,*,#1336,.F.);
#882=ORIENTED_EDGE('',*,*,#1333,.T.);
#883=ORIENTED_EDGE('',*,*,#1207,.F.);
#884=ORIENTED_EDGE('',*,*,#1337,.F.);
#885=ORIENTED_EDGE('',*,*,#1338,.T.);
#886=ORIENTED_EDGE('',*,*,#1335,.T.);
#887=ORIENTED_EDGE('',*,*,#1204,.T.);
#888=ORIENTED_EDGE('',*,*,#1339,.F.);
#889=ORIENTED_EDGE('',*,*,#1340,.F.);
#890=ORIENTED_EDGE('',*,*,#1337,.T.);
#891=ORIENTED_EDGE('',*,*,#1201,.T.);
#892=ORIENTED_EDGE('',*,*,#1341,.F.);
#893=ORIENTED_EDGE('',*,*,#1342,.F.);
#894=ORIENTED_EDGE('',*,*,#1339,.T.);
#895=ORIENTED_EDGE('',*,*,#1225,.T.);
#896=ORIENTED_EDGE('',*,*,#1343,.F.);
#897=ORIENTED_EDGE('',*,*,#1344,.F.);
#898=ORIENTED_EDGE('',*,*,#1341,.T.);
#899=ORIENTED_EDGE('',*,*,#1097,.F.);
#900=ORIENTED_EDGE('',*,*,#1345,.F.);
#901=ORIENTED_EDGE('',*,*,#1346,.T.);
#902=ORIENTED_EDGE('',*,*,#1343,.T.);
#903=ORIENTED_EDGE('',*,*,#1124,.F.);
#904=ORIENTED_EDGE('',*,*,#1347,.F.);
#905=ORIENTED_EDGE('',*,*,#1348,.T.);
#906=ORIENTED_EDGE('',*,*,#1345,.T.);
#907=ORIENTED_EDGE('',*,*,#1103,.F.);
#908=ORIENTED_EDGE('',*,*,#1349,.F.);
#909=ORIENTED_EDGE('',*,*,#1350,.T.);
#910=ORIENTED_EDGE('',*,*,#1347,.T.);
#911=ORIENTED_EDGE('',*,*,#1107,.F.);
#912=ORIENTED_EDGE('',*,*,#1106,.F.);
#913=ORIENTED_EDGE('',*,*,#1105,.F.);
#914=ORIENTED_EDGE('',*,*,#1104,.F.);
#915=ORIENTED_EDGE('',*,*,#1127,.F.);
#916=ORIENTED_EDGE('',*,*,#1351,.F.);
#917=ORIENTED_EDGE('',*,*,#1352,.T.);
#918=ORIENTED_EDGE('',*,*,#1349,.T.);
#919=ORIENTED_EDGE('',*,*,#1110,.F.);
#920=ORIENTED_EDGE('',*,*,#1353,.F.);
#921=ORIENTED_EDGE('',*,*,#1354,.T.);
#922=ORIENTED_EDGE('',*,*,#1355,.T.);
#923=ORIENTED_EDGE('',*,*,#1351,.T.);
#924=ORIENTED_EDGE('',*,*,#1091,.F.);
#925=ORIENTED_EDGE('',*,*,#1356,.F.);
#926=ORIENTED_EDGE('',*,*,#1357,.T.);
#927=ORIENTED_EDGE('',*,*,#1353,.T.);
#928=ORIENTED_EDGE('',*,*,#1130,.F.);
#929=ORIENTED_EDGE('',*,*,#1132,.F.);
#930=ORIENTED_EDGE('',*,*,#1358,.F.);
#931=ORIENTED_EDGE('',*,*,#1356,.T.);
#932=ORIENTED_EDGE('',*,*,#1114,.F.);
#933=ORIENTED_EDGE('',*,*,#1359,.F.);
#934=ORIENTED_EDGE('',*,*,#1360,.T.);
#935=ORIENTED_EDGE('',*,*,#1354,.F.);
#936=ORIENTED_EDGE('',*,*,#1357,.F.);
#937=ORIENTED_EDGE('',*,*,#1358,.T.);
#938=ORIENTED_EDGE('',*,*,#1137,.F.);
#939=ORIENTED_EDGE('',*,*,#1361,.F.);
#940=ORIENTED_EDGE('',*,*,#1362,.T.);
#941=ORIENTED_EDGE('',*,*,#1359,.T.);
#942=ORIENTED_EDGE('',*,*,#1134,.F.);
#943=ORIENTED_EDGE('',*,*,#1363,.F.);
#944=ORIENTED_EDGE('',*,*,#1364,.T.);
#945=ORIENTED_EDGE('',*,*,#1361,.T.);
#946=ORIENTED_EDGE('',*,*,#1120,.F.);
#947=ORIENTED_EDGE('',*,*,#1365,.F.);
#948=ORIENTED_EDGE('',*,*,#1366,.T.);
#949=ORIENTED_EDGE('',*,*,#1363,.T.);
#950=ORIENTED_EDGE('',*,*,#1217,.T.);
#951=ORIENTED_EDGE('',*,*,#1216,.T.);
#952=ORIENTED_EDGE('',*,*,#1215,.T.);
#953=ORIENTED_EDGE('',*,*,#1367,.F.);
#954=ORIENTED_EDGE('',*,*,#1368,.F.);
#955=ORIENTED_EDGE('',*,*,#1365,.T.);
#956=ORIENTED_EDGE('',*,*,#1197,.F.);
#957=ORIENTED_EDGE('',*,*,#1369,.F.);
#958=ORIENTED_EDGE('',*,*,#1370,.T.);
#959=ORIENTED_EDGE('',*,*,#1367,.T.);
#960=ORIENTED_EDGE('',*,*,#1194,.F.);
#961=ORIENTED_EDGE('',*,*,#1371,.F.);
#962=ORIENTED_EDGE('',*,*,#1372,.T.);
#963=ORIENTED_EDGE('',*,*,#1369,.T.);
#964=ORIENTED_EDGE('',*,*,#1191,.T.);
#965=ORIENTED_EDGE('',*,*,#1373,.F.);
#966=ORIENTED_EDGE('',*,*,#1374,.F.);
#967=ORIENTED_EDGE('',*,*,#1371,.T.);
#968=ORIENTED_EDGE('',*,*,#1188,.F.);
#969=ORIENTED_EDGE('',*,*,#1375,.F.);
#970=ORIENTED_EDGE('',*,*,#1376,.T.);
#971=ORIENTED_EDGE('',*,*,#1373,.T.);
#972=ORIENTED_EDGE('',*,*,#1185,.F.);
#973=ORIENTED_EDGE('',*,*,#1377,.F.);
#974=ORIENTED_EDGE('',*,*,#1378,.T.);
#975=ORIENTED_EDGE('',*,*,#1375,.T.);
#976=ORIENTED_EDGE('',*,*,#1221,.T.);
#977=ORIENTED_EDGE('',*,*,#1220,.T.);
#978=ORIENTED_EDGE('',*,*,#1219,.T.);
#979=ORIENTED_EDGE('',*,*,#1379,.F.);
#980=ORIENTED_EDGE('',*,*,#1380,.F.);
#981=ORIENTED_EDGE('',*,*,#1377,.T.);
#982=ORIENTED_EDGE('',*,*,#1161,.F.);
#983=ORIENTED_EDGE('',*,*,#1381,.F.);
#984=ORIENTED_EDGE('',*,*,#1382,.T.);
#985=ORIENTED_EDGE('',*,*,#1379,.T.);
#986=ORIENTED_EDGE('',*,*,#1178,.F.);
#987=ORIENTED_EDGE('',*,*,#1383,.F.);
#988=ORIENTED_EDGE('',*,*,#1384,.T.);
#989=ORIENTED_EDGE('',*,*,#1381,.T.);
#990=ORIENTED_EDGE('',*,*,#1385,.F.);
#991=ORIENTED_EDGE('',*,*,#1301,.T.);
#992=ORIENTED_EDGE('',*,*,#1386,.T.);
#993=ORIENTED_EDGE('',*,*,#1263,.F.);
#994=ORIENTED_EDGE('',*,*,#1180,.F.);
#995=ORIENTED_EDGE('',*,*,#1318,.F.);
#996=ORIENTED_EDGE('',*,*,#1387,.T.);
#997=ORIENTED_EDGE('',*,*,#1383,.T.);
#998=ORIENTED_EDGE('',*,*,#1386,.F.);
#999=ORIENTED_EDGE('',*,*,#1385,.T.);
#1000=ORIENTED_EDGE('',*,*,#1317,.F.);
#1001=ORIENTED_EDGE('',*,*,#1322,.F.);
#1002=ORIENTED_EDGE('',*,*,#1324,.F.);
#1003=ORIENTED_EDGE('',*,*,#1326,.F.);
#1004=ORIENTED_EDGE('',*,*,#1328,.F.);
#1005=ORIENTED_EDGE('',*,*,#1330,.F.);
#1006=ORIENTED_EDGE('',*,*,#1332,.T.);
#1007=ORIENTED_EDGE('',*,*,#1334,.T.);
#1008=ORIENTED_EDGE('',*,*,#1336,.T.);
#1009=ORIENTED_EDGE('',*,*,#1338,.F.);
#1010=ORIENTED_EDGE('',*,*,#1340,.T.);
#1011=ORIENTED_EDGE('',*,*,#1342,.T.);
#1012=ORIENTED_EDGE('',*,*,#1344,.T.);
#1013=ORIENTED_EDGE('',*,*,#1346,.F.);
#1014=ORIENTED_EDGE('',*,*,#1348,.F.);
#1015=ORIENTED_EDGE('',*,*,#1350,.F.);
#1016=ORIENTED_EDGE('',*,*,#1352,.F.);
#1017=ORIENTED_EDGE('',*,*,#1355,.F.);
#1018=ORIENTED_EDGE('',*,*,#1360,.F.);
#1019=ORIENTED_EDGE('',*,*,#1362,.F.);
#1020=ORIENTED_EDGE('',*,*,#1364,.F.);
#1021=ORIENTED_EDGE('',*,*,#1366,.F.);
#1022=ORIENTED_EDGE('',*,*,#1368,.T.);
#1023=ORIENTED_EDGE('',*,*,#1370,.F.);
#1024=ORIENTED_EDGE('',*,*,#1372,.F.);
#1025=ORIENTED_EDGE('',*,*,#1374,.T.);
#1026=ORIENTED_EDGE('',*,*,#1376,.F.);
#1027=ORIENTED_EDGE('',*,*,#1378,.F.);
#1028=ORIENTED_EDGE('',*,*,#1380,.T.);
#1029=ORIENTED_EDGE('',*,*,#1382,.F.);
#1030=ORIENTED_EDGE('',*,*,#1384,.F.);
#1031=ORIENTED_EDGE('',*,*,#1387,.F.);
#1032=ORIENTED_EDGE('',*,*,#1118,.F.);
#1033=ORIENTED_EDGE('',*,*,#1308,.F.);
#1034=ORIENTED_EDGE('',*,*,#1388,.F.);
#1035=ORIENTED_EDGE('',*,*,#1214,.F.);
#1036=ORIENTED_EDGE('',*,*,#1388,.T.);
#1037=ORIENTED_EDGE('',*,*,#1307,.F.);
#1038=ORIENTED_EDGE('',*,*,#1389,.F.);
#1039=ORIENTED_EDGE('',*,*,#1196,.F.);
#1040=ORIENTED_EDGE('',*,*,#1389,.T.);
#1041=ORIENTED_EDGE('',*,*,#1306,.F.);
#1042=ORIENTED_EDGE('',*,*,#1390,.F.);
#1043=ORIENTED_EDGE('',*,*,#1193,.F.);
#1044=ORIENTED_EDGE('',*,*,#1390,.T.);
#1045=ORIENTED_EDGE('',*,*,#1305,.F.);
#1046=ORIENTED_EDGE('',*,*,#1391,.F.);
#1047=ORIENTED_EDGE('',*,*,#1190,.F.);
#1048=ORIENTED_EDGE('',*,*,#1391,.T.);
#1049=ORIENTED_EDGE('',*,*,#1304,.F.);
#1050=ORIENTED_EDGE('',*,*,#1392,.F.);
#1051=ORIENTED_EDGE('',*,*,#1187,.F.);
#1052=ORIENTED_EDGE('',*,*,#1392,.T.);
#1053=ORIENTED_EDGE('',*,*,#1303,.F.);
#1054=ORIENTED_EDGE('',*,*,#1393,.F.);
#1055=ORIENTED_EDGE('',*,*,#1183,.F.);
#1056=ORIENTED_EDGE('',*,*,#1163,.F.);
#1057=ORIENTED_EDGE('',*,*,#1218,.F.);
#1058=ORIENTED_EDGE('',*,*,#1393,.T.);
#1059=ORIENTED_EDGE('',*,*,#1302,.F.);
#1060=ORIENTED_EDGE('',*,*,#1099,.F.);
#1061=ORIENTED_EDGE('',*,*,#1224,.F.);
#1062=ORIENTED_EDGE('',*,*,#1394,.F.);
#1063=ORIENTED_EDGE('',*,*,#1246,.F.);
#1064=ORIENTED_EDGE('',*,*,#1394,.T.);
#1065=ORIENTED_EDGE('',*,*,#1199,.F.);
#1066=ORIENTED_EDGE('',*,*,#1395,.F.);
#1067=ORIENTED_EDGE('',*,*,#1309,.F.);
#1068=ORIENTED_EDGE('',*,*,#1247,.F.);
#1069=ORIENTED_EDGE('',*,*,#1395,.T.);
#1070=ORIENTED_EDGE('',*,*,#1203,.F.);
#1071=ORIENTED_EDGE('',*,*,#1396,.F.);
#1072=ORIENTED_EDGE('',*,*,#1310,.F.);
#1073=ORIENTED_EDGE('',*,*,#1396,.T.);
#1074=ORIENTED_EDGE('',*,*,#1206,.F.);
#1075=ORIENTED_EDGE('',*,*,#1397,.F.);
#1076=ORIENTED_EDGE('',*,*,#1311,.F.);
#1077=ORIENTED_EDGE('',*,*,#1397,.T.);
#1078=ORIENTED_EDGE('',*,*,#1209,.F.);
#1079=ORIENTED_EDGE('',*,*,#1398,.F.);
#1080=ORIENTED_EDGE('',*,*,#1312,.F.);
#1081=ORIENTED_EDGE('',*,*,#1398,.T.);
#1082=ORIENTED_EDGE('',*,*,#1212,.F.);
#1083=ORIENTED_EDGE('',*,*,#1399,.F.);
#1084=ORIENTED_EDGE('',*,*,#1281,.F.);
#1085=ORIENTED_EDGE('',*,*,#1313,.F.);
#1086=ORIENTED_EDGE('',*,*,#1399,.T.);
#1087=ORIENTED_EDGE('',*,*,#1222,.F.);
#1088=ORIENTED_EDGE('',*,*,#1140,.F.);
#1089=ORIENTED_EDGE('',*,*,#1282,.F.);
#1090=EDGE_CURVE('',#1400,#1401,#1590,.F.);
#1091=EDGE_CURVE('',#1400,#1402,#328,.T.);
#1092=EDGE_CURVE('',#1401,#1402,#320,.F.);
#1093=EDGE_CURVE('',#1403,#1404,#321,.F.);
#1094=EDGE_CURVE('',#1403,#1405,#329,.T.);
#1095=EDGE_CURVE('',#1404,#1405,#1591,.F.);
#1096=EDGE_CURVE('',#1406,#1407,#330,.T.);
#1097=EDGE_CURVE('',#1407,#1408,#331,.T.);
#1098=EDGE_CURVE('',#1408,#1409,#332,.T.);
#1099=EDGE_CURVE('',#1409,#1410,#333,.T.);
#1100=EDGE_CURVE('',#1410,#1411,#334,.T.);
#1101=EDGE_CURVE('',#1411,#1406,#335,.T.);
#1102=EDGE_CURVE('',#1412,#1413,#336,.T.);
#1103=EDGE_CURVE('',#1413,#1414,#337,.T.);
#1104=EDGE_CURVE('',#1414,#1415,#338,.T.);
#1105=EDGE_CURVE('',#1415,#1416,#339,.T.);
#1106=EDGE_CURVE('',#1416,#1417,#340,.T.);
#1107=EDGE_CURVE('',#1417,#1418,#341,.T.);
#1108=EDGE_CURVE('',#1418,#1412,#342,.T.);
#1109=EDGE_CURVE('',#1419,#1420,#68,.F.);
#1110=EDGE_CURVE('',#1420,#1421,#69,.T.);
#1111=EDGE_CURVE('',#1421,#1422,#343,.F.);
#1112=EDGE_CURVE('',#1422,#1419,#70,.T.);
#1113=EDGE_CURVE('',#1423,#1424,#71,.F.);
#1114=EDGE_CURVE('',#1424,#1425,#72,.F.);
#1115=EDGE_CURVE('',#1425,#1426,#73,.T.);
#1116=EDGE_CURVE('',#1426,#1423,#74,.F.);
#1117=EDGE_CURVE('',#1427,#1428,#75,.F.);
#1118=EDGE_CURVE('',#1427,#1429,#344,.T.);
#1119=EDGE_CURVE('',#1429,#1430,#76,.F.);
#1120=EDGE_CURVE('',#1430,#1431,#77,.F.);
#1121=EDGE_CURVE('',#1431,#1432,#78,.T.);
#1122=EDGE_CURVE('',#1432,#1433,#79,.F.);
#1123=EDGE_CURVE('',#1433,#1428,#80,.F.);
#1124=EDGE_CURVE('',#1418,#1407,#345,.T.);
#1125=EDGE_CURVE('',#1406,#1434,#346,.F.);
#1126=EDGE_CURVE('',#1412,#1434,#347,.T.);
#1127=EDGE_CURVE('',#1421,#1413,#348,.T.);
#1128=EDGE_CURVE('',#1434,#1422,#349,.F.);
#1129=EDGE_CURVE('',#1401,#1435,#322,.F.);
#1130=EDGE_CURVE('',#1402,#1420,#350,.T.);
#1131=EDGE_CURVE('',#1419,#1435,#351,.T.);
#1132=EDGE_CURVE('',#1425,#1400,#1592,.F.);
#1133=EDGE_CURVE('',#1435,#1426,#1593,.T.);
#1134=EDGE_CURVE('',#1431,#1436,#1594,.F.);
#1135=EDGE_CURVE('',#1437,#1436,#81,.T.);
#1136=EDGE_CURVE('',#1437,#1432,#1595,.T.);
#1137=EDGE_CURVE('',#1436,#1424,#1596,.F.);
#1138=EDGE_CURVE('',#1423,#1437,#1597,.T.);
#1139=EDGE_CURVE('',#1438,#1439,#352,.T.);
#1140=EDGE_CURVE('',#1438,#1440,#353,.T.);
#1141=EDGE_CURVE('',#1440,#1441,#354,.T.);
#1142=EDGE_CURVE('',#1441,#1442,#355,.T.);
#1143=EDGE_CURVE('',#1443,#1442,#356,.T.);
#1144=EDGE_CURVE('',#1439,#1443,#357,.T.);
#1145=EDGE_CURVE('',#1444,#1445,#358,.T.);
#1146=EDGE_CURVE('',#1444,#1446,#359,.T.);
#1147=EDGE_CURVE('',#1446,#1447,#360,.T.);
#1148=EDGE_CURVE('',#1447,#1448,#361,.T.);
#1149=EDGE_CURVE('',#1448,#1449,#362,.T.);
#1150=EDGE_CURVE('',#1449,#1450,#363,.T.);
#1151=EDGE_CURVE('',#1445,#1450,#364,.T.);
#1152=EDGE_CURVE('',#1451,#1452,#365,.F.);
#1153=EDGE_CURVE('',#1451,#1453,#82,.T.);
#1154=EDGE_CURVE('',#1454,#1453,#83,.F.);
#1155=EDGE_CURVE('',#1452,#1454,#84,.T.);
#1156=EDGE_CURVE('',#1455,#1456,#85,.T.);
#1157=EDGE_CURVE('',#1455,#1457,#86,.F.);
#1158=EDGE_CURVE('',#1458,#1457,#87,.F.);
#1159=EDGE_CURVE('',#1456,#1458,#88,.F.);
#1160=EDGE_CURVE('',#1459,#1460,#89,.T.);
#1161=EDGE_CURVE('',#1459,#1461,#90,.F.);
#1162=EDGE_CURVE('',#1461,#1462,#91,.F.);
#1163=EDGE_CURVE('',#1462,#1463,#366,.T.);
#1164=EDGE_CURVE('',#1464,#1463,#92,.F.);
#1165=EDGE_CURVE('',#1465,#1464,#93,.F.);
#1166=EDGE_CURVE('',#1460,#1465,#94,.F.);
#1167=EDGE_CURVE('',#1442,#1444,#367,.T.);
#1168=EDGE_CURVE('',#1445,#1466,#368,.T.);
#1169=EDGE_CURVE('',#1443,#1466,#369,.F.);
#1170=EDGE_CURVE('',#1450,#1451,#370,.T.);
#1171=EDGE_CURVE('',#1466,#1452,#371,.F.);
#1172=EDGE_CURVE('',#1453,#1403,#372,.T.);
#1173=EDGE_CURVE('',#1404,#1467,#323,.F.);
#1174=EDGE_CURVE('',#1454,#1467,#373,.T.);
#1175=EDGE_CURVE('',#1405,#1455,#1598,.F.);
#1176=EDGE_CURVE('',#1467,#1456,#1599,.T.);
#1177=EDGE_CURVE('',#1468,#1469,#95,.T.);
#1178=EDGE_CURVE('',#1469,#1459,#1600,.F.);
#1179=EDGE_CURVE('',#1468,#1460,#1601,.T.);
#1180=EDGE_CURVE('',#1457,#1469,#1602,.F.);
#1181=EDGE_CURVE('',#1458,#1468,#1603,.T.);
#1182=EDGE_CURVE('',#1470,#1471,#96,.T.);
#1183=EDGE_CURVE('',#1470,#1472,#97,.T.);
#1184=EDGE_CURVE('',#1472,#1473,#98,.F.);
#1185=EDGE_CURVE('',#1473,#1471,#99,.T.);
#1186=EDGE_CURVE('',#1474,#1475,#100,.T.);
#1187=EDGE_CURVE('',#1474,#1470,#374,.T.);
#1188=EDGE_CURVE('',#1471,#1475,#375,.T.);
#1189=EDGE_CURVE('',#1476,#1477,#101,.T.);
#1190=EDGE_CURVE('',#1476,#1474,#102,.T.);
#1191=EDGE_CURVE('',#1477,#1475,#103,.T.);
#1192=EDGE_CURVE('',#1478,#1479,#104,.T.);
#1193=EDGE_CURVE('',#1478,#1476,#376,.T.);
#1194=EDGE_CURVE('',#1477,#1479,#377,.T.);
#1195=EDGE_CURVE('',#1480,#1481,#105,.F.);
#1196=EDGE_CURVE('',#1481,#1478,#106,.T.);
#1197=EDGE_CURVE('',#1479,#1480,#107,.T.);
#1198=EDGE_CURVE('',#1482,#1483,#108,.T.);
#1199=EDGE_CURVE('',#1482,#1484,#109,.T.);
#1200=EDGE_CURVE('',#1484,#1485,#378,.T.);
#1201=EDGE_CURVE('',#1483,#1485,#110,.T.);
#1202=EDGE_CURVE('',#1486,#1487,#111,.T.);
#1203=EDGE_CURVE('',#1486,#1482,#379,.T.);
#1204=EDGE_CURVE('',#1487,#1483,#380,.T.);
#1205=EDGE_CURVE('',#1488,#1489,#112,.T.);
#1206=EDGE_CURVE('',#1488,#1486,#113,.T.);
#1207=EDGE_CURVE('',#1487,#1489,#114,.T.);
#1208=EDGE_CURVE('',#1490,#1491,#115,.T.);
#1209=EDGE_CURVE('',#1490,#1488,#381,.T.);
#1210=EDGE_CURVE('',#1491,#1489,#382,.T.);
#1211=EDGE_CURVE('',#1492,#1493,#383,.F.);
#1212=EDGE_CURVE('',#1493,#1490,#116,.T.);
#1213=EDGE_CURVE('',#1492,#1491,#117,.T.);
#1214=EDGE_CURVE('',#1429,#1481,#384,.T.);
#1215=EDGE_CURVE('',#1494,#1480,#385,.T.);
#1216=EDGE_CURVE('',#1495,#1494,#386,.T.);
#1217=EDGE_CURVE('',#1430,#1495,#387,.T.);
#1218=EDGE_CURVE('',#1472,#1462,#388,.T.);
#1219=EDGE_CURVE('',#1496,#1461,#389,.T.);
#1220=EDGE_CURVE('',#1497,#1496,#390,.T.);
#1221=EDGE_CURVE('',#1473,#1497,#391,.T.);
#1222=EDGE_CURVE('',#1440,#1493,#392,.F.);
#1223=EDGE_CURVE('',#1441,#1492,#393,.T.);
#1224=EDGE_CURVE('',#1484,#1409,#394,.F.);
#1225=EDGE_CURVE('',#1485,#1408,#395,.T.);
#1226=EDGE_CURVE('',#1498,#1499,#118,.F.);
#1227=EDGE_CURVE('',#1498,#1500,#119,.T.);
#1228=EDGE_CURVE('',#1500,#1499,#396,.T.);
#1229=EDGE_CURVE('',#1501,#1501,#1604,.T.);
#1230=EDGE_CURVE('',#1502,#1503,#397,.T.);
#1231=EDGE_CURVE('',#1503,#1504,#120,.T.);
#1232=EDGE_CURVE('',#1504,#1505,#398,.T.);
#1233=EDGE_CURVE('',#1505,#1506,#399,.T.);
#1234=EDGE_CURVE('',#1506,#1507,#400,.T.);
#1235=EDGE_CURVE('',#1507,#1508,#401,.T.);
#1236=EDGE_CURVE('',#1508,#1509,#1605,.F.);
#1237=EDGE_CURVE('',#1509,#1510,#121,.T.);
#1238=EDGE_CURVE('',#1510,#1511,#1606,.F.);
#1239=EDGE_CURVE('',#1511,#1512,#1607,.F.);
#1240=EDGE_CURVE('',#1512,#1513,#122,.T.);
#1241=EDGE_CURVE('',#1513,#1502,#1608,.F.);
#1242=EDGE_CURVE('',#1499,#1514,#402,.T.);
#1243=EDGE_CURVE('',#1515,#1500,#403,.T.);
#1244=EDGE_CURVE('',#1515,#1516,#404,.T.);
#1245=EDGE_CURVE('',#1516,#1411,#405,.F.);
#1246=EDGE_CURVE('',#1410,#1517,#406,.T.);
#1247=EDGE_CURVE('',#1517,#1514,#407,.T.);
#1248=EDGE_CURVE('',#1428,#1498,#1609,.F.);
#1249=EDGE_CURVE('',#1433,#1515,#1610,.T.);
#1250=EDGE_CURVE('',#1510,#1432,#123,.T.);
#1251=EDGE_CURVE('',#1433,#1509,#124,.T.);
#1252=EDGE_CURVE('',#1516,#1508,#408,.F.);
#1253=EDGE_CURVE('',#1511,#1437,#409,.F.);
#1254=EDGE_CURVE('',#1411,#1507,#410,.F.);
#1255=EDGE_CURVE('',#1512,#1423,#125,.T.);
#1256=EDGE_CURVE('',#1406,#1506,#411,.F.);
#1257=EDGE_CURVE('',#1513,#1426,#126,.T.);
#1258=EDGE_CURVE('',#1434,#1505,#412,.T.);
#1259=EDGE_CURVE('',#1502,#1435,#413,.F.);
#1260=EDGE_CURVE('',#1422,#1504,#414,.T.);
#1261=EDGE_CURVE('',#1503,#1419,#415,.T.);
#1262=EDGE_CURVE('',#1518,#1518,#1611,.F.);
#1263=EDGE_CURVE('',#1519,#1519,#1612,.T.);
#1264=EDGE_CURVE('',#1520,#1520,#1613,.T.);
#1265=EDGE_CURVE('',#1521,#1522,#416,.T.);
#1266=EDGE_CURVE('',#1523,#1521,#1614,.F.);
#1267=EDGE_CURVE('',#1524,#1523,#127,.T.);
#1268=EDGE_CURVE('',#1525,#1524,#1615,.F.);
#1269=EDGE_CURVE('',#1526,#1525,#1616,.F.);
#1270=EDGE_CURVE('',#1527,#1526,#128,.T.);
#1271=EDGE_CURVE('',#1528,#1527,#1617,.F.);
#1272=EDGE_CURVE('',#1529,#1528,#417,.T.);
#1273=EDGE_CURVE('',#1530,#1529,#418,.T.);
#1274=EDGE_CURVE('',#1531,#1530,#419,.T.);
#1275=EDGE_CURVE('',#1532,#1531,#420,.T.);
#1276=EDGE_CURVE('',#1522,#1532,#129,.T.);
#1277=EDGE_CURVE('',#1533,#1534,#130,.F.);
#1278=EDGE_CURVE('',#1535,#1533,#421,.T.);
#1279=EDGE_CURVE('',#1534,#1535,#131,.T.);
#1280=EDGE_CURVE('',#1536,#1533,#422,.T.);
#1281=EDGE_CURVE('',#1536,#1537,#423,.T.);
#1282=EDGE_CURVE('',#1537,#1438,#424,.T.);
#1283=EDGE_CURVE('',#1538,#1439,#425,.F.);
#1284=EDGE_CURVE('',#1539,#1538,#426,.T.);
#1285=EDGE_CURVE('',#1539,#1535,#427,.T.);
#1286=EDGE_CURVE('',#1534,#1464,#1618,.F.);
#1287=EDGE_CURVE('',#1465,#1539,#1619,.T.);
#1288=EDGE_CURVE('',#1526,#1460,#132,.T.);
#1289=EDGE_CURVE('',#1465,#1527,#133,.T.);
#1290=EDGE_CURVE('',#1538,#1528,#428,.F.);
#1291=EDGE_CURVE('',#1525,#1468,#429,.F.);
#1292=EDGE_CURVE('',#1439,#1529,#430,.F.);
#1293=EDGE_CURVE('',#1524,#1458,#134,.T.);
#1294=EDGE_CURVE('',#1443,#1530,#431,.F.);
#1295=EDGE_CURVE('',#1523,#1456,#135,.T.);
#1296=EDGE_CURVE('',#1466,#1531,#432,.T.);
#1297=EDGE_CURVE('',#1521,#1467,#433,.F.);
#1298=EDGE_CURVE('',#1452,#1532,#434,.T.);
#1299=EDGE_CURVE('',#1522,#1454,#435,.T.);
#1300=EDGE_CURVE('',#1540,#1540,#1620,.F.);
#1301=EDGE_CURVE('',#1541,#1541,#1621,.F.);
#1302=EDGE_CURVE('',#1463,#1542,#436,.T.);
#1303=EDGE_CURVE('',#1542,#1543,#136,.T.);
#1304=EDGE_CURVE('',#1543,#1544,#437,.T.);
#1305=EDGE_CURVE('',#1544,#1545,#137,.T.);
#1306=EDGE_CURVE('',#1545,#1546,#438,.T.);
#1307=EDGE_CURVE('',#1546,#1547,#138,.T.);
#1308=EDGE_CURVE('',#1547,#1427,#439,.T.);
#1309=EDGE_CURVE('',#1514,#1548,#139,.T.);
#1310=EDGE_CURVE('',#1548,#1549,#440,.T.);
#1311=EDGE_CURVE('',#1549,#1550,#140,.T.);
#1312=EDGE_CURVE('',#1550,#1551,#441,.T.);
#1313=EDGE_CURVE('',#1551,#1536,#141,.T.);
#1314=EDGE_CURVE('',#1552,#1455,#142,.T.);
#1315=EDGE_CURVE('',#1553,#1552,#442,.T.);
#1316=EDGE_CURVE('',#1553,#1554,#143,.F.);
#1317=EDGE_CURVE('',#1554,#1555,#144,.T.);
#1318=EDGE_CURVE('',#1555,#1457,#145,.T.);
#1319=EDGE_CURVE('',#1552,#1405,#443,.F.);
#1320=EDGE_CURVE('',#1553,#1453,#146,.T.);
#1321=EDGE_CURVE('',#1556,#1451,#147,.T.);
#1322=EDGE_CURVE('',#1556,#1554,#148,.T.);
#1323=EDGE_CURVE('',#1557,#1450,#444,.F.);
#1324=EDGE_CURVE('',#1557,#1556,#149,.T.);
#1325=EDGE_CURVE('',#1558,#1444,#445,.T.);
#1326=EDGE_CURVE('',#1558,#1557,#1622,.F.);
#1327=EDGE_CURVE('',#1559,#1442,#446,.F.);
#1328=EDGE_CURVE('',#1559,#1558,#324,.F.);
#1329=EDGE_CURVE('',#1560,#1441,#447,.F.);
#1330=EDGE_CURVE('',#1560,#1559,#150,.T.);
#1331=EDGE_CURVE('',#1561,#1492,#448,.F.);
#1332=EDGE_CURVE('',#1560,#1561,#325,.F.);
#1333=EDGE_CURVE('',#1562,#1491,#151,.T.);
#1334=EDGE_CURVE('',#1561,#1562,#152,.F.);
#1335=EDGE_CURVE('',#1563,#1489,#153,.T.);
#1336=EDGE_CURVE('',#1562,#1563,#1623,.T.);
#1337=EDGE_CURVE('',#1564,#1487,#154,.T.);
#1338=EDGE_CURVE('',#1564,#1563,#155,.T.);
#1339=EDGE_CURVE('',#1565,#1483,#156,.T.);
#1340=EDGE_CURVE('',#1564,#1565,#1624,.T.);
#1341=EDGE_CURVE('',#1566,#1485,#449,.F.);
#1342=EDGE_CURVE('',#1565,#1566,#157,.F.);
#1343=EDGE_CURVE('',#1567,#1408,#450,.F.);
#1344=EDGE_CURVE('',#1566,#1567,#326,.F.);
#1345=EDGE_CURVE('',#1568,#1407,#451,.F.);
#1346=EDGE_CURVE('',#1568,#1567,#158,.T.);
#1347=EDGE_CURVE('',#1569,#1418,#452,.F.);
#1348=EDGE_CURVE('',#1569,#1568,#327,.F.);
#1349=EDGE_CURVE('',#1570,#1413,#453,.F.);
#1350=EDGE_CURVE('',#1570,#1569,#1625,.F.);
#1351=EDGE_CURVE('',#1571,#1421,#159,.T.);
#1352=EDGE_CURVE('',#1571,#1570,#160,.T.);
#1353=EDGE_CURVE('',#1572,#1420,#161,.T.);
#1354=EDGE_CURVE('',#1572,#1573,#162,.F.);
#1355=EDGE_CURVE('',#1573,#1571,#163,.T.);
#1356=EDGE_CURVE('',#1574,#1400,#454,.F.);
#1357=EDGE_CURVE('',#1574,#1572,#455,.T.);
#1358=EDGE_CURVE('',#1574,#1425,#164,.T.);
#1359=EDGE_CURVE('',#1575,#1424,#165,.T.);
#1360=EDGE_CURVE('',#1575,#1573,#166,.T.);
#1361=EDGE_CURVE('',#1576,#1436,#456,.T.);
#1362=EDGE_CURVE('',#1576,#1575,#1626,.F.);
#1363=EDGE_CURVE('',#1577,#1431,#167,.T.);
#1364=EDGE_CURVE('',#1577,#1576,#1627,.F.);
#1365=EDGE_CURVE('',#1578,#1430,#168,.T.);
#1366=EDGE_CURVE('',#1578,#1577,#169,.T.);
#1367=EDGE_CURVE('',#1579,#1480,#170,.T.);
#1368=EDGE_CURVE('',#1578,#1579,#1628,.F.);
#1369=EDGE_CURVE('',#1580,#1479,#171,.T.);
#1370=EDGE_CURVE('',#1580,#1579,#172,.T.);
#1371=EDGE_CURVE('',#1581,#1477,#173,.T.);
#1372=EDGE_CURVE('',#1581,#1580,#1629,.T.);
#1373=EDGE_CURVE('',#1582,#1475,#174,.T.);
#1374=EDGE_CURVE('',#1581,#1582,#175,.F.);
#1375=EDGE_CURVE('',#1583,#1471,#176,.T.);
#1376=EDGE_CURVE('',#1583,#1582,#1630,.T.);
#1377=EDGE_CURVE('',#1584,#1473,#177,.T.);
#1378=EDGE_CURVE('',#1584,#1583,#178,.T.);
#1379=EDGE_CURVE('',#1585,#1461,#179,.T.);
#1380=EDGE_CURVE('',#1584,#1585,#1631,.F.);
#1381=EDGE_CURVE('',#1586,#1459,#180,.T.);
#1382=EDGE_CURVE('',#1586,#1585,#181,.T.);
#1383=EDGE_CURVE('',#1587,#1469,#457,.T.);
#1384=EDGE_CURVE('',#1587,#1586,#1632,.F.);
#1385=EDGE_CURVE('',#1588,#1588,#1633,.F.);
#1386=EDGE_CURVE('',#1589,#1589,#1634,.T.);
#1387=EDGE_CURVE('',#1555,#1587,#1635,.F.);
#1388=EDGE_CURVE('',#1481,#1547,#458,.T.);
#1389=EDGE_CURVE('',#1478,#1546,#459,.F.);
#1390=EDGE_CURVE('',#1476,#1545,#460,.T.);
#1391=EDGE_CURVE('',#1474,#1544,#461,.F.);
#1392=EDGE_CURVE('',#1470,#1543,#462,.T.);
#1393=EDGE_CURVE('',#1472,#1542,#463,.F.);
#1394=EDGE_CURVE('',#1517,#1484,#464,.T.);
#1395=EDGE_CURVE('',#1548,#1482,#465,.F.);
#1396=EDGE_CURVE('',#1549,#1486,#466,.T.);
#1397=EDGE_CURVE('',#1550,#1488,#467,.F.);
#1398=EDGE_CURVE('',#1551,#1490,#468,.T.);
#1399=EDGE_CURVE('',#1537,#1493,#469,.F.);
#1400=VERTEX_POINT('',#2670);
#1401=VERTEX_POINT('',#2671);
#1402=VERTEX_POINT('',#2676);
#1403=VERTEX_POINT('',#2680);
#1404=VERTEX_POINT('',#2681);
#1405=VERTEX_POINT('',#2686);
#1406=VERTEX_POINT('',#2700);
#1407=VERTEX_POINT('',#2701);
#1408=VERTEX_POINT('',#2706);
#1409=VERTEX_POINT('',#2711);
#1410=VERTEX_POINT('',#2716);
#1411=VERTEX_POINT('',#2721);
#1412=VERTEX_POINT('',#2769);
#1413=VERTEX_POINT('',#2770);
#1414=VERTEX_POINT('',#2775);
#1415=VERTEX_POINT('',#2780);
#1416=VERTEX_POINT('',#2785);
#1417=VERTEX_POINT('',#2790);
#1418=VERTEX_POINT('',#2795);
#1419=VERTEX_POINT('',#2805);
#1420=VERTEX_POINT('',#2806);
#1421=VERTEX_POINT('',#2808);
#1422=VERTEX_POINT('',#2815);
#1423=VERTEX_POINT('',#2819);
#1424=VERTEX_POINT('',#2820);
#1425=VERTEX_POINT('',#2822);
#1426=VERTEX_POINT('',#2824);
#1427=VERTEX_POINT('',#2828);
#1428=VERTEX_POINT('',#2829);
#1429=VERTEX_POINT('',#2834);
#1430=VERTEX_POINT('',#2836);
#1431=VERTEX_POINT('',#2838);
#1432=VERTEX_POINT('',#2840);
#1433=VERTEX_POINT('',#2842);
#1434=VERTEX_POINT('',#2876);
#1435=VERTEX_POINT('',#2915);
#1436=VERTEX_POINT('',#2929);
#1437=VERTEX_POINT('',#2931);
#1438=VERTEX_POINT('',#2948);
#1439=VERTEX_POINT('',#2949);
#1440=VERTEX_POINT('',#2954);
#1441=VERTEX_POINT('',#2959);
#1442=VERTEX_POINT('',#2964);
#1443=VERTEX_POINT('',#2969);
#1444=VERTEX_POINT('',#3017);
#1445=VERTEX_POINT('',#3018);
#1446=VERTEX_POINT('',#3023);
#1447=VERTEX_POINT('',#3028);
#1448=VERTEX_POINT('',#3033);
#1449=VERTEX_POINT('',#3038);
#1450=VERTEX_POINT('',#3043);
#1451=VERTEX_POINT('',#3058);
#1452=VERTEX_POINT('',#3059);
#1453=VERTEX_POINT('',#3061);
#1454=VERTEX_POINT('',#3063);
#1455=VERTEX_POINT('',#3067);
#1456=VERTEX_POINT('',#3068);
#1457=VERTEX_POINT('',#3070);
#1458=VERTEX_POINT('',#3072);
#1459=VERTEX_POINT('',#3076);
#1460=VERTEX_POINT('',#3077);
#1461=VERTEX_POINT('',#3079);
#1462=VERTEX_POINT('',#3081);
#1463=VERTEX_POINT('',#3086);
#1464=VERTEX_POINT('',#3088);
#1465=VERTEX_POINT('',#3090);
#1466=VERTEX_POINT('',#3124);
#1467=VERTEX_POINT('',#3167);
#1468=VERTEX_POINT('',#3177);
#1469=VERTEX_POINT('',#3178);
#1470=VERTEX_POINT('',#3186);
#1471=VERTEX_POINT('',#3187);
#1472=VERTEX_POINT('',#3189);
#1473=VERTEX_POINT('',#3191);
#1474=VERTEX_POINT('',#3195);
#1475=VERTEX_POINT('',#3196);
#1476=VERTEX_POINT('',#3207);
#1477=VERTEX_POINT('',#3208);
#1478=VERTEX_POINT('',#3213);
#1479=VERTEX_POINT('',#3214);
#1480=VERTEX_POINT('',#3225);
#1481=VERTEX_POINT('',#3226);
#1482=VERTEX_POINT('',#3231);
#1483=VERTEX_POINT('',#3232);
#1484=VERTEX_POINT('',#3234);
#1485=VERTEX_POINT('',#3239);
#1486=VERTEX_POINT('',#3243);
#1487=VERTEX_POINT('',#3244);
#1488=VERTEX_POINT('',#3255);
#1489=VERTEX_POINT('',#3256);
#1490=VERTEX_POINT('',#3261);
#1491=VERTEX_POINT('',#3262);
#1492=VERTEX_POINT('',#3276);
#1493=VERTEX_POINT('',#3277);
#1494=VERTEX_POINT('',#3299);
#1495=VERTEX_POINT('',#3304);
#1496=VERTEX_POINT('',#3328);
#1497=VERTEX_POINT('',#3333);
#1498=VERTEX_POINT('',#3380);
#1499=VERTEX_POINT('',#3381);
#1500=VERTEX_POINT('',#3383);
#1501=VERTEX_POINT('',#3390);
#1502=VERTEX_POINT('',#3395);
#1503=VERTEX_POINT('',#3396);
#1504=VERTEX_POINT('',#3398);
#1505=VERTEX_POINT('',#3403);
#1506=VERTEX_POINT('',#3408);
#1507=VERTEX_POINT('',#3413);
#1508=VERTEX_POINT('',#3418);
#1509=VERTEX_POINT('',#3420);
#1510=VERTEX_POINT('',#3422);
#1511=VERTEX_POINT('',#3424);
#1512=VERTEX_POINT('',#3426);
#1513=VERTEX_POINT('',#3428);
#1514=VERTEX_POINT('',#3446);
#1515=VERTEX_POINT('',#3451);
#1516=VERTEX_POINT('',#3456);
#1517=VERTEX_POINT('',#3465);
#1518=VERTEX_POINT('',#3562);
#1519=VERTEX_POINT('',#3564);
#1520=VERTEX_POINT('',#3568);
#1521=VERTEX_POINT('',#3573);
#1522=VERTEX_POINT('',#3574);
#1523=VERTEX_POINT('',#3576);
#1524=VERTEX_POINT('',#3578);
#1525=VERTEX_POINT('',#3580);
#1526=VERTEX_POINT('',#3582);
#1527=VERTEX_POINT('',#3584);
#1528=VERTEX_POINT('',#3586);
#1529=VERTEX_POINT('',#3591);
#1530=VERTEX_POINT('',#3596);
#1531=VERTEX_POINT('',#3601);
#1532=VERTEX_POINT('',#3606);
#1533=VERTEX_POINT('',#3610);
#1534=VERTEX_POINT('',#3611);
#1535=VERTEX_POINT('',#3616);
#1536=VERTEX_POINT('',#3634);
#1537=VERTEX_POINT('',#3639);
#1538=VERTEX_POINT('',#3648);
#1539=VERTEX_POINT('',#3653);
#1540=VERTEX_POINT('',#3750);
#1541=VERTEX_POINT('',#3752);
#1542=VERTEX_POINT('',#3759);
#1543=VERTEX_POINT('',#3761);
#1544=VERTEX_POINT('',#3766);
#1545=VERTEX_POINT('',#3768);
#1546=VERTEX_POINT('',#3773);
#1547=VERTEX_POINT('',#3775);
#1548=VERTEX_POINT('',#3781);
#1549=VERTEX_POINT('',#3786);
#1550=VERTEX_POINT('',#3788);
#1551=VERTEX_POINT('',#3793);
#1552=VERTEX_POINT('',#3797);
#1553=VERTEX_POINT('',#3802);
#1554=VERTEX_POINT('',#3804);
#1555=VERTEX_POINT('',#3806);
#1556=VERTEX_POINT('',#3834);
#1557=VERTEX_POINT('',#3841);
#1558=VERTEX_POINT('',#3848);
#1559=VERTEX_POINT('',#3855);
#1560=VERTEX_POINT('',#3862);
#1561=VERTEX_POINT('',#3869);
#1562=VERTEX_POINT('',#3873);
#1563=VERTEX_POINT('',#3877);
#1564=VERTEX_POINT('',#3881);
#1565=VERTEX_POINT('',#3885);
#1566=VERTEX_POINT('',#3892);
#1567=VERTEX_POINT('',#3899);
#1568=VERTEX_POINT('',#3906);
#1569=VERTEX_POINT('',#3913);
#1570=VERTEX_POINT('',#3920);
#1571=VERTEX_POINT('',#3924);
#1572=VERTEX_POINT('',#3928);
#1573=VERTEX_POINT('',#3930);
#1574=VERTEX_POINT('',#3948);
#1575=VERTEX_POINT('',#3957);
#1576=VERTEX_POINT('',#3964);
#1577=VERTEX_POINT('',#3968);
#1578=VERTEX_POINT('',#3972);
#1579=VERTEX_POINT('',#3976);
#1580=VERTEX_POINT('',#3980);
#1581=VERTEX_POINT('',#3984);
#1582=VERTEX_POINT('',#3988);
#1583=VERTEX_POINT('',#3992);
#1584=VERTEX_POINT('',#3996);
#1585=VERTEX_POINT('',#4000);
#1586=VERTEX_POINT('',#4004);
#1587=VERTEX_POINT('',#4011);
#1588=VERTEX_POINT('',#4015);
#1589=VERTEX_POINT('',#4018);
#1590=CIRCLE('',#2102,0.5);
#1591=CIRCLE('',#2106,0.5);
#1592=CIRCLE('',#2113,0.5);
#1593=CIRCLE('',#2114,0.5);
#1594=CIRCLE('',#2116,0.5);
#1595=CIRCLE('',#2117,0.5);
#1596=CIRCLE('',#2119,0.5);
#1597=CIRCLE('',#2120,0.5);
#1598=CIRCLE('',#2127,0.5);
#1599=CIRCLE('',#2128,0.5);
#1600=CIRCLE('',#2130,0.5);
#1601=CIRCLE('',#2131,0.5);
#1602=CIRCLE('',#2133,0.5);
#1603=CIRCLE('',#2134,0.5);
#1604=CIRCLE('',#2149,2.00000000000068);
#1605=CIRCLE('',#2150,0.300000000000132);
#1606=CIRCLE('',#2151,0.30000000000006);
#1607=CIRCLE('',#2152,0.299999999999967);
#1608=CIRCLE('',#2153,0.299999999999982);
#1609=CIRCLE('',#2155,0.5);
#1610=CIRCLE('',#2156,0.5);
#1611=CIRCLE('',#2165,1.6);
#1612=CIRCLE('',#2166,1.6);
#1613=CIRCLE('',#2169,2.00000000000068);
#1614=CIRCLE('',#2170,0.299999999999982);
#1615=CIRCLE('',#2171,0.299999999999967);
#1616=CIRCLE('',#2172,0.30000000000006);
#1617=CIRCLE('',#2173,0.300000000000132);
#1618=CIRCLE('',#2176,0.5);
#1619=CIRCLE('',#2177,0.5);
#1620=CIRCLE('',#2186,1.6);
#1621=CIRCLE('',#2187,1.6);
#1622=CIRCLE('',#2195,2.40262281898719);
#1623=CIRCLE('',#2203,7.5806440051481);
#1624=CIRCLE('',#2206,7.58064400514812);
#1625=CIRCLE('',#2214,2.40262452472388);
#1626=CIRCLE('',#2220,0.1);
#1627=CIRCLE('',#2222,0.1);
#1628=CIRCLE('',#2225,5.44262884272681);
#1629=CIRCLE('',#2228,6.7806440051481);
#1630=CIRCLE('',#2231,6.7806440051481);
#1631=CIRCLE('',#2234,5.44262879675994);
#1632=CIRCLE('',#2237,0.1);
#1633=CIRCLE('',#2239,2.);
#1634=CIRCLE('',#2241,2.);
#1635=CIRCLE('',#2243,0.1);
#1636=EDGE_LOOP('',(#470,#471,#472));
#1637=EDGE_LOOP('',(#473,#474,#475));
#1638=EDGE_LOOP('',(#476,#477,#478,#479,#480,#481));
#1639=EDGE_LOOP('',(#482,#483,#484,#485,#486,#487,#488));
#1640=EDGE_LOOP('',(#489,#490,#491,#492));
#1641=EDGE_LOOP('',(#493,#494,#495,#496));
#1642=EDGE_LOOP('',(#497,#498,#499,#500,#501,#502,#503));
#1643=EDGE_LOOP('',(#504,#505,#506,#507,#508));
#1644=EDGE_LOOP('',(#509,#510,#511,#512,#513));
#1645=EDGE_LOOP('',(#514,#515,#516,#517,#518));
#1646=EDGE_LOOP('',(#519,#520,#521,#522,#523));
#1647=EDGE_LOOP('',(#524,#525,#526,#527));
#1648=EDGE_LOOP('',(#528,#529,#530,#531));
#1649=EDGE_LOOP('',(#532,#533,#534,#535,#536,#537));
#1650=EDGE_LOOP('',(#538,#539,#540,#541,#542,#543,#544));
#1651=EDGE_LOOP('',(#545,#546,#547,#548));
#1652=EDGE_LOOP('',(#549,#550,#551,#552));
#1653=EDGE_LOOP('',(#553,#554,#555,#556,#557,#558,#559));
#1654=EDGE_LOOP('',(#560,#561,#562,#563,#564));
#1655=EDGE_LOOP('',(#565,#566,#567,#568,#569));
#1656=EDGE_LOOP('',(#570,#571,#572,#573,#574));
#1657=EDGE_LOOP('',(#575,#576,#577,#578,#579));
#1658=EDGE_LOOP('',(#580,#581,#582,#583));
#1659=EDGE_LOOP('',(#584,#585,#586,#587));
#1660=EDGE_LOOP('',(#588,#589,#590,#591));
#1661=EDGE_LOOP('',(#592,#593,#594,#595));
#1662=EDGE_LOOP('',(#596,#597,#598,#599));
#1663=EDGE_LOOP('',(#600,#601,#602,#603));
#1664=EDGE_LOOP('',(#604,#605,#606,#607));
#1665=EDGE_LOOP('',(#608,#609,#610,#611));
#1666=EDGE_LOOP('',(#612,#613,#614,#615));
#1667=EDGE_LOOP('',(#616,#617,#618,#619));
#1668=EDGE_LOOP('',(#620,#621,#622,#623));
#1669=EDGE_LOOP('',(#624,#625,#626,#627));
#1670=EDGE_LOOP('',(#628,#629,#630,#631,#632,#633));
#1671=EDGE_LOOP('',(#634,#635,#636,#637,#638,#639));
#1672=EDGE_LOOP('',(#640,#641,#642,#643));
#1673=EDGE_LOOP('',(#644,#645,#646,#647));
#1674=EDGE_LOOP('',(#648,#649,#650));
#1675=EDGE_LOOP('',(#651));
#1676=EDGE_LOOP('',(#652,#653,#654,#655,#656,#657,#658,#659,#660,#661,#662,
#663));
#1677=EDGE_LOOP('',(#664,#665,#666,#667,#668,#669,#670,#671));
#1678=EDGE_LOOP('',(#672,#673,#674,#675,#676));
#1679=EDGE_LOOP('',(#677,#678,#679,#680));
#1680=EDGE_LOOP('',(#681,#682,#683,#684,#685));
#1681=EDGE_LOOP('',(#686,#687,#688,#689));
#1682=EDGE_LOOP('',(#690,#691,#692,#693));
#1683=EDGE_LOOP('',(#694,#695,#696,#697));
#1684=EDGE_LOOP('',(#698,#699,#700,#701));
#1685=EDGE_LOOP('',(#702,#703,#704,#705));
#1686=EDGE_LOOP('',(#706,#707,#708,#709));
#1687=EDGE_LOOP('',(#710,#711,#712,#713));
#1688=EDGE_LOOP('',(#714,#715,#716,#717));
#1689=EDGE_LOOP('',(#718,#719,#720,#721));
#1690=EDGE_LOOP('',(#722,#723,#724,#725));
#1691=EDGE_LOOP('',(#726));
#1692=EDGE_LOOP('',(#727));
#1693=EDGE_LOOP('',(#728));
#1694=EDGE_LOOP('',(#729));
#1695=EDGE_LOOP('',(#730));
#1696=EDGE_LOOP('',(#731,#732,#733,#734,#735,#736,#737,#738,#739,#740,#741,
#742));
#1697=EDGE_LOOP('',(#743,#744,#745));
#1698=EDGE_LOOP('',(#746,#747,#748,#749,#750,#751,#752,#753));
#1699=EDGE_LOOP('',(#754,#755,#756,#757,#758));
#1700=EDGE_LOOP('',(#759,#760,#761,#762));
#1701=EDGE_LOOP('',(#763,#764,#765,#766,#767));
#1702=EDGE_LOOP('',(#768,#769,#770,#771));
#1703=EDGE_LOOP('',(#772,#773,#774,#775));
#1704=EDGE_LOOP('',(#776,#777,#778,#779));
#1705=EDGE_LOOP('',(#780,#781,#782,#783));
#1706=EDGE_LOOP('',(#784,#785,#786,#787));
#1707=EDGE_LOOP('',(#788,#789,#790,#791));
#1708=EDGE_LOOP('',(#792,#793,#794,#795));
#1709=EDGE_LOOP('',(#796,#797,#798,#799));
#1710=EDGE_LOOP('',(#800,#801,#802,#803));
#1711=EDGE_LOOP('',(#804,#805,#806,#807));
#1712=EDGE_LOOP('',(#808));
#1713=EDGE_LOOP('',(#809));
#1714=EDGE_LOOP('',(#810));
#1715=EDGE_LOOP('',(#811));
#1716=EDGE_LOOP('',(#812,#813,#814,#815,#816,#817,#818,#819,#820,#821,#822,
#823,#824,#825,#826,#827,#828,#829,#830,#831));
#1717=EDGE_LOOP('',(#832,#833,#834,#835,#836,#837));
#1718=EDGE_LOOP('',(#838,#839,#840));
#1719=EDGE_LOOP('',(#841,#842,#843,#844,#845));
#1720=EDGE_LOOP('',(#846,#847,#848,#849,#850));
#1721=EDGE_LOOP('',(#851,#852,#853,#854));
#1722=EDGE_LOOP('',(#855,#856,#857,#858,#859,#860,#861,#862));
#1723=EDGE_LOOP('',(#863,#864,#865,#866));
#1724=EDGE_LOOP('',(#867,#868,#869,#870));
#1725=EDGE_LOOP('',(#871,#872,#873,#874));
#1726=EDGE_LOOP('',(#875,#876,#877,#878));
#1727=EDGE_LOOP('',(#879,#880,#881,#882));
#1728=EDGE_LOOP('',(#883,#884,#885,#886));
#1729=EDGE_LOOP('',(#887,#888,#889,#890));
#1730=EDGE_LOOP('',(#891,#892,#893,#894));
#1731=EDGE_LOOP('',(#895,#896,#897,#898));
#1732=EDGE_LOOP('',(#899,#900,#901,#902));
#1733=EDGE_LOOP('',(#903,#904,#905,#906));
#1734=EDGE_LOOP('',(#907,#908,#909,#910,#911,#912,#913,#914));
#1735=EDGE_LOOP('',(#915,#916,#917,#918));
#1736=EDGE_LOOP('',(#919,#920,#921,#922,#923));
#1737=EDGE_LOOP('',(#924,#925,#926,#927,#928));
#1738=EDGE_LOOP('',(#929,#930,#931));
#1739=EDGE_LOOP('',(#932,#933,#934,#935,#936,#937));
#1740=EDGE_LOOP('',(#938,#939,#940,#941));
#1741=EDGE_LOOP('',(#942,#943,#944,#945));
#1742=EDGE_LOOP('',(#946,#947,#948,#949));
#1743=EDGE_LOOP('',(#950,#951,#952,#953,#954,#955));
#1744=EDGE_LOOP('',(#956,#957,#958,#959));
#1745=EDGE_LOOP('',(#960,#961,#962,#963));
#1746=EDGE_LOOP('',(#964,#965,#966,#967));
#1747=EDGE_LOOP('',(#968,#969,#970,#971));
#1748=EDGE_LOOP('',(#972,#973,#974,#975));
#1749=EDGE_LOOP('',(#976,#977,#978,#979,#980,#981));
#1750=EDGE_LOOP('',(#982,#983,#984,#985));
#1751=EDGE_LOOP('',(#986,#987,#988,#989));
#1752=EDGE_LOOP('',(#990));
#1753=EDGE_LOOP('',(#991));
#1754=EDGE_LOOP('',(#992));
#1755=EDGE_LOOP('',(#993));
#1756=EDGE_LOOP('',(#994,#995,#996,#997));
#1757=EDGE_LOOP('',(#998));
#1758=EDGE_LOOP('',(#999));
#1759=EDGE_LOOP('',(#1000,#1001,#1002,#1003,#1004,#1005,#1006,#1007,#1008,
#1009,#1010,#1011,#1012,#1013,#1014,#1015,#1016,#1017,#1018,#1019,#1020,
#1021,#1022,#1023,#1024,#1025,#1026,#1027,#1028,#1029,#1030,#1031));
#1760=EDGE_LOOP('',(#1032,#1033,#1034,#1035));
#1761=EDGE_LOOP('',(#1036,#1037,#1038,#1039));
#1762=EDGE_LOOP('',(#1040,#1041,#1042,#1043));
#1763=EDGE_LOOP('',(#1044,#1045,#1046,#1047));
#1764=EDGE_LOOP('',(#1048,#1049,#1050,#1051));
#1765=EDGE_LOOP('',(#1052,#1053,#1054,#1055));
#1766=EDGE_LOOP('',(#1056,#1057,#1058,#1059));
#1767=EDGE_LOOP('',(#1060,#1061,#1062,#1063));
#1768=EDGE_LOOP('',(#1064,#1065,#1066,#1067,#1068));
#1769=EDGE_LOOP('',(#1069,#1070,#1071,#1072));
#1770=EDGE_LOOP('',(#1073,#1074,#1075,#1076));
#1771=EDGE_LOOP('',(#1077,#1078,#1079,#1080));
#1772=EDGE_LOOP('',(#1081,#1082,#1083,#1084,#1085));
#1773=EDGE_LOOP('',(#1086,#1087,#1088,#1089));
#1774=FACE_BOUND('',#1636,.T.);
#1775=FACE_BOUND('',#1637,.T.);
#1776=FACE_BOUND('',#1638,.T.);
#1777=FACE_BOUND('',#1639,.T.);
#1778=FACE_BOUND('',#1640,.T.);
#1779=FACE_BOUND('',#1641,.T.);
#1780=FACE_BOUND('',#1642,.T.);
#1781=FACE_BOUND('',#1643,.T.);
#1782=FACE_BOUND('',#1644,.T.);
#1783=FACE_BOUND('',#1645,.T.);
#1784=FACE_BOUND('',#1646,.T.);
#1785=FACE_BOUND('',#1647,.T.);
#1786=FACE_BOUND('',#1648,.T.);
#1787=FACE_BOUND('',#1649,.T.);
#1788=FACE_BOUND('',#1650,.T.);
#1789=FACE_BOUND('',#1651,.T.);
#1790=FACE_BOUND('',#1652,.T.);
#1791=FACE_BOUND('',#1653,.T.);
#1792=FACE_BOUND('',#1654,.T.);
#1793=FACE_BOUND('',#1655,.T.);
#1794=FACE_BOUND('',#1656,.T.);
#1795=FACE_BOUND('',#1657,.T.);
#1796=FACE_BOUND('',#1658,.T.);
#1797=FACE_BOUND('',#1659,.T.);
#1798=FACE_BOUND('',#1660,.T.);
#1799=FACE_BOUND('',#1661,.T.);
#1800=FACE_BOUND('',#1662,.T.);
#1801=FACE_BOUND('',#1663,.T.);
#1802=FACE_BOUND('',#1664,.T.);
#1803=FACE_BOUND('',#1665,.T.);
#1804=FACE_BOUND('',#1666,.T.);
#1805=FACE_BOUND('',#1667,.T.);
#1806=FACE_BOUND('',#1668,.T.);
#1807=FACE_BOUND('',#1669,.T.);
#1808=FACE_BOUND('',#1670,.T.);
#1809=FACE_BOUND('',#1671,.T.);
#1810=FACE_BOUND('',#1672,.T.);
#1811=FACE_BOUND('',#1673,.T.);
#1812=FACE_BOUND('',#1674,.T.);
#1813=FACE_BOUND('',#1675,.T.);
#1814=FACE_BOUND('',#1676,.T.);
#1815=FACE_BOUND('',#1677,.T.);
#1816=FACE_BOUND('',#1678,.T.);
#1817=FACE_BOUND('',#1679,.T.);
#1818=FACE_BOUND('',#1680,.T.);
#1819=FACE_BOUND('',#1681,.T.);
#1820=FACE_BOUND('',#1682,.T.);
#1821=FACE_BOUND('',#1683,.T.);
#1822=FACE_BOUND('',#1684,.T.);
#1823=FACE_BOUND('',#1685,.T.);
#1824=FACE_BOUND('',#1686,.T.);
#1825=FACE_BOUND('',#1687,.T.);
#1826=FACE_BOUND('',#1688,.T.);
#1827=FACE_BOUND('',#1689,.T.);
#1828=FACE_BOUND('',#1690,.T.);
#1829=FACE_BOUND('',#1691,.T.);
#1830=FACE_BOUND('',#1692,.T.);
#1831=FACE_BOUND('',#1693,.T.);
#1832=FACE_BOUND('',#1694,.T.);
#1833=FACE_BOUND('',#1695,.T.);
#1834=FACE_BOUND('',#1696,.T.);
#1835=FACE_BOUND('',#1697,.T.);
#1836=FACE_BOUND('',#1698,.T.);
#1837=FACE_BOUND('',#1699,.T.);
#1838=FACE_BOUND('',#1700,.T.);
#1839=FACE_BOUND('',#1701,.T.);
#1840=FACE_BOUND('',#1702,.T.);
#1841=FACE_BOUND('',#1703,.T.);
#1842=FACE_BOUND('',#1704,.T.);
#1843=FACE_BOUND('',#1705,.T.);
#1844=FACE_BOUND('',#1706,.T.);
#1845=FACE_BOUND('',#1707,.T.);
#1846=FACE_BOUND('',#1708,.T.);
#1847=FACE_BOUND('',#1709,.T.);
#1848=FACE_BOUND('',#1710,.T.);
#1849=FACE_BOUND('',#1711,.T.);
#1850=FACE_BOUND('',#1712,.T.);
#1851=FACE_BOUND('',#1713,.T.);
#1852=FACE_BOUND('',#1714,.T.);
#1853=FACE_BOUND('',#1715,.T.);
#1854=FACE_BOUND('',#1716,.T.);
#1855=FACE_BOUND('',#1717,.T.);
#1856=FACE_BOUND('',#1718,.T.);
#1857=FACE_BOUND('',#1719,.T.);
#1858=FACE_BOUND('',#1720,.T.);
#1859=FACE_BOUND('',#1721,.T.);
#1860=FACE_BOUND('',#1722,.T.);
#1861=FACE_BOUND('',#1723,.T.);
#1862=FACE_BOUND('',#1724,.T.);
#1863=FACE_BOUND('',#1725,.T.);
#1864=FACE_BOUND('',#1726,.T.);
#1865=FACE_BOUND('',#1727,.T.);
#1866=FACE_BOUND('',#1728,.T.);
#1867=FACE_BOUND('',#1729,.T.);
#1868=FACE_BOUND('',#1730,.T.);
#1869=FACE_BOUND('',#1731,.T.);
#1870=FACE_BOUND('',#1732,.T.);
#1871=FACE_BOUND('',#1733,.T.);
#1872=FACE_BOUND('',#1734,.T.);
#1873=FACE_BOUND('',#1735,.T.);
#1874=FACE_BOUND('',#1736,.T.);
#1875=FACE_BOUND('',#1737,.T.);
#1876=FACE_BOUND('',#1738,.T.);
#1877=FACE_BOUND('',#1739,.T.);
#1878=FACE_BOUND('',#1740,.T.);
#1879=FACE_BOUND('',#1741,.T.);
#1880=FACE_BOUND('',#1742,.T.);
#1881=FACE_BOUND('',#1743,.T.);
#1882=FACE_BOUND('',#1744,.T.);
#1883=FACE_BOUND('',#1745,.T.);
#1884=FACE_BOUND('',#1746,.T.);
#1885=FACE_BOUND('',#1747,.T.);
#1886=FACE_BOUND('',#1748,.T.);
#1887=FACE_BOUND('',#1749,.T.);
#1888=FACE_BOUND('',#1750,.T.);
#1889=FACE_BOUND('',#1751,.T.);
#1890=FACE_BOUND('',#1752,.T.);
#1891=FACE_BOUND('',#1753,.T.);
#1892=FACE_BOUND('',#1754,.T.);
#1893=FACE_BOUND('',#1755,.T.);
#1894=FACE_BOUND('',#1756,.T.);
#1895=FACE_BOUND('',#1757,.T.);
#1896=FACE_BOUND('',#1758,.T.);
#1897=FACE_BOUND('',#1759,.T.);
#1898=FACE_BOUND('',#1760,.T.);
#1899=FACE_BOUND('',#1761,.T.);
#1900=FACE_BOUND('',#1762,.T.);
#1901=FACE_BOUND('',#1763,.T.);
#1902=FACE_BOUND('',#1764,.T.);
#1903=FACE_BOUND('',#1765,.T.);
#1904=FACE_BOUND('',#1766,.T.);
#1905=FACE_BOUND('',#1767,.T.);
#1906=FACE_BOUND('',#1768,.T.);
#1907=FACE_BOUND('',#1769,.T.);
#1908=FACE_BOUND('',#1770,.T.);
#1909=FACE_BOUND('',#1771,.T.);
#1910=FACE_BOUND('',#1772,.T.);
#1911=FACE_BOUND('',#1773,.T.);
#1912=PLANE('',#2101);
#1913=PLANE('',#2104);
#1914=PLANE('',#2107);
#1915=PLANE('',#2108);
#1916=PLANE('',#2109);
#1917=PLANE('',#2121);
#1918=PLANE('',#2122);
#1919=PLANE('',#2123);
#1920=PLANE('',#2135);
#1921=PLANE('',#2137);
#1922=PLANE('',#2139);
#1923=PLANE('',#2140);
#1924=PLANE('',#2142);
#1925=PLANE('',#2144);
#1926=PLANE('',#2147);
#1927=PLANE('',#2148);
#1928=PLANE('',#2157);
#1929=PLANE('',#2161);
#1930=PLANE('',#2163);
#1931=PLANE('',#2168);
#1932=PLANE('',#2174);
#1933=PLANE('',#2178);
#1934=PLANE('',#2182);
#1935=PLANE('',#2184);
#1936=PLANE('',#2189);
#1937=PLANE('',#2190);
#1938=PLANE('',#2192);
#1939=PLANE('',#2193);
#1940=PLANE('',#2198);
#1941=PLANE('',#2201);
#1942=PLANE('',#2204);
#1943=PLANE('',#2207);
#1944=PLANE('',#2210);
#1945=PLANE('',#2215);
#1946=PLANE('',#2216);
#1947=PLANE('',#2218);
#1948=PLANE('',#2223);
#1949=PLANE('',#2226);
#1950=PLANE('',#2229);
#1951=PLANE('',#2232);
#1952=PLANE('',#2235);
#1953=PLANE('',#2244);
#1954=PLANE('',#2245);
#1955=PLANE('',#2246);
#1956=PLANE('',#2247);
#1957=PLANE('',#2248);
#1958=PLANE('',#2249);
#1959=PLANE('',#2250);
#1960=ADVANCED_FACE('',(#1774),#1912,.T.);
#1961=ADVANCED_FACE('',(#1775),#1913,.T.);
#1962=ADVANCED_FACE('',(#1776),#296,.T.);
#1963=ADVANCED_FACE('',(#1777),#297,.T.);
#1964=ADVANCED_FACE('',(#1778),#1914,.T.);
#1965=ADVANCED_FACE('',(#1779),#1915,.F.);
#1966=ADVANCED_FACE('',(#1780),#1916,.F.);
#1967=ADVANCED_FACE('',(#1781),#60,.T.);
#1968=ADVANCED_FACE('',(#1782),#61,.T.);
#1969=ADVANCED_FACE('',(#1783),#38,.T.);
#1970=ADVANCED_FACE('',(#1784),#39,.T.);
#1971=ADVANCED_FACE('',(#1785),#40,.T.);
#1972=ADVANCED_FACE('',(#1786),#41,.T.);
#1973=ADVANCED_FACE('',(#1787),#298,.F.);
#1974=ADVANCED_FACE('',(#1788),#299,.F.);
#1975=ADVANCED_FACE('',(#1789),#1917,.T.);
#1976=ADVANCED_FACE('',(#1790),#1918,.F.);
#1977=ADVANCED_FACE('',(#1791),#1919,.F.);
#1978=ADVANCED_FACE('',(#1792),#62,.T.);
#1979=ADVANCED_FACE('',(#1793),#63,.T.);
#1980=ADVANCED_FACE('',(#1794),#42,.T.);
#1981=ADVANCED_FACE('',(#1795),#43,.T.);
#1982=ADVANCED_FACE('',(#1796),#44,.T.);
#1983=ADVANCED_FACE('',(#1797),#45,.T.);
#1984=ADVANCED_FACE('',(#1798),#1920,.T.);
#1985=ADVANCED_FACE('',(#1799),#46,.F.);
#1986=ADVANCED_FACE('',(#1800),#1921,.F.);
#1987=ADVANCED_FACE('',(#1801),#47,.F.);
#1988=ADVANCED_FACE('',(#1802),#1922,.T.);
#1989=ADVANCED_FACE('',(#1803),#1923,.F.);
#1990=ADVANCED_FACE('',(#1804),#48,.T.);
#1991=ADVANCED_FACE('',(#1805),#1924,.T.);
#1992=ADVANCED_FACE('',(#1806),#49,.T.);
#1993=ADVANCED_FACE('',(#1807),#1925,.F.);
#1994=ADVANCED_FACE('',(#1808),#50,.F.);
#1995=ADVANCED_FACE('',(#1809),#51,.F.);
#1996=ADVANCED_FACE('',(#1810),#64,.F.);
#1997=ADVANCED_FACE('',(#1811),#65,.F.);
#1998=ADVANCED_FACE('',(#1812),#1926,.F.);
#1999=ADVANCED_FACE('',(#1813,#1814),#1927,.F.);
#2000=ADVANCED_FACE('',(#1815),#66,.T.);
#2001=ADVANCED_FACE('',(#1816),#52,.T.);
#2002=ADVANCED_FACE('',(#1817),#1928,.F.);
#2003=ADVANCED_FACE('',(#1818),#12,.T.);
#2004=ADVANCED_FACE('',(#1819),#13,.T.);
#2005=ADVANCED_FACE('',(#1820),#300,.T.);
#2006=ADVANCED_FACE('',(#1821),#14,.T.);
#2007=ADVANCED_FACE('',(#1822),#301,.T.);
#2008=ADVANCED_FACE('',(#1823),#1929,.F.);
#2009=ADVANCED_FACE('',(#1824),#302,.T.);
#2010=ADVANCED_FACE('',(#1825),#15,.T.);
#2011=ADVANCED_FACE('',(#1826),#303,.T.);
#2012=ADVANCED_FACE('',(#1827),#304,.T.);
#2013=ADVANCED_FACE('',(#1828),#1930,.T.);
#2014=ADVANCED_FACE('',(#1829,#1830),#53,.F.);
#2015=ADVANCED_FACE('',(#1831,#1832),#16,.F.);
#2016=ADVANCED_FACE('',(#1833,#1834),#1931,.F.);
#2017=ADVANCED_FACE('',(#1835),#1932,.F.);
#2018=ADVANCED_FACE('',(#1836),#67,.T.);
#2019=ADVANCED_FACE('',(#1837),#54,.T.);
#2020=ADVANCED_FACE('',(#1838),#1933,.F.);
#2021=ADVANCED_FACE('',(#1839),#17,.T.);
#2022=ADVANCED_FACE('',(#1840),#18,.T.);
#2023=ADVANCED_FACE('',(#1841),#305,.F.);
#2024=ADVANCED_FACE('',(#1842),#19,.T.);
#2025=ADVANCED_FACE('',(#1843),#306,.F.);
#2026=ADVANCED_FACE('',(#1844),#1934,.F.);
#2027=ADVANCED_FACE('',(#1845),#307,.F.);
#2028=ADVANCED_FACE('',(#1846),#20,.T.);
#2029=ADVANCED_FACE('',(#1847),#308,.F.);
#2030=ADVANCED_FACE('',(#1848),#309,.F.);
#2031=ADVANCED_FACE('',(#1849),#1935,.T.);
#2032=ADVANCED_FACE('',(#1850,#1851),#55,.F.);
#2033=ADVANCED_FACE('',(#1852,#1853),#21,.F.);
#2034=ADVANCED_FACE('',(#1854),#1936,.T.);
#2035=ADVANCED_FACE('',(#1855),#1937,.T.);
#2036=ADVANCED_FACE('',(#1856),#22,.T.);
#2037=ADVANCED_FACE('',(#1857),#310,.F.);
#2038=ADVANCED_FACE('',(#1858),#1938,.T.);
#2039=ADVANCED_FACE('',(#1859),#1939,.T.);
#2040=ADVANCED_FACE('',(#1860),#23,.T.);
#2041=ADVANCED_FACE('',(#1861),#56,.T.);
#2042=ADVANCED_FACE('',(#1862),#1940,.T.);
#2043=ADVANCED_FACE('',(#1863),#57,.F.);
#2044=ADVANCED_FACE('',(#1864),#1941,.T.);
#2045=ADVANCED_FACE('',(#1865),#24,.T.);
#2046=ADVANCED_FACE('',(#1866),#1942,.T.);
#2047=ADVANCED_FACE('',(#1867),#25,.T.);
#2048=ADVANCED_FACE('',(#1868),#1943,.T.);
#2049=ADVANCED_FACE('',(#1869),#58,.F.);
#2050=ADVANCED_FACE('',(#1870),#1944,.T.);
#2051=ADVANCED_FACE('',(#1871),#59,.T.);
#2052=ADVANCED_FACE('',(#1872),#26,.T.);
#2053=ADVANCED_FACE('',(#1873),#1945,.T.);
#2054=ADVANCED_FACE('',(#1874),#1946,.T.);
#2055=ADVANCED_FACE('',(#1875),#311,.F.);
#2056=ADVANCED_FACE('',(#1876),#27,.T.);
#2057=ADVANCED_FACE('',(#1877),#1947,.T.);
#2058=ADVANCED_FACE('',(#1878),#28,.T.);
#2059=ADVANCED_FACE('',(#1879),#29,.T.);
#2060=ADVANCED_FACE('',(#1880),#1948,.T.);
#2061=ADVANCED_FACE('',(#1881),#30,.F.);
#2062=ADVANCED_FACE('',(#1882),#1949,.T.);
#2063=ADVANCED_FACE('',(#1883),#31,.F.);
#2064=ADVANCED_FACE('',(#1884),#1950,.T.);
#2065=ADVANCED_FACE('',(#1885),#32,.F.);
#2066=ADVANCED_FACE('',(#1886),#1951,.T.);
#2067=ADVANCED_FACE('',(#1887),#33,.F.);
#2068=ADVANCED_FACE('',(#1888),#1952,.T.);
#2069=ADVANCED_FACE('',(#1889),#34,.T.);
#2070=ADVANCED_FACE('',(#1890,#1891),#35,.F.);
#2071=ADVANCED_FACE('',(#1892,#1893),#36,.F.);
#2072=ADVANCED_FACE('',(#1894),#37,.T.);
#2073=ADVANCED_FACE('',(#1895,#1896,#1897),#1953,.T.);
#2074=ADVANCED_FACE('',(#1898),#312,.T.);
#2075=ADVANCED_FACE('',(#1899),#1954,.F.);
#2076=ADVANCED_FACE('',(#1900),#313,.T.);
#2077=ADVANCED_FACE('',(#1901),#1955,.T.);
#2078=ADVANCED_FACE('',(#1902),#314,.T.);
#2079=ADVANCED_FACE('',(#1903),#1956,.F.);
#2080=ADVANCED_FACE('',(#1904),#315,.T.);
#2081=ADVANCED_FACE('',(#1905),#316,.T.);
#2082=ADVANCED_FACE('',(#1906),#1957,.T.);
#2083=ADVANCED_FACE('',(#1907),#317,.T.);
#2084=ADVANCED_FACE('',(#1908),#1958,.F.);
#2085=ADVANCED_FACE('',(#1909),#318,.T.);
#2086=ADVANCED_FACE('',(#1910),#1959,.T.);
#2087=ADVANCED_FACE('',(#1911),#319,.T.);
#2088=CLOSED_SHELL('',(#1960,#1961,#1962,#1963,#1964,#1965,#1966,#1967,
#1968,#1969,#1970,#1971,#1972,#1973,#1974,#1975,#1976,#1977,#1978,#1979,
#1980,#1981,#1982,#1983,#1984,#1985,#1986,#1987,#1988,#1989,#1990,#1991,
#1992,#1993,#1994,#1995,#1996,#1997,#1998,#1999,#2000,#2001,#2002,#2003,
#2004,#2005,#2006,#2007,#2008,#2009,#2010,#2011,#2012,#2013,#2014,#2015,
#2016,#2017,#2018,#2019,#2020,#2021,#2022,#2023,#2024,#2025,#2026,#2027,
#2028,#2029,#2030,#2031,#2032,#2033,#2034,#2035,#2036,#2037,#2038,#2039,
#2040,#2041,#2042,#2043,#2044,#2045,#2046,#2047,#2048,#2049,#2050,#2051,
#2052,#2053,#2054,#2055,#2056,#2057,#2058,#2059,#2060,#2061,#2062,#2063,
#2064,#2065,#2066,#2067,#2068,#2069,#2070,#2071,#2072,#2073,#2074,#2075,
#2076,#2077,#2078,#2079,#2080,#2081,#2082,#2083,#2084,#2085,#2086,#2087));
#2089=STYLED_ITEM('',(#2090),#2097);
#2090=PRESENTATION_STYLE_ASSIGNMENT((#2091));
#2091=SURFACE_STYLE_USAGE(.BOTH.,#2092);
#2092=SURFACE_SIDE_STYLE('',(#2093));
#2093=SURFACE_STYLE_FILL_AREA(#2094);
#2094=FILL_AREA_STYLE('',(#2095));
#2095=FILL_AREA_STYLE_COLOUR('',#2096);
#2096=COLOUR_RGB('',0.188235294117647,0.188235294117647,0.188235294117647);
#2097=MANIFOLD_SOLID_BREP('Beacon-Carto_Module',#2088);
#2098=SHAPE_DEFINITION_REPRESENTATION(#4158,#2099);
#2099=SHAPE_REPRESENTATION('Beacon-Carto_Module',(#2100),#4153);
#2100=AXIS2_PLACEMENT_3D('',#2667,#2251,#2252);
#2101=AXIS2_PLACEMENT_3D('',#2668,#2253,#2254);
#2102=AXIS2_PLACEMENT_3D('',#2669,#2255,#2256);
#2103=AXIS2_PLACEMENT_3D('',#2677,#2257,#2258);
#2104=AXIS2_PLACEMENT_3D('',#2678,#2259,#2260);
#2105=AXIS2_PLACEMENT_3D('',#2679,#2261,#2262);
#2106=AXIS2_PLACEMENT_3D('',#2687,#2263,#2264);
#2107=AXIS2_PLACEMENT_3D('',#2803,#2265,#2266);
#2108=AXIS2_PLACEMENT_3D('',#2817,#2270,#2271);
#2109=AXIS2_PLACEMENT_3D('',#2826,#2276,#2277);
#2110=AXIS2_PLACEMENT_3D('',#2913,#2284,#2285);
#2111=AXIS2_PLACEMENT_3D('',#2914,#2286,#2287);
#2112=AXIS2_PLACEMENT_3D('',#2924,#2288,#2289);
#2113=AXIS2_PLACEMENT_3D('',#2925,#2290,#2291);
#2114=AXIS2_PLACEMENT_3D('',#2926,#2292,#2293);
#2115=AXIS2_PLACEMENT_3D('',#2927,#2294,#2295);
#2116=AXIS2_PLACEMENT_3D('',#2928,#2296,#2297);
#2117=AXIS2_PLACEMENT_3D('',#2932,#2299,#2300);
#2118=AXIS2_PLACEMENT_3D('',#2933,#2301,#2302);
#2119=AXIS2_PLACEMENT_3D('',#2934,#2303,#2304);
#2120=AXIS2_PLACEMENT_3D('',#2935,#2305,#2306);
#2121=AXIS2_PLACEMENT_3D('',#3051,#2307,#2308);
#2122=AXIS2_PLACEMENT_3D('',#3065,#2312,#2313);
#2123=AXIS2_PLACEMENT_3D('',#3074,#2318,#2319);
#2124=AXIS2_PLACEMENT_3D('',#3161,#2326,#2327);
#2125=AXIS2_PLACEMENT_3D('',#3166,#2328,#2329);
#2126=AXIS2_PLACEMENT_3D('',#3172,#2330,#2331);
#2127=AXIS2_PLACEMENT_3D('',#3173,#2332,#2333);
#2128=AXIS2_PLACEMENT_3D('',#3174,#2334,#2335);
#2129=AXIS2_PLACEMENT_3D('',#3175,#2336,#2337);
#2130=AXIS2_PLACEMENT_3D('',#3179,#2339,#2340);
#2131=AXIS2_PLACEMENT_3D('',#3180,#2341,#2342);
#2132=AXIS2_PLACEMENT_3D('',#3181,#2343,#2344);
#2133=AXIS2_PLACEMENT_3D('',#3182,#2345,#2346);
#2134=AXIS2_PLACEMENT_3D('',#3183,#2347,#2348);
#2135=AXIS2_PLACEMENT_3D('',#3184,#2349,#2350);
#2136=AXIS2_PLACEMENT_3D('',#3193,#2355,#2356);
#2137=AXIS2_PLACEMENT_3D('',#3205,#2358,#2359);
#2138=AXIS2_PLACEMENT_3D('',#3211,#2363,#2364);
#2139=AXIS2_PLACEMENT_3D('',#3223,#2366,#2367);
#2140=AXIS2_PLACEMENT_3D('',#3229,#2371,#2372);
#2141=AXIS2_PLACEMENT_3D('',#3241,#2376,#2377);
#2142=AXIS2_PLACEMENT_3D('',#3253,#2379,#2380);
#2143=AXIS2_PLACEMENT_3D('',#3259,#2384,#2385);
#2144=AXIS2_PLACEMENT_3D('',#3271,#2387,#2388);
#2145=AXIS2_PLACEMENT_3D('',#3280,#2391,#2392);
#2146=AXIS2_PLACEMENT_3D('',#3309,#2393,#2394);
#2147=AXIS2_PLACEMENT_3D('',#3378,#2395,#2396);
#2148=AXIS2_PLACEMENT_3D('',#3388,#2399,#2400);
#2149=AXIS2_PLACEMENT_3D('',#3389,#2401,#2402);
#2150=AXIS2_PLACEMENT_3D('',#3419,#2404,#2405);
#2151=AXIS2_PLACEMENT_3D('',#3423,#2407,#2408);
#2152=AXIS2_PLACEMENT_3D('',#3425,#2409,#2410);
#2153=AXIS2_PLACEMENT_3D('',#3429,#2412,#2413);
#2154=AXIS2_PLACEMENT_3D('',#3470,#2414,#2415);
#2155=AXIS2_PLACEMENT_3D('',#3471,#2416,#2417);
#2156=AXIS2_PLACEMENT_3D('',#3472,#2418,#2419);
#2157=AXIS2_PLACEMENT_3D('',#3473,#2420,#2421);
#2158=AXIS2_PLACEMENT_3D('',#3476,#2424,#2425);
#2159=AXIS2_PLACEMENT_3D('',#3481,#2426,#2427);
#2160=AXIS2_PLACEMENT_3D('',#3498,#2428,#2429);
#2161=AXIS2_PLACEMENT_3D('',#3512,#2431,#2432);
#2162=AXIS2_PLACEMENT_3D('',#3526,#2434,#2435);
#2163=AXIS2_PLACEMENT_3D('',#3559,#2436,#2437);
#2164=AXIS2_PLACEMENT_3D('',#3560,#2438,#2439);
#2165=AXIS2_PLACEMENT_3D('',#3561,#2440,#2441);
#2166=AXIS2_PLACEMENT_3D('',#3563,#2442,#2443);
#2167=AXIS2_PLACEMENT_3D('',#3565,#2444,#2445);
#2168=AXIS2_PLACEMENT_3D('',#3566,#2446,#2447);
#2169=AXIS2_PLACEMENT_3D('',#3567,#2448,#2449);
#2170=AXIS2_PLACEMENT_3D('',#3575,#2450,#2451);
#2171=AXIS2_PLACEMENT_3D('',#3579,#2453,#2454);
#2172=AXIS2_PLACEMENT_3D('',#3581,#2455,#2456);
#2173=AXIS2_PLACEMENT_3D('',#3585,#2458,#2459);
#2174=AXIS2_PLACEMENT_3D('',#3608,#2461,#2462);
#2175=AXIS2_PLACEMENT_3D('',#3658,#2465,#2466);
#2176=AXIS2_PLACEMENT_3D('',#3659,#2467,#2468);
#2177=AXIS2_PLACEMENT_3D('',#3660,#2469,#2470);
#2178=AXIS2_PLACEMENT_3D('',#3661,#2471,#2472);
#2179=AXIS2_PLACEMENT_3D('',#3664,#2475,#2476);
#2180=AXIS2_PLACEMENT_3D('',#3669,#2477,#2478);
#2181=AXIS2_PLACEMENT_3D('',#3686,#2479,#2480);
#2182=AXIS2_PLACEMENT_3D('',#3700,#2482,#2483);
#2183=AXIS2_PLACEMENT_3D('',#3714,#2485,#2486);
#2184=AXIS2_PLACEMENT_3D('',#3747,#2487,#2488);
#2185=AXIS2_PLACEMENT_3D('',#3748,#2489,#2490);
#2186=AXIS2_PLACEMENT_3D('',#3749,#2491,#2492);
#2187=AXIS2_PLACEMENT_3D('',#3751,#2493,#2494);
#2188=AXIS2_PLACEMENT_3D('',#3753,#2495,#2496);
#2189=AXIS2_PLACEMENT_3D('',#3754,#2497,#2498);
#2190=AXIS2_PLACEMENT_3D('',#3795,#2505,#2506);
#2191=AXIS2_PLACEMENT_3D('',#3808,#2511,#2512);
#2192=AXIS2_PLACEMENT_3D('',#3832,#2514,#2515);
#2193=AXIS2_PLACEMENT_3D('',#3836,#2518,#2519);
#2194=AXIS2_PLACEMENT_3D('',#3843,#2521,#2522);
#2195=AXIS2_PLACEMENT_3D('',#3849,#2523,#2524);
#2196=AXIS2_PLACEMENT_3D('',#3850,#2525,#2526);
#2197=AXIS2_PLACEMENT_3D('',#3856,#2527,#2528);
#2198=AXIS2_PLACEMENT_3D('',#3857,#2529,#2530);
#2199=AXIS2_PLACEMENT_3D('',#3864,#2532,#2533);
#2200=AXIS2_PLACEMENT_3D('',#3870,#2534,#2535);
#2201=AXIS2_PLACEMENT_3D('',#3871,#2536,#2537);
#2202=AXIS2_PLACEMENT_3D('',#3875,#2540,#2541);
#2203=AXIS2_PLACEMENT_3D('',#3878,#2543,#2544);
#2204=AXIS2_PLACEMENT_3D('',#3879,#2545,#2546);
#2205=AXIS2_PLACEMENT_3D('',#3883,#2549,#2550);
#2206=AXIS2_PLACEMENT_3D('',#3886,#2552,#2553);
#2207=AXIS2_PLACEMENT_3D('',#3887,#2554,#2555);
#2208=AXIS2_PLACEMENT_3D('',#3894,#2557,#2558);
#2209=AXIS2_PLACEMENT_3D('',#3900,#2559,#2560);
#2210=AXIS2_PLACEMENT_3D('',#3901,#2561,#2562);
#2211=AXIS2_PLACEMENT_3D('',#3908,#2564,#2565);
#2212=AXIS2_PLACEMENT_3D('',#3914,#2566,#2567);
#2213=AXIS2_PLACEMENT_3D('',#3915,#2568,#2569);
#2214=AXIS2_PLACEMENT_3D('',#3921,#2570,#2571);
#2215=AXIS2_PLACEMENT_3D('',#3922,#2572,#2573);
#2216=AXIS2_PLACEMENT_3D('',#3926,#2576,#2577);
#2217=AXIS2_PLACEMENT_3D('',#3953,#2581,#2582);
#2218=AXIS2_PLACEMENT_3D('',#3955,#2584,#2585);
#2219=AXIS2_PLACEMENT_3D('',#3959,#2588,#2589);
#2220=AXIS2_PLACEMENT_3D('',#3965,#2590,#2591);
#2221=AXIS2_PLACEMENT_3D('',#3966,#2592,#2593);
#2222=AXIS2_PLACEMENT_3D('',#3969,#2595,#2596);
#2223=AXIS2_PLACEMENT_3D('',#3970,#2597,#2598);
#2224=AXIS2_PLACEMENT_3D('',#3974,#2601,#2602);
#2225=AXIS2_PLACEMENT_3D('',#3977,#2604,#2605);
#2226=AXIS2_PLACEMENT_3D('',#3978,#2606,#2607);
#2227=AXIS2_PLACEMENT_3D('',#3982,#2610,#2611);
#2228=AXIS2_PLACEMENT_3D('',#3985,#2613,#2614);
#2229=AXIS2_PLACEMENT_3D('',#3986,#2615,#2616);
#2230=AXIS2_PLACEMENT_3D('',#3990,#2619,#2620);
#2231=AXIS2_PLACEMENT_3D('',#3993,#2622,#2623);
#2232=AXIS2_PLACEMENT_3D('',#3994,#2624,#2625);
#2233=AXIS2_PLACEMENT_3D('',#3998,#2628,#2629);
#2234=AXIS2_PLACEMENT_3D('',#4001,#2631,#2632);
#2235=AXIS2_PLACEMENT_3D('',#4002,#2633,#2634);
#2236=AXIS2_PLACEMENT_3D('',#4006,#2637,#2638);
#2237=AXIS2_PLACEMENT_3D('',#4012,#2639,#2640);
#2238=AXIS2_PLACEMENT_3D('',#4013,#2641,#2642);
#2239=AXIS2_PLACEMENT_3D('',#4014,#2643,#2644);
#2240=AXIS2_PLACEMENT_3D('',#4016,#2645,#2646);
#2241=AXIS2_PLACEMENT_3D('',#4017,#2647,#2648);
#2242=AXIS2_PLACEMENT_3D('',#4019,#2649,#2650);
#2243=AXIS2_PLACEMENT_3D('',#4020,#2651,#2652);
#2244=AXIS2_PLACEMENT_3D('',#4021,#2653,#2654);
#2245=AXIS2_PLACEMENT_3D('',#4038,#2655,#2656);
#2246=AXIS2_PLACEMENT_3D('',#4055,#2657,#2658);
#2247=AXIS2_PLACEMENT_3D('',#4072,#2659,#2660);
#2248=AXIS2_PLACEMENT_3D('',#4105,#2661,#2662);
#2249=AXIS2_PLACEMENT_3D('',#4122,#2663,#2664);
#2250=AXIS2_PLACEMENT_3D('',#4139,#2665,#2666);
#2251=DIRECTION('',(0.,0.,1.));
#2252=DIRECTION('',(1.,0.,0.));
#2253=DIRECTION('',(0.,0.,-1.));
#2254=DIRECTION('',(1.,0.,0.));
#2255=DIRECTION('',(0.,0.,-1.));
#2256=DIRECTION('',(-1.,0.,0.));
#2257=DIRECTION('',(0.,0.,-1.));
#2258=DIRECTION('',(-0.780868809214627,-0.624695047839928,0.));
#2259=DIRECTION('',(0.,0.,-1.));
#2260=DIRECTION('',(1.,0.,0.));
#2261=DIRECTION('',(0.,0.,-1.));
#2262=DIRECTION('',(0.780868809214627,-0.624695047839928,0.));
#2263=DIRECTION('',(0.,0.,-1.));
#2264=DIRECTION('',(-1.,0.,0.));
#2265=DIRECTION('',(-0.999591914362403,9.39387052672308E-15,-0.0285657967035026));
#2266=DIRECTION('',(-0.0285657967035026,0.,0.999591914362403));
#2267=DIRECTION('',(-0.0285583404796595,-0.0228466724008519,0.999331001595195));
#2268=DIRECTION('',(-9.39770559540293E-15,-1.,0.));
#2269=DIRECTION('',(-1.57707796483106E-30,1.,3.28850289884309E-13));
#2270=DIRECTION('',(-2.21680268736617E-14,-1.,-1.73472347597596E-16));
#2271=DIRECTION('',(1.,-2.21680268736617E-14,0.));
#2272=DIRECTION('',(-1.30104260852069E-16,-1.73472347597593E-16,1.));
#2273=DIRECTION('',(1.,-2.21680268736617E-14,0.));
#2274=DIRECTION('',(7.00649232162409E-46,-1.73472347597596E-16,1.));
#2275=DIRECTION('',(-1.,2.21680268736617E-14,1.63173642388129E-16));
#2276=DIRECTION('',(-1.,1.25490605810757E-14,2.17691499914369E-30));
#2277=DIRECTION('',(-1.25490605810757E-14,-1.,0.));
#2278=DIRECTION('',(1.25490605810757E-14,1.,0.));
#2279=DIRECTION('',(1.57355975637816E-15,0.125392633672605,0.992107195529116));
#2280=DIRECTION('',(-1.25490605810757E-14,-1.,0.));
#2281=DIRECTION('',(-1.3061490019577E-30,-2.77555756353104E-16,1.));
#2282=DIRECTION('',(1.25490605810757E-14,1.,3.28850289884309E-13));
#2283=DIRECTION('',(-1.34629749960007E-42,-1.73472347597706E-16,1.));
#2284=DIRECTION('',(-0.0285583404796595,-0.0228466724008519,0.999331001595195));
#2285=DIRECTION('',(0.999591914362403,0.,0.0285657967035029));
#2286=DIRECTION('',(-0.780738198294472,-0.624590559103721,-0.0182893193531781));
#2287=DIRECTION('',(0.0142815590246595,0.0114252472282913,-0.999832736410245));
#2288=DIRECTION('',(0.,1.73472347597596E-16,-1.));
#2289=DIRECTION('',(0.,1.,1.73472347597596E-16));
#2290=DIRECTION('',(0.,0.,-1.));
#2291=DIRECTION('',(-1.,0.,0.));
#2292=DIRECTION('',(0.,0.,-1.));
#2293=DIRECTION('',(-1.,0.,0.));
#2294=DIRECTION('',(1.3061490019577E-30,2.77555756353104E-16,-1.));
#2295=DIRECTION('',(0.,1.,2.77555756353104E-16));
#2296=DIRECTION('',(0.,0.,-1.));
#2297=DIRECTION('',(-1.,0.,0.));
#2298=DIRECTION('',(1.3061490019577E-30,2.77555756353104E-16,-1.));
#2299=DIRECTION('',(0.,0.,-1.));
#2300=DIRECTION('',(-1.,0.,0.));
#2301=DIRECTION('',(1.30104260852069E-16,1.73472347597593E-16,-1.));
#2302=DIRECTION('',(0.,1.,1.73472347597593E-16));
#2303=DIRECTION('',(0.,0.,-1.));
#2304=DIRECTION('',(-1.,0.,0.));
#2305=DIRECTION('',(0.,0.,-1.));
#2306=DIRECTION('',(-1.,0.,0.));
#2307=DIRECTION('',(0.999591914362403,9.39387052672308E-15,-0.0285657967035026));
#2308=DIRECTION('',(0.0285657967035026,0.,0.999591914362403));
#2309=DIRECTION('',(-9.39770559540293E-15,1.,0.));
#2310=DIRECTION('',(0.0285583404796595,-0.0228466724008519,0.999331001595195));
#2311=DIRECTION('',(1.57707796483106E-30,1.,3.28850289884309E-13));
#2312=DIRECTION('',(2.21680268736617E-14,-1.,-1.73472347597596E-16));
#2313=DIRECTION('',(-1.,-2.21680268736617E-14,0.));
#2314=DIRECTION('',(-7.00649232162409E-46,-1.73472347597596E-16,1.));
#2315=DIRECTION('',(1.,2.21680268736617E-14,0.));
#2316=DIRECTION('',(1.30104260852069E-16,-1.73472347597593E-16,1.));
#2317=DIRECTION('',(1.,2.21680268736617E-14,1.63173642388129E-16));
#2318=DIRECTION('',(1.,1.25490605810757E-14,2.17691499914369E-30));
#2319=DIRECTION('',(1.25490605810757E-14,-1.,0.));
#2320=DIRECTION('',(1.3061490019577E-30,-2.77555756353104E-16,1.));
#2321=DIRECTION('',(-1.25490605810757E-14,1.,0.));
#2322=DIRECTION('',(1.57355975638124E-15,-0.125392633672851,-0.992107195529085));
#2323=DIRECTION('',(1.25490605810757E-14,-1.,0.));
#2324=DIRECTION('',(1.34629749960007E-42,-1.73472347597706E-16,1.));
#2325=DIRECTION('',(-1.25490605810757E-14,1.,3.28850289884309E-13));
#2326=DIRECTION('',(0.0285583404796595,-0.0228466724008519,0.999331001595195));
#2327=DIRECTION('',(-0.999591914362403,0.,0.0285657967035029));
#2328=DIRECTION('',(-0.780738198294472,0.624590559103721,0.0182893193531781));
#2329=DIRECTION('',(-0.0142815590246595,0.0114252472282913,-0.999832736410245));
#2330=DIRECTION('',(0.,1.73472347597596E-16,-1.));
#2331=DIRECTION('',(0.,1.,1.73472347597596E-16));
#2332=DIRECTION('',(0.,0.,-1.));
#2333=DIRECTION('',(-1.,0.,0.));
#2334=DIRECTION('',(0.,0.,1.));
#2335=DIRECTION('',(1.,0.,0.));
#2336=DIRECTION('',(-1.3061490019577E-30,2.77555756353104E-16,-1.));
#2337=DIRECTION('',(0.,1.,2.77555756353104E-16));
#2338=DIRECTION('',(-1.3061490019577E-30,2.77555756353104E-16,-1.));
#2339=DIRECTION('',(0.,0.,-1.));
#2340=DIRECTION('',(-1.,0.,0.));
#2341=DIRECTION('',(0.,0.,1.));
#2342=DIRECTION('',(1.,0.,0.));
#2343=DIRECTION('',(-1.30104260852069E-16,1.73472347597593E-16,-1.));
#2344=DIRECTION('',(0.,1.,1.73472347597593E-16));
#2345=DIRECTION('',(0.,0.,-1.));
#2346=DIRECTION('',(-1.,0.,0.));
#2347=DIRECTION('',(0.,0.,1.));
#2348=DIRECTION('',(1.,0.,0.));
#2349=DIRECTION('',(-0.420955526123867,0.899921862903334,-0.11374131041258));
#2350=DIRECTION('',(-0.90580014379115,-0.423705203541249,0.));
#2351=DIRECTION('',(2.66748942324409E-13,-0.125392633672729,-0.9921071955291));
#2352=DIRECTION('',(0.90580014379115,0.423705203541249,-6.98247097089595E-18));
#2353=DIRECTION('',(-1.58142305693769E-15,0.125392633672851,0.992107195529085));
#2354=DIRECTION('',(-0.90580014379115,-0.423705203541249,0.));
#2355=DIRECTION('',(2.66748942324409E-13,-0.125392633672729,-0.9921071955291));
#2356=DIRECTION('',(-0.999893850114632,-0.0144551245048248,0.00182698617611954));
#2357=DIRECTION('',(2.66748942324409E-13,-0.125392633672729,-0.9921071955291));
#2358=DIRECTION('',(0.,-0.9921071955291,0.125392633672729));
#2359=DIRECTION('',(0.,-0.125392633672729,-0.992107195529101));
#2360=DIRECTION('',(2.66748942324409E-13,-0.125392633672729,-0.9921071955291));
#2361=DIRECTION('',(1.,0.,0.));
#2362=DIRECTION('',(1.,0.,0.));
#2363=DIRECTION('',(2.66748942324409E-13,-0.125392633672729,-0.9921071955291));
#2364=DIRECTION('',(-0.999893788907343,-0.0144592911815355,0.00182751280325101));
#2365=DIRECTION('',(2.66748942324409E-13,-0.125392633672729,-0.9921071955291));
#2366=DIRECTION('',(0.420955526123878,0.899921862903358,-0.113741310412357));
#2367=DIRECTION('',(-0.90580014379115,0.423705203541249,0.));
#2368=DIRECTION('',(-1.56864223156571E-15,-0.125392633672605,-0.992107195529116));
#2369=DIRECTION('',(0.90580014379115,-0.423705203541249,-8.16836087540982E-20));
#2370=DIRECTION('',(-0.90580014379115,0.423705203541249,0.));
#2371=DIRECTION('',(0.420955526123878,0.899921862903358,-0.113741310412357));
#2372=DIRECTION('',(-0.90580014379115,0.423705203541249,0.));
#2373=DIRECTION('',(2.66748942324409E-13,-0.125392633672729,-0.9921071955291));
#2374=DIRECTION('',(-0.90580014379115,0.423705203541249,0.));
#2375=DIRECTION('',(-0.90580014379115,0.423705203541249,0.));
#2376=DIRECTION('',(2.66748942324409E-13,-0.125392633672729,-0.9921071955291));
#2377=DIRECTION('',(-0.999893774279361,-0.0144602868013293,0.00182763863984268));
#2378=DIRECTION('',(2.66748942324409E-13,-0.125392633672729,-0.9921071955291));
#2379=DIRECTION('',(0.,-0.9921071955291,0.125392633672729));
#2380=DIRECTION('',(0.,-0.125392633672729,-0.992107195529101));
#2381=DIRECTION('',(2.66748942324409E-13,-0.125392633672729,-0.9921071955291));
#2382=DIRECTION('',(-1.,0.,0.));
#2383=DIRECTION('',(1.,0.,0.));
#2384=DIRECTION('',(2.66748942324409E-13,-0.125392633672729,-0.9921071955291));
#2385=DIRECTION('',(-0.999893835290163,-0.0144561337884856,0.00182711373969034));
#2386=DIRECTION('',(2.66748942324409E-13,-0.125392633672729,-0.9921071955291));
#2387=DIRECTION('',(-0.420955526123866,0.899921862903334,-0.11374131041258));
#2388=DIRECTION('',(-0.90580014379115,-0.423705203541249,0.));
#2389=DIRECTION('',(-0.90580014379115,-0.423705203541249,8.86077149716224E-20));
#2390=DIRECTION('',(-0.90580014379115,-0.423705203541249,0.));
#2391=DIRECTION('',(1.57355975637816E-15,0.125392633672605,0.992107195529116));
#2392=DIRECTION('',(0.,-0.992107195529116,0.125392633672605));
#2393=DIRECTION('',(1.57355975638124E-15,-0.125392633672851,-0.992107195529085));
#2394=DIRECTION('',(0.,0.992107195529085,-0.125392633672851));
#2395=DIRECTION('',(-0.62469504755405,0.78086880944333,1.3545914553996E-16));
#2396=DIRECTION('',(-0.78086880944333,-0.62469504755405,0.));
#2397=DIRECTION('',(0.78086880944333,0.62469504755405,0.));
#2398=DIRECTION('',(-1.23259516440783E-32,-1.73472347597706E-16,1.));
#2399=DIRECTION('',(-1.63173642380839E-16,3.28850289884309E-13,-1.));
#2400=DIRECTION('',(1.,5.36596995984177E-29,-1.63173642380839E-16));
#2401=DIRECTION('',(-1.63173642380839E-16,3.28850289884309E-13,-1.));
#2402=DIRECTION('',(0.,1.,3.28850289884309E-13));
#2403=DIRECTION('',(1.12103877145985E-44,-1.,-3.28850289884309E-13));
#2404=DIRECTION('',(-1.63173642380839E-16,3.28850289884309E-13,-1.));
#2405=DIRECTION('',(0.,1.,3.28850289884309E-13));
#2406=DIRECTION('',(1.25490605810757E-14,1.,3.28850289884309E-13));
#2407=DIRECTION('',(-1.63173642380839E-16,3.28850289884309E-13,-1.));
#2408=DIRECTION('',(0.,1.,3.28850289884309E-13));
#2409=DIRECTION('',(-1.63173642380839E-16,3.28850289884309E-13,-1.));
#2410=DIRECTION('',(0.,1.,3.28850289884309E-13));
#2411=DIRECTION('',(-1.,2.21680268736617E-14,1.63173642388129E-16));
#2412=DIRECTION('',(-1.63173642380839E-16,3.28850289884309E-13,-1.));
#2413=DIRECTION('',(0.,1.,3.28850289884309E-13));
#2414=DIRECTION('',(1.34635185852689E-42,1.73472347597706E-16,-1.));
#2415=DIRECTION('',(0.,1.,1.73472347597706E-16));
#2416=DIRECTION('',(0.,0.,1.));
#2417=DIRECTION('',(1.,0.,0.));
#2418=DIRECTION('',(0.,0.,-1.));
#2419=DIRECTION('',(-1.,0.,0.));
#2420=DIRECTION('',(-0.707106781186665,2.41405795806719E-13,-0.70710678118643));
#2421=DIRECTION('',(-1.25490605810757E-14,-1.,-3.28850289884309E-13));
#2422=DIRECTION('',(0.707106781186428,2.23860838835884E-13,-0.707106781186667));
#2423=DIRECTION('',(-0.707106781186431,-2.2309419212754E-13,0.707106781186664));
#2424=DIRECTION('',(0.,0.,-1.));
#2425=DIRECTION('',(-1.,0.,0.));
#2426=DIRECTION('',(0.,0.,-1.));
#2427=DIRECTION('',(-1.,0.,0.));
#2428=DIRECTION('',(0.,0.,-1.));
#2429=DIRECTION('',(-1.,0.,0.));
#2430=DIRECTION('',(1.83995210001944E-14,0.707106781186431,-0.707106781186664));
#2431=DIRECTION('',(-1.57905433169355E-14,-0.707106781186551,-0.707106781186544));
#2432=DIRECTION('',(1.,-2.21680268736617E-14,-1.63173642388129E-16));
#2433=DIRECTION('',(1.2266347333471E-14,0.707106781186546,-0.707106781186549));
#2434=DIRECTION('',(0.,0.,-1.));
#2435=DIRECTION('',(-1.,0.,0.));
#2436=DIRECTION('',(-0.717135202281907,-2.2918697182771E-13,0.696934072669781));
#2437=DIRECTION('',(-1.57772181044203E-30,-1.,-3.28850289884309E-13));
#2438=DIRECTION('',(0.,0.,1.));
#2439=DIRECTION('',(1.,0.,0.));
#2440=DIRECTION('',(0.,0.,-1.));
#2441=DIRECTION('',(-1.,0.,0.));
#2442=DIRECTION('',(0.,0.,-1.));
#2443=DIRECTION('',(-1.,0.,0.));
#2444=DIRECTION('',(0.,0.,1.));
#2445=DIRECTION('',(1.,0.,0.));
#2446=DIRECTION('',(1.63173642380839E-16,3.28850289884309E-13,-1.));
#2447=DIRECTION('',(-1.,5.36596995984177E-29,-1.63173642380839E-16));
#2448=DIRECTION('',(-1.63173642380839E-16,-3.28850289884309E-13,1.));
#2449=DIRECTION('',(0.,1.,3.28850289884309E-13));
#2450=DIRECTION('',(-1.63173642380839E-16,-3.28850289884309E-13,1.));
#2451=DIRECTION('',(0.,1.,3.28850289884309E-13));
#2452=DIRECTION('',(1.,2.21680268736617E-14,1.63173642388129E-16));
#2453=DIRECTION('',(-1.63173642380839E-16,-3.28850289884309E-13,1.));
#2454=DIRECTION('',(0.,1.,3.28850289884309E-13));
#2455=DIRECTION('',(-1.63173642380839E-16,-3.28850289884309E-13,1.));
#2456=DIRECTION('',(0.,1.,3.28850289884309E-13));
#2457=DIRECTION('',(-1.25490605810757E-14,1.,3.28850289884309E-13));
#2458=DIRECTION('',(-1.63173642380839E-16,-3.28850289884309E-13,1.));
#2459=DIRECTION('',(0.,1.,3.28850289884309E-13));
#2460=DIRECTION('',(-1.12103877145985E-44,-1.,-3.28850289884309E-13));
#2461=DIRECTION('',(0.62469504755405,0.78086880944333,1.3545914553996E-16));
#2462=DIRECTION('',(0.78086880944333,-0.62469504755405,0.));
#2463=DIRECTION('',(0.78086880944333,-0.62469504755405,0.));
#2464=DIRECTION('',(1.23259516440783E-32,-1.73472347597706E-16,1.));
#2465=DIRECTION('',(-1.34635185852689E-42,1.73472347597706E-16,-1.));
#2466=DIRECTION('',(0.,1.,1.73472347597706E-16));
#2467=DIRECTION('',(0.,0.,1.));
#2468=DIRECTION('',(1.,0.,0.));
#2469=DIRECTION('',(0.,0.,1.));
#2470=DIRECTION('',(1.,0.,0.));
#2471=DIRECTION('',(0.707106781186665,2.41405795806719E-13,-0.70710678118643));
#2472=DIRECTION('',(1.25490605810757E-14,-1.,-3.28850289884309E-13));
#2473=DIRECTION('',(-0.707106781186428,2.23860838835884E-13,-0.707106781186667));
#2474=DIRECTION('',(0.707106781186431,-2.2309419212754E-13,0.707106781186664));
#2475=DIRECTION('',(0.,0.,-1.));
#2476=DIRECTION('',(1.,0.,0.));
#2477=DIRECTION('',(0.,0.,-1.));
#2478=DIRECTION('',(1.,0.,0.));
#2479=DIRECTION('',(0.,0.,-1.));
#2480=DIRECTION('',(1.,0.,0.));
#2481=DIRECTION('',(-1.83995210001944E-14,0.707106781186431,-0.707106781186664));
#2482=DIRECTION('',(1.57905433169355E-14,-0.707106781186551,-0.707106781186544));
#2483=DIRECTION('',(-1.,-2.21680268736617E-14,-1.63173642388129E-16));
#2484=DIRECTION('',(-1.2266347333471E-14,0.707106781186546,-0.707106781186549));
#2485=DIRECTION('',(0.,0.,-1.));
#2486=DIRECTION('',(1.,0.,0.));
#2487=DIRECTION('',(0.717135202281907,-2.2918697182771E-13,0.696934072669781));
#2488=DIRECTION('',(1.57772181044203E-30,-1.,-3.28850289884309E-13));
#2489=DIRECTION('',(0.,0.,1.));
#2490=DIRECTION('',(-1.,0.,0.));
#2491=DIRECTION('',(0.,0.,1.));
#2492=DIRECTION('',(1.,0.,0.));
#2493=DIRECTION('',(0.,0.,-1.));
#2494=DIRECTION('',(-1.,0.,0.));
#2495=DIRECTION('',(0.,0.,1.));
#2496=DIRECTION('',(-1.,0.,0.));
#2497=DIRECTION('',(0.,0.,1.));
#2498=DIRECTION('',(1.,0.,0.));
#2499=DIRECTION('',(-0.90580014379115,-0.423705203541249,0.));
#2500=DIRECTION('',(-1.,0.,0.));
#2501=DIRECTION('',(-0.90580014379115,0.423705203541249,0.));
#2502=DIRECTION('',(0.90580014379115,-0.423705203541249,0.));
#2503=DIRECTION('',(1.,0.,0.));
#2504=DIRECTION('',(0.90580014379115,0.423705203541249,0.));
#2505=DIRECTION('',(-1.56751621278919E-14,0.707106781186548,-0.707106781186548));
#2506=DIRECTION('',(1.56751621278919E-14,-0.707106781186548,-0.707106781186548));
#2507=DIRECTION('',(-1.47196168001604E-14,0.707106781186548,0.707106781186548));
#2508=DIRECTION('',(0.577350269189618,0.577350269189636,0.577350269189623));
#2509=DIRECTION('',(-1.,-2.21680268736617E-14,0.));
#2510=DIRECTION('',(-1.56751621278919E-14,0.707106781186548,0.707106781186548));
#2511=DIRECTION('',(0.,0.,1.));
#2512=DIRECTION('',(-1.,0.,0.));
#2513=DIRECTION('',(0.707106781186548,6.64518135410417E-15,0.707106781186548));
#2514=DIRECTION('',(0.707106781186548,6.64518135410417E-15,-0.707106781186548));
#2515=DIRECTION('',(-0.707106781186548,-6.64518135410417E-15,-0.707106781186548));
#2516=DIRECTION('',(0.707106190196329,-0.0012928929060094,0.707106190196329));
#2517=DIRECTION('',(-9.39770559540293E-15,1.,0.));
#2518=DIRECTION('',(0.707102053274677,-0.00258577932859867,-0.707106781186548));
#2519=DIRECTION('',(-0.707102053274677,0.00258577932859866,-0.707106781186548));
#2520=DIRECTION('',(0.00365684419580822,0.999993313722911,0.));
#2521=DIRECTION('',(-1.55452200718464E-14,8.1620722147431E-15,1.));
#2522=DIRECTION('',(0.843055310320816,-0.537826871530116,1.76000398466889E-14));
#2523=DIRECTION('',(0.,0.,-1.));
#2524=DIRECTION('',(-1.,0.,0.));
#2525=DIRECTION('',(-0.29192624719076,0.644045116223321,-0.70709614231023));
#2526=DIRECTION('',(0.,0.739299409052391,0.673376851231749));
#2527=DIRECTION('',(0.,0.,-1.));
#2528=DIRECTION('',(-0.412839846642285,0.910803634722861,0.));
#2529=DIRECTION('',(0.266924906196737,-0.654790878412233,-0.707106781186548));
#2530=DIRECTION('',(-0.266924906196737,0.654790878412233,-0.707106781186548));
#2531=DIRECTION('',(0.926014140768772,0.377488822478591,0.));
#2532=DIRECTION('',(0.283323924186544,-0.647908918082457,0.707065476354742));
#2533=DIRECTION('',(-0.283288416948671,0.647834284889997,0.707148083603274));
#2534=DIRECTION('',(0.,0.,-1.));
#2535=DIRECTION('',(0.400657133569375,-0.916228061849217,0.));
#2536=DIRECTION('',(0.299604822648044,-0.640497424074472,-0.707106781186548));
#2537=DIRECTION('',(-0.299604822648044,0.640497424074472,-0.707106781186548));
#2538=DIRECTION('',(0.299837026331779,-0.640388755085937,0.707106781186548));
#2539=DIRECTION('',(0.90580014379115,0.423705203541249,0.));
#2540=DIRECTION('',(0.,0.,1.));
#2541=DIRECTION('',(-1.,0.,0.));
#2542=DIRECTION('',(0.,-0.707106781186548,0.707106781186548));
#2543=DIRECTION('',(0.,0.,-1.));
#2544=DIRECTION('',(-1.,0.,0.));
#2545=DIRECTION('',(0.,-0.707106781186548,-0.707106781186548));
#2546=DIRECTION('',(0.,0.707106781186548,-0.707106781186548));
#2547=DIRECTION('',(0.000526206164796602,-0.707106585393653,0.707106781186548));
#2548=DIRECTION('',(1.,0.,0.));
#2549=DIRECTION('',(0.,0.,1.));
#2550=DIRECTION('',(-1.,0.,0.));
#2551=DIRECTION('',(-0.299604822648044,-0.640497424074472,0.707106781186548));
#2552=DIRECTION('',(0.,0.,-1.));
#2553=DIRECTION('',(-1.,0.,0.));
#2554=DIRECTION('',(-0.299604822648044,-0.640497424074472,-0.707106781186548));
#2555=DIRECTION('',(0.299604822648044,0.640497424074472,-0.707106781186548));
#2556=DIRECTION('',(0.90580014379115,-0.423705203541249,0.));
#2557=DIRECTION('',(-0.283161299351226,-0.647980913270873,0.707064646681172));
#2558=DIRECTION('',(0.283125637292622,0.647904536252226,0.707148913179844));
#2559=DIRECTION('',(0.,0.,-1.));
#2560=DIRECTION('',(-0.400426691002479,-0.916328797502733,0.));
#2561=DIRECTION('',(-0.266924906196737,-0.654790878412233,-0.707106781186548));
#2562=DIRECTION('',(0.266924906196737,0.654790878412233,-0.707106781186548));
#2563=DIRECTION('',(0.926014140768772,-0.377488822478591,0.));
#2564=DIRECTION('',(0.279471719081067,0.649546369829917,-0.707096225187669));
#2565=DIRECTION('',(0.,0.736440488692695,0.676502333044066));
#2566=DIRECTION('',(0.,0.,-1.));
#2567=DIRECTION('',(0.395226795394018,0.918583572791597,0.));
#2568=DIRECTION('',(-2.27202638113026E-14,-1.78968923545604E-14,1.));
#2569=DIRECTION('',(-0.843766863599029,-0.536709865655792,-2.87692692758157E-14));
#2570=DIRECTION('',(0.,0.,-1.));
#2571=DIRECTION('',(-1.,0.,0.));
#2572=DIRECTION('',(-0.707102053274528,-0.00258577936936898,-0.707106781186548));
#2573=DIRECTION('',(0.707102053274528,0.00258577936936898,-0.707106781186548));
#2574=DIRECTION('',(-0.70710619019631,-0.00129289292639159,0.70710619019631));
#2575=DIRECTION('',(0.00365684425346615,-0.9999933137227,0.));
#2576=DIRECTION('',(-0.707106781186548,6.64518135410417E-15,-0.707106781186548));
#2577=DIRECTION('',(0.707106781186548,-6.64518135410417E-15,-0.707106781186548));
#2578=DIRECTION('',(-0.707020143634364,-0.00242760502467785,0.707189241454568));
#2579=DIRECTION('',(-0.577350269189618,0.577350269189636,0.577350269189623));
#2580=DIRECTION('',(-9.39770559540293E-15,-1.,0.));
#2581=DIRECTION('',(0.,0.,1.));
#2582=DIRECTION('',(-1.,0.,0.));
#2583=DIRECTION('',(1.56751621278919E-14,0.707106781186548,0.707106781186548));
#2584=DIRECTION('',(1.56751621278919E-14,0.707106781186548,-0.707106781186548));
#2585=DIRECTION('',(-1.56751621278919E-14,-0.707106781186548,-0.707106781186548));
#2586=DIRECTION('',(1.47196168001604E-14,0.707106781186548,0.707106781186548));
#2587=DIRECTION('',(-1.,2.21680268736617E-14,0.));
#2588=DIRECTION('',(0.,0.,1.));
#2589=DIRECTION('',(-1.,0.,0.));
#2590=DIRECTION('',(0.,0.,-1.));
#2591=DIRECTION('',(-1.,0.,0.));
#2592=DIRECTION('',(0.,0.,1.));
#2593=DIRECTION('',(-1.,0.,0.));
#2594=DIRECTION('',(0.707106781186548,-8.87352583439941E-15,0.707106781186548));
#2595=DIRECTION('',(0.,0.,-1.));
#2596=DIRECTION('',(-1.,0.,0.));
#2597=DIRECTION('',(0.707106781186548,-8.87352583439942E-15,-0.707106781186548));
#2598=DIRECTION('',(-0.707106781186548,8.87352583439942E-15,-0.707106781186548));
#2599=DIRECTION('',(0.707106781186545,3.7187349090621E-15,0.707106781186551));
#2600=DIRECTION('',(1.25490605810757E-14,1.,0.));
#2601=DIRECTION('',(0.,0.,-1.));
#2602=DIRECTION('',(-0.842576942548962,-0.538575988960559,0.));
#2603=DIRECTION('',(0.299604822648044,0.640497424074472,0.707106781186548));
#2604=DIRECTION('',(0.,0.,-1.));
#2605=DIRECTION('',(-1.,0.,0.));
#2606=DIRECTION('',(0.299604822648044,0.640497424074472,-0.707106781186548));
#2607=DIRECTION('',(-0.299604822648044,-0.640497424074472,-0.707106781186548));
#2608=DIRECTION('',(0.299604822648044,0.640497424074472,0.707106781186548));
#2609=DIRECTION('',(-0.90580014379115,0.423705203541249,0.));
#2610=DIRECTION('',(0.,0.,-1.));
#2611=DIRECTION('',(-1.,0.,0.));
#2612=DIRECTION('',(0.,0.707106781186548,0.707106781186548));
#2613=DIRECTION('',(0.,0.,-1.));
#2614=DIRECTION('',(-1.,0.,0.));
#2615=DIRECTION('',(0.,0.707106781186548,-0.707106781186548));
#2616=DIRECTION('',(0.,-0.707106781186548,-0.707106781186548));
#2617=DIRECTION('',(-1.29163349892884E-16,0.707106781186548,0.707106781186548));
#2618=DIRECTION('',(-1.,0.,0.));
#2619=DIRECTION('',(0.,0.,-1.));
#2620=DIRECTION('',(-1.,0.,0.));
#2621=DIRECTION('',(-0.299604822648044,0.640497424074472,0.707106781186548));
#2622=DIRECTION('',(0.,0.,-1.));
#2623=DIRECTION('',(-1.,0.,0.));
#2624=DIRECTION('',(-0.299604822648044,0.640497424074472,-0.707106781186548));
#2625=DIRECTION('',(0.299604822648044,-0.640497424074472,-0.707106781186548));
#2626=DIRECTION('',(-0.29984463571571,0.640381532646318,0.707110095443465));
#2627=DIRECTION('',(-0.90580014379115,-0.423705203541249,0.));
#2628=DIRECTION('',(-1.0864186109421E-15,5.46628514779269E-16,-1.));
#2629=DIRECTION('',(0.842576846717956,-0.538576138883655,-1.15814418151376E-15));
#2630=DIRECTION('',(-0.707106781186548,-8.87352583439941E-15,0.707106781186548));
#2631=DIRECTION('',(0.,0.,-1.));
#2632=DIRECTION('',(-1.,0.,0.));
#2633=DIRECTION('',(-0.707106781186548,-8.87352583439942E-15,-0.707106781186548));
#2634=DIRECTION('',(0.707106781186548,8.87352583439942E-15,-0.707106781186548));
#2635=DIRECTION('',(-0.707106781186548,-8.58644313342689E-15,0.707106781186548));
#2636=DIRECTION('',(1.25490605810757E-14,-1.,0.));
#2637=DIRECTION('',(0.,0.,1.));
#2638=DIRECTION('',(-1.,0.,0.));
#2639=DIRECTION('',(0.,0.,-1.));
#2640=DIRECTION('',(-1.,0.,0.));
#2641=DIRECTION('',(0.,0.,-1.));
#2642=DIRECTION('',(-1.,0.,0.));
#2643=DIRECTION('',(0.,0.,-1.));
#2644=DIRECTION('',(-1.,0.,0.));
#2645=DIRECTION('',(0.,0.,-1.));
#2646=DIRECTION('',(-1.,0.,0.));
#2647=DIRECTION('',(0.,0.,-1.));
#2648=DIRECTION('',(-1.,0.,0.));
#2649=DIRECTION('',(0.,0.,1.));
#2650=DIRECTION('',(-1.,0.,0.));
#2651=DIRECTION('',(0.,0.,-1.));
#2652=DIRECTION('',(-1.,0.,0.));
#2653=DIRECTION('',(0.,0.,-1.));
#2654=DIRECTION('',(1.,0.,0.));
#2655=DIRECTION('',(-0.299604822648044,-0.640497424074472,-0.707106781186548));
#2656=DIRECTION('',(0.90580014379115,-0.423705203541249,0.));
#2657=DIRECTION('',(0.,0.7117133621909,0.702469992297838));
#2658=DIRECTION('',(1.,0.,0.));
#2659=DIRECTION('',(0.299604822648082,-0.640497424074553,-0.707106781186458));
#2660=DIRECTION('',(0.90580014379115,0.423705203541249,0.));
#2661=DIRECTION('',(-0.263583061966295,-0.563489835467026,0.78294519269858));
#2662=DIRECTION('',(-0.90580014379115,0.423705203541249,0.));
#2663=DIRECTION('',(0.,0.616953819294358,-0.786999355055711));
#2664=DIRECTION('',(-1.,0.,0.));
#2665=DIRECTION('',(0.263583061966254,-0.563489835466938,0.782945192698657));
#2666=DIRECTION('',(-0.90580014379115,-0.423705203541249,0.));
#2667=CARTESIAN_POINT('',(0.,0.,0.));
#2668=CARTESIAN_POINT('',(0.,-0.50000110488463,4.6108045));
#2669=CARTESIAN_POINT('',(-18.7174967639982,7.00000000001489,4.6108045));
#2670=CARTESIAN_POINT('',(-18.9149509642044,7.45936024951514,4.6108045));
#2671=CARTESIAN_POINT('',(-18.9156569501489,7.45905614105293,4.6108045));
#2672=CARTESIAN_POINT('',(-18.9149509642044,7.45936024951514,4.6108045));
#2673=CARTESIAN_POINT('',(-18.9662225288784,7.3886506007634,4.6108045));
#2674=CARTESIAN_POINT('',(-18.9987746366486,7.30603196678925,4.6108045));
#2675=CARTESIAN_POINT('',(-19.0083535446699,7.22008383234353,4.6108045));
#2676=CARTESIAN_POINT('',(-19.0083535446699,7.22008383234353,4.6108045));
#2677=CARTESIAN_POINT('',(-18.5112268573818,7.16501592543165,4.6108045));
#2678=CARTESIAN_POINT('',(0.,-0.50000110488463,4.6108045));
#2679=CARTESIAN_POINT('',(18.5112268573818,7.16501592543165,4.6108045));
#2680=CARTESIAN_POINT('',(19.0083535446709,7.2200838323347,4.6108045));
#2681=CARTESIAN_POINT('',(18.9156569501489,7.45905614105293,4.6108045));
#2682=CARTESIAN_POINT('',(19.0083535446709,7.22008383233471,4.6108045));
#2683=CARTESIAN_POINT('',(18.9988009838444,7.30579556278711,4.6108045));
#2684=CARTESIAN_POINT('',(18.9662038894844,7.38867630672735,4.6108045));
#2685=CARTESIAN_POINT('',(18.9149509642047,7.45936024951465,4.6108045));
#2686=CARTESIAN_POINT('',(18.9149509642049,7.45936024951493,4.6108045));
#2687=CARTESIAN_POINT('',(18.7174967639982,7.00000000001489,4.6108045));
#2688=CARTESIAN_POINT('',(-12.9252126625336,-2.31987872404856,9.06415374331409));
#2689=CARTESIAN_POINT('',(-13.6708973991366,-2.92347160324505,4.6108045));
#2690=CARTESIAN_POINT('',(-14.8985808054546,-2.30372087770873,9.06415374331409));
#2691=CARTESIAN_POINT('',(-14.9141818991819,-2.41664780729489,4.6108045));
#2692=CARTESIAN_POINT('',(-16.8719489483757,-2.28756303136891,9.06415374331409));
#2693=CARTESIAN_POINT('',(-16.1574663992271,-1.90982401134473,4.6108045));
#2694=CARTESIAN_POINT('',(-18.8453170912967,-2.27140518502908,9.06415374331409));
#2695=CARTESIAN_POINT('',(-17.4007508992723,-1.40300021539458,4.6108045));
#2696=CARTESIAN_POINT('',(-18.6398356559322,-2.25610148574583,8.97362269972295));
#2697=CARTESIAN_POINT('',(-18.2479621071262,-1.98440043757419,7.51012262307754));
#2698=CARTESIAN_POINT('',(-17.8113322884305,-1.70723020128124,6.06010582132723));
#2699=CARTESIAN_POINT('',(-17.3878826844944,-1.40824725550024,4.61080856899463));
#2700=CARTESIAN_POINT('',(-18.6398356559321,-2.25610148574583,8.97362269972295));
#2701=CARTESIAN_POINT('',(-17.3878788748258,-1.40823985579205,4.61081120861112));
#2702=CARTESIAN_POINT('',(-17.3878815415014,-1.40824639738801,4.6108045));
#2703=CARTESIAN_POINT('',(-16.3878458693974,-1.81591002980916,4.6108045));
#2704=CARTESIAN_POINT('',(-15.3878101972934,-2.22357366223031,4.6108045));
#2705=CARTESIAN_POINT('',(-14.3877745251893,-2.63123729465145,4.6108045));
#2706=CARTESIAN_POINT('',(-14.3877702698501,-2.63122685592041,4.61081541742086));
#2707=CARTESIAN_POINT('',(-14.3877756440278,-2.63123567950338,4.61081589328592));
#2708=CARTESIAN_POINT('',(-14.5534420254012,-2.49268451740906,5.30890699633076));
#2709=CARTESIAN_POINT('',(-14.685287786789,-2.4266246539828,6.0269245297573));
#2710=CARTESIAN_POINT('',(-14.782060725456,-2.38356985793952,6.75084979748765));
#2711=CARTESIAN_POINT('',(-14.7820664206526,-2.38356892043845,6.7508489804077));
#2712=CARTESIAN_POINT('',(-14.7820367558011,-2.38358371431316,6.75058363570924));
#2713=CARTESIAN_POINT('',(-14.3092697040477,-2.46346548605988,6.76445448335103));
#2714=CARTESIAN_POINT('',(-13.8392637151055,-2.53831523738562,6.83567467116376));
#2715=CARTESIAN_POINT('',(-13.3775219110656,-2.59070315013609,6.95436950944967));
#2716=CARTESIAN_POINT('',(-13.3775219110997,-2.59070315012997,6.95436950945566));
#2717=CARTESIAN_POINT('',(-13.3775219110997,-2.59070315012997,6.95436950945566));
#2718=CARTESIAN_POINT('',(-13.2381530275921,-2.5057982506461,7.64896787038829));
#2719=CARTESIAN_POINT('',(-13.1006219886229,-2.4156709753294,8.34327096250927));
#2720=CARTESIAN_POINT('',(-12.9647693896935,-2.32313839147724,9.03759301224065));
#2721=CARTESIAN_POINT('',(-12.9647693896935,-2.32313839147724,9.03759301224065));
#2722=CARTESIAN_POINT('',(-12.9647693896935,-2.32313839147724,9.03759301224065));
#2723=CARTESIAN_POINT('',(-14.8665687800805,-2.30758779178606,9.01626957449242));
#2724=CARTESIAN_POINT('',(-16.7582575354285,-2.28524215649727,8.99494613674419));
#2725=CARTESIAN_POINT('',(-18.6398356557375,-2.25610148561087,8.97362269899597));
#2726=CARTESIAN_POINT('',(-18.808201638639,-2.24909312780656,8.94973318306497));
#2727=CARTESIAN_POINT('',(-17.3923469899542,-1.39794818201851,4.58489669223781));
#2728=CARTESIAN_POINT('',(-18.8247753011749,-2.2380600509084,8.94973318306497));
#2729=CARTESIAN_POINT('',(-17.5118591160391,-1.34177824609604,4.58489669223781));
#2730=CARTESIAN_POINT('',(-18.8411264598992,-2.22655158768352,8.94973318306499));
#2731=CARTESIAN_POINT('',(-17.6274287097484,-1.27718496690348,4.58489669223781));
#2732=CARTESIAN_POINT('',(-18.8732542714121,-2.20265606585351,8.94973318306499));
#2733=CARTESIAN_POINT('',(-17.8483882591875,-1.132430626975,4.58489669223781));
#2734=CARTESIAN_POINT('',(-18.8890308205462,-2.19026907120713,8.94973318306499));
#2735=CARTESIAN_POINT('',(-17.9537763782675,-1.05227069952019,4.58489669223781));
#2736=CARTESIAN_POINT('',(-18.9198910809206,-2.16470642733221,8.94973318306499));
#2737=CARTESIAN_POINT('',(-18.1522762612164,-0.877976718950169,4.58489669223781));
#2738=CARTESIAN_POINT('',(-18.9349747176253,-2.15153084359614,8.94973318306499));
#2739=CARTESIAN_POINT('',(-18.2453867043936,-0.783843826292055,4.58489669223781));
#2740=CARTESIAN_POINT('',(-18.9643447434239,-2.12449674373803,8.949733183065));
#2741=CARTESIAN_POINT('',(-18.4174812056997,-0.583477200893103,4.58489669223781));
#2742=CARTESIAN_POINT('',(-18.9786310679757,-2.11063830297606,8.949733183065));
#2743=CARTESIAN_POINT('',(-18.4964641202118,-0.477244803453099,4.58489669223781));
#2744=CARTESIAN_POINT('',(-19.0063180326026,-2.08235789380889,8.94973318306501));
#2745=CARTESIAN_POINT('',(-18.6387365563964,-0.254794894331649,4.58489669223781));
#2746=CARTESIAN_POINT('',(-19.0197186194223,-2.06793600912153,8.94973318306501));
#2747=CARTESIAN_POINT('',(-18.7020251344394,-0.138578866042034,4.58489669223781));
#2748=CARTESIAN_POINT('',(-19.0455634164029,-2.0386594071195,8.94973318306502));
#2749=CARTESIAN_POINT('',(-18.8116563069323,0.10152252722919,4.58489669223781));
#2750=CARTESIAN_POINT('',(-19.058007585662,-2.02380478020316,8.94973318306502));
#2751=CARTESIAN_POINT('',(-18.8579981766458,0.225406290447722,4.58489669223781));
#2752=CARTESIAN_POINT('',(-19.0818880163401,-1.99380206055835,8.94973318306502));
#2753=CARTESIAN_POINT('',(-18.9328228544128,0.478373720909443,4.58489669223781));
#2754=CARTESIAN_POINT('',(-19.0933242500304,-1.97865406309759,8.94973318306502));
#2755=CARTESIAN_POINT('',(-18.9613051711433,0.607455700109622,4.58489669223781));
#2756=CARTESIAN_POINT('',(-19.1151574718178,-1.94820984876503,8.94973318306503));
#2757=CARTESIAN_POINT('',(-18.9998554710783,0.868245949819163,4.58489669223781));
#2758=CARTESIAN_POINT('',(-19.1255544459169,-1.93291375288518,8.94973318306503));
#2759=CARTESIAN_POINT('',(-19.0099232062534,0.999952076479098,4.58489669223781));
#2760=CARTESIAN_POINT('',(-19.1354265389784,-1.91761760976077,8.94973318306504));
#2761=CARTESIAN_POINT('',(-19.0106906041939,1.13165904026284,4.58489669223781));
#2762=CARTESIAN_POINT('',(-18.9720206402391,-2.10442340694296,8.9238547058466));
#2763=CARTESIAN_POINT('',(-19.0373410999919,-1.86119977071911,8.55416975073371));
#2764=CARTESIAN_POINT('',(-19.1021221723497,-1.25503310795716,7.88635240333271));
#2765=CARTESIAN_POINT('',(-19.0693929760256,-0.455226104141563,6.80248311435168));
#2766=CARTESIAN_POINT('',(-19.0433297662138,0.332858348176277,5.71026779121497));
#2767=CARTESIAN_POINT('',(-19.0218472646461,0.851578676304227,4.97739472631284));
#2768=CARTESIAN_POINT('',(-19.011410393731,1.11067206696999,4.61077516945615));
#2769=CARTESIAN_POINT('',(-18.9720206402391,-2.10442340694292,8.92385470584659));
#2770=CARTESIAN_POINT('',(-19.0114499731062,1.11065396438964,4.61076124945365));
#2771=CARTESIAN_POINT('',(-19.0114112287083,1.11065133879876,4.6108045));
#2772=CARTESIAN_POINT('',(-19.0094850714266,0.84731446033452,4.6108045));
#2773=CARTESIAN_POINT('',(-18.9710383591573,0.590432293768414,4.6108045));
#2774=CARTESIAN_POINT('',(-18.8970256199252,0.3398361340137,4.6108045));
#2775=CARTESIAN_POINT('',(-18.8970256199254,0.339836134013623,4.6108045));
#2776=CARTESIAN_POINT('',(-18.8970256199254,0.33983613401362,4.6108045));
#2777=CARTESIAN_POINT('',(-18.8600227118641,0.214551318274831,4.6108045));
#2778=CARTESIAN_POINT('',(-18.813682209297,0.0905362002139136,4.6108045));
#2779=CARTESIAN_POINT('',(-18.7596533075547,-0.0280294293949883,4.6108045));
#2780=CARTESIAN_POINT('',(-18.7596533075547,-0.0280294293949875,4.6108045));
#2781=CARTESIAN_POINT('',(-18.7596533075547,-0.0280294293949883,4.6108045));
#2782=CARTESIAN_POINT('',(-18.7056223300574,-0.146599614217526,4.6108045));
#2783=CARTESIAN_POINT('',(-18.6436752622934,-0.260717582426191,4.6108045));
#2784=CARTESIAN_POINT('',(-18.5738708192983,-0.370416356895743,4.6108045));
#2785=CARTESIAN_POINT('',(-18.5738708192983,-0.37041635689573,4.6108045));
#2786=CARTESIAN_POINT('',(-18.5738708192983,-0.370416356895741,4.6108045));
#2787=CARTESIAN_POINT('',(-18.4342072966936,-0.589899768129618,4.6108045));
#2788=CARTESIAN_POINT('',(-18.2612790486977,-0.792446626640664,4.6108045));
#2789=CARTESIAN_POINT('',(-18.0667756176577,-0.964653091541284,4.6108045));
#2790=CARTESIAN_POINT('',(-18.0667756176577,-0.964653091541252,4.6108045));
#2791=CARTESIAN_POINT('',(-18.0667756176577,-0.964653091541283,4.6108045));
#2792=CARTESIAN_POINT('',(-17.8724839144952,-1.13667210006065,4.6108045));
#2793=CARTESIAN_POINT('',(-17.6521534228464,-1.28316887873109,4.6108045));
#2794=CARTESIAN_POINT('',(-17.4145605717479,-1.39646145776586,4.6108045));
#2795=CARTESIAN_POINT('',(-17.4145412351798,-1.39642066833844,4.61085455982345));
#2796=CARTESIAN_POINT('',(-17.4145716389946,-1.39646697874094,4.61083538915908));
#2797=CARTESIAN_POINT('',(-17.6718168498523,-1.52479581478383,5.32881844055345));
#2798=CARTESIAN_POINT('',(-18.053295903542,-1.71967741005438,6.40694608475883));
#2799=CARTESIAN_POINT('',(-18.5074574329137,-1.93203054572614,7.66414240845559));
#2800=CARTESIAN_POINT('',(-18.7747144331538,-2.03945259627464,8.38182895561353));
#2801=CARTESIAN_POINT('',(-18.9172978932464,-2.07067867405519,8.74165819734312));
#2802=CARTESIAN_POINT('',(-18.9720206402392,-2.10442340694286,8.92385470584659));
#2803=CARTESIAN_POINT('',(-18.864260011185,1.77280761860249E-13,-0.539092612393977));
#2804=CARTESIAN_POINT('',(-18.8690115251686,7.27862495703239,-0.37282471486792));
#2805=CARTESIAN_POINT('',(-19.1370085344438,7.06422734945155,9.00509134066166));
#2806=CARTESIAN_POINT('',(-19.0113763333643,7.16468825802087,4.61086248252404));
#2807=CARTESIAN_POINT('',(-19.0114309835017,1.7866383133027E-13,4.6108045));
#2808=CARTESIAN_POINT('',(-19.0114309835017,1.11605344514015,4.6108045));
#2809=CARTESIAN_POINT('',(-19.1369786358775,-1.73712778476824,9.00404511165256));
#2810=CARTESIAN_POINT('',(-19.1256897032847,-1.55109447742818,8.60901584435391));
#2811=CARTESIAN_POINT('',(-19.104322677336,-1.09539731340382,7.86132774050435));
#2812=CARTESIAN_POINT('',(-19.0627866854248,-0.126369553725901,6.40787478414522));
#2813=CARTESIAN_POINT('',(-19.0319668303071,0.618974094289167,5.32940747244148));
#2814=CARTESIAN_POINT('',(-19.0114309835018,1.11605344514524,4.61080450000351));
#2815=CARTESIAN_POINT('',(-19.1369935851606,-1.737374071756,9.00456822615566));
#2816=CARTESIAN_POINT('',(-19.1370085344438,7.05952434198713,9.00509134066166));
#2817=CARTESIAN_POINT('',(1.66260201552784E-13,7.50000000001447,1.30104260698448E-15));
#2818=CARTESIAN_POINT('',(-12.9253859171064,7.50000000001476,-3.80605173988356E-16));
#2819=CARTESIAN_POINT('',(-12.9253859171064,7.50000000001476,9.01080450000227));
#2820=CARTESIAN_POINT('',(-12.9253859171064,7.50000000001476,4.6108045));
#2821=CARTESIAN_POINT('',(1.66260201552784E-13,7.50000000001447,4.6108045));
#2822=CARTESIAN_POINT('',(-18.7174967639982,7.50000000001489,4.6108045));
#2823=CARTESIAN_POINT('',(-18.7174967639982,7.50000000001489,1.30104260698455E-15));
#2824=CARTESIAN_POINT('',(-18.7174967639982,7.50000000001489,9.01080450000243));
#2825=CARTESIAN_POINT('',(-12.9253859171064,7.50000000001476,9.01080450000243));
#2826=CARTESIAN_POINT('',(-12.4999953873302,1.56863199378773E-13,2.72114274479059E-29));
#2827=CARTESIAN_POINT('',(-12.4999953873302,1.56863199378773E-13,7.1871260865873));
#2828=CARTESIAN_POINT('',(-12.4999953873302,-0.186849436349459,7.18740914032095));
#2829=CARTESIAN_POINT('',(-12.4999953873302,-1.85968972031405,7.1871260865873));
#2830=CARTESIAN_POINT('',(-12.4999953873302,-0.186755734891069,7.18769219405461));
#2831=CARTESIAN_POINT('',(-12.4999953873302,0.442089438113836,6.97952073115988));
#2832=CARTESIAN_POINT('',(-12.4999953873302,1.10036005487891,6.8632082866157));
#2833=CARTESIAN_POINT('',(-12.4999953873302,1.76286957272855,6.86908505729945));
#2834=CARTESIAN_POINT('',(-12.5001205605441,1.76286763558594,6.86930527614021));
#2835=CARTESIAN_POINT('',(-12.4999953873302,1.37627425676097,3.81057624400868));
#2836=CARTESIAN_POINT('',(-12.4999953866745,1.47741484180203,4.61034446419472));
#2837=CARTESIAN_POINT('',(-12.4999953873302,1.56863199378773E-13,4.6108045));
#2838=CARTESIAN_POINT('',(-12.4999953873301,7.05968757623608,4.6108045));
#2839=CARTESIAN_POINT('',(-12.4999953873301,7.05968757623608,1.9594569248388E-15));
#2840=CARTESIAN_POINT('',(-12.4999953873301,7.05968757623608,9.01080450000235));
#2841=CARTESIAN_POINT('',(-12.4999953873302,-1.85968972031398,9.01080449999942));
#2842=CARTESIAN_POINT('',(-12.4999953873302,-1.85968972031405,9.01080449999942));
#2843=CARTESIAN_POINT('',(-12.4999953873302,-1.85968972031405,-3.22604741586198E-16));
#2844=CARTESIAN_POINT('',(-17.3801825924163,-1.40280747197471,4.58445428606427));
#2845=CARTESIAN_POINT('',(-17.3917501171596,-1.39706955423803,4.58145830048217));
#2846=CARTESIAN_POINT('',(-17.4030455962414,-1.39071794487381,4.57866966837185));
#2847=CARTESIAN_POINT('',(-17.4883938466687,-1.47929653393492,4.95481672831366));
#2848=CARTESIAN_POINT('',(-17.5115342207711,-1.46854823689413,4.94900485390817));
#2849=CARTESIAN_POINT('',(-17.5337203496798,-1.45588728360255,4.94329820658351));
#2850=CARTESIAN_POINT('',(-17.704967337169,-1.62874989601098,5.69589204446227));
#2851=CARTESIAN_POINT('',(-17.7519512387558,-1.6118873654439,5.68567053996196));
#2852=CARTESIAN_POINT('',(-17.794126429278,-1.58635093732755,5.672975435889));
#2853=CARTESIAN_POINT('',(-18.031248630613,-1.84580630985992,6.8079236525058));
#2854=CARTESIAN_POINT('',(-18.1134061835056,-1.82678577243825,6.78920817320454));
#2855=CARTESIAN_POINT('',(-18.1836686837598,-1.78097248489876,6.76829321865));
#2856=CARTESIAN_POINT('',(-18.3016155844199,-2.02320822133461,7.73563166607525));
#2857=CARTESIAN_POINT('',(-18.4180087115911,-2.00545588938716,7.70578290805965));
#2858=CARTESIAN_POINT('',(-18.5141652967731,-1.93512664727972,7.68287811556287));
#2859=CARTESIAN_POINT('',(-18.5114600374751,-2.16403478931821,8.48022536878156));
#2860=CARTESIAN_POINT('',(-18.6673711172048,-2.14904735507062,8.44107150351192));
#2861=CARTESIAN_POINT('',(-18.7879304197206,-2.04426037409746,8.41628144754427));
#2862=CARTESIAN_POINT('',(-18.6071151611279,-2.23428800601558,8.8558111607586));
#2863=CARTESIAN_POINT('',(-18.7996065220067,-2.22055452196022,8.80415650763222));
#2864=CARTESIAN_POINT('',(-18.9365200416362,-2.07553828550713,8.79285752956029));
#2865=CARTESIAN_POINT('',(-18.6584924702578,-2.26885994331789,9.04241815820389));
#2866=CARTESIAN_POINT('',(-18.8485603401024,-2.25657112736386,8.98653237312024));
#2867=CARTESIAN_POINT('',(-18.9856148957957,-2.11383085721207,8.97099869487125));
#2868=CARTESIAN_POINT('',(-17.4145605717544,-1.39646145776918,4.61080450001838));
#2869=CARTESIAN_POINT('',(-17.4057814554199,-1.4006476472687,4.61080450001838));
#2870=CARTESIAN_POINT('',(-17.3968879736523,-1.40457493351101,4.6108045));
#2871=CARTESIAN_POINT('',(-17.3878814956345,-1.40824641608562,4.6108045));
#2872=CARTESIAN_POINT('',(-18.9733741011045,-2.11373175255843,8.94588980808022));
#2873=CARTESIAN_POINT('',(-18.8835684663006,-2.20224086586288,8.94999496551481));
#2874=CARTESIAN_POINT('',(-18.7615692739862,-2.25245876355158,8.96035675199652));
#2875=CARTESIAN_POINT('',(-18.6398356557374,-2.25610148561089,8.97362269899597));
#2876=CARTESIAN_POINT('',(-18.9734975522934,-2.11365336013927,8.94611507003109));
#2877=CARTESIAN_POINT('',(-18.9720209511075,-2.10442528272604,8.92385922879469));
#2878=CARTESIAN_POINT('',(-18.972532877949,-2.10749969234879,8.93127730432848));
#2879=CARTESIAN_POINT('',(-18.9730235869808,-2.11057648416582,8.93869583693762));
#2880=CARTESIAN_POINT('',(-18.973496786854,-2.1136526177003,8.94611542666097));
#2881=CARTESIAN_POINT('',(-19.0105946718868,1.13091699291214,4.58212609067976));
#2882=CARTESIAN_POINT('',(-19.0106446595571,1.13259998555904,4.58328896923323));
#2883=CARTESIAN_POINT('',(-19.0106779064563,1.13428303458319,4.58445236519759));
#2884=CARTESIAN_POINT('',(-19.0210701562039,0.87099831078209,4.9499728192218));
#2885=CARTESIAN_POINT('',(-19.0211932610805,0.874517484323573,4.95241211110841));
#2886=CARTESIAN_POINT('',(-19.0212626316741,0.878046352349108,4.95483957523456));
#2887=CARTESIAN_POINT('',(-19.0419816823537,0.350079295418777,5.68494921391151));
#2888=CARTESIAN_POINT('',(-19.0422946899036,0.35796779296397,5.69080628541916));
#2889=CARTESIAN_POINT('',(-19.0424462950859,0.366245073835095,5.69611134450268));
#2890=CARTESIAN_POINT('',(-19.0711606305254,-0.438140355900158,6.78301365526905));
#2891=CARTESIAN_POINT('',(-19.073922166484,-0.417242579644826,6.79753438037723));
#2892=CARTESIAN_POINT('',(-19.0743250299733,-0.395920165197864,6.81163162788144));
#2893=CARTESIAN_POINT('',(-19.0898716659467,-1.11525230892664,7.68632975016879));
#2894=CARTESIAN_POINT('',(-19.1002941584666,-1.07083553327104,7.72035933235081));
#2895=CARTESIAN_POINT('',(-19.1010990326842,-1.02112176837341,7.74852398564239));
#2896=CARTESIAN_POINT('',(-19.0660009172414,-1.69869371054926,8.3934422523337));
#2897=CARTESIAN_POINT('',(-19.1214009375016,-1.60407944623223,8.45894071640814));
#2898=CARTESIAN_POINT('',(-19.1230494833803,-1.49075414744463,8.51662764682121));
#2899=CARTESIAN_POINT('',(-18.9975029567131,-2.00781953061306,8.76748592702154));
#2900=CARTESIAN_POINT('',(-19.1320987011051,-1.87883684360798,8.8332834345762));
#2901=CARTESIAN_POINT('',(-19.1344707646254,-1.69994773943833,8.91628813949973));
#2902=CARTESIAN_POINT('',(-18.9633947715851,-2.13665996123872,8.97414326113));
#2903=CARTESIAN_POINT('',(-19.1377114426878,-1.99990726667136,9.02968793793024));
#2904=CARTESIAN_POINT('',(-19.1403513089438,-1.79102320564941,9.12206376038255));
#2905=CARTESIAN_POINT('',(-19.0114309835018,1.11605344513556,4.61080450000273));
#2906=CARTESIAN_POINT('',(-19.0114309835017,1.11425368852908,4.61080450000273));
#2907=CARTESIAN_POINT('',(-19.0114244067148,1.11245395596845,4.6108045));
#2908=CARTESIAN_POINT('',(-19.0114112499779,1.11065424747442,4.6108045));
#2909=CARTESIAN_POINT('',(-19.1370085344437,-1.73762035874387,9.00509134065861));
#2910=CARTESIAN_POINT('',(-19.1377306549903,-1.87511948375731,8.9821729889713));
#2911=CARTESIAN_POINT('',(-19.0787493726689,-2.01562659083376,8.96068320141424));
#2912=CARTESIAN_POINT('',(-18.9735761426177,-2.11390434278973,8.94658860176753));
#2913=CARTESIAN_POINT('',(-18.3692155679874,7.27862495703239,-0.358541816516168));
#2914=CARTESIAN_POINT('',(-18.7174967639982,7.00000000001489,11.8287278427333));
#2915=CARTESIAN_POINT('',(-18.9867544795006,7.42161150951265,9.01016906029645));
#2916=CARTESIAN_POINT('',(-19.0083535446699,7.22008383234353,4.6108045));
#2917=CARTESIAN_POINT('',(-19.0103945199432,7.20177088719352,4.6108045));
#2918=CARTESIAN_POINT('',(-19.011382282466,7.18330612821277,4.6108045));
#2919=CARTESIAN_POINT('',(-19.0113183692407,7.16468977695027,4.6108045));
#2920=CARTESIAN_POINT('',(-19.1370085344438,7.06422734945156,9.00509134066166));
#2921=CARTESIAN_POINT('',(-19.1370239446769,7.19642918286039,9.00563058501096));
#2922=CARTESIAN_POINT('',(-19.0820691889862,7.32778548170879,9.00772140642642));
#2923=CARTESIAN_POINT('',(-18.9879171435368,7.42056254759025,9.01005038962147));
#2924=CARTESIAN_POINT('',(-18.7174967639982,7.00000000001489,1.21430643318576E-15));
#2925=CARTESIAN_POINT('',(-18.7174967639982,7.00000000001489,4.6108045));
#2926=CARTESIAN_POINT('',(-18.7174967639982,7.00000000001489,9.01080450000227));
#2927=CARTESIAN_POINT('',(-12.9999953873301,7.05968757623608,1.9594569248388E-15));
#2928=CARTESIAN_POINT('',(-12.9999953873301,7.05968757623608,4.6108045));
#2929=CARTESIAN_POINT('',(-12.6517721355529,7.41849193368134,4.6108045));
#2930=CARTESIAN_POINT('',(-12.6517721355529,7.41849193368134,6.71080450000121));
#2931=CARTESIAN_POINT('',(-12.6517721355529,7.41849193368134,9.01080450000235));
#2932=CARTESIAN_POINT('',(-12.9999953873301,7.05968757623608,9.01080450000235));
#2933=CARTESIAN_POINT('',(-12.9253859171064,7.00000000001476,-4.67341347787154E-16));
#2934=CARTESIAN_POINT('',(-12.9253859171064,7.00000000001476,4.6108045));
#2935=CARTESIAN_POINT('',(-12.9253859171064,7.00000000001476,9.01080450000227));
#2936=CARTESIAN_POINT('',(12.9252126500446,-2.31987872415082,9.06415374331409));
#2937=CARTESIAN_POINT('',(13.6708973912681,-2.92347160645263,4.6108045));
#2938=CARTESIAN_POINT('',(14.8985807971286,-2.30372087777691,9.06415374331409));
#2939=CARTESIAN_POINT('',(14.9141818939362,-2.41664780943328,4.6108045));
#2940=CARTESIAN_POINT('',(16.8719489442127,-2.28756303140299,9.06415374331409));
#2941=CARTESIAN_POINT('',(16.1574663966042,-1.90982401241393,4.6108045));
#2942=CARTESIAN_POINT('',(18.8453170912967,-2.27140518502908,9.06415374331409));
#2943=CARTESIAN_POINT('',(17.4007508992723,-1.40300021539458,4.6108045));
#2944=CARTESIAN_POINT('',(13.3775194559128,-2.59070165440518,6.95438174582364));
#2945=CARTESIAN_POINT('',(13.2381514115164,-2.50579718995332,7.64897602400003));
#2946=CARTESIAN_POINT('',(13.1006211908753,-2.41567043196372,8.34327503967606));
#2947=CARTESIAN_POINT('',(12.9647693896935,-2.32313839147724,9.03759301224065));
#2948=CARTESIAN_POINT('',(13.3775194559128,-2.59070165440518,6.95438174582364));
#2949=CARTESIAN_POINT('',(12.9647693896935,-2.32313839147724,9.03759301224065));
#2950=CARTESIAN_POINT('',(13.3775194558709,-2.5907016544127,6.95438174581629));
#2951=CARTESIAN_POINT('',(13.8392700127613,-2.53830707794443,6.83572472852291));
#2952=CARTESIAN_POINT('',(14.3092704666291,-2.4634633538475,6.76449062109049));
#2953=CARTESIAN_POINT('',(14.7820371122686,-2.38358304732477,6.75060013623733));
#2954=CARTESIAN_POINT('',(14.7820308057532,-2.38353024931684,6.75068878288412));
#2955=CARTESIAN_POINT('',(14.7820394367871,-2.38357932956151,6.75069054830806));
#2956=CARTESIAN_POINT('',(14.6853845158802,-2.42658325543217,6.02768500284689));
#2957=CARTESIAN_POINT('',(14.553557017114,-2.49258834511747,5.3093915476182));
#2958=CARTESIAN_POINT('',(14.3877756355588,-2.63123568658691,4.61081585759252));
#2959=CARTESIAN_POINT('',(14.387768512695,-2.63122710958318,4.61081584565524));
#2960=CARTESIAN_POINT('',(14.3877729297546,-2.63123794502894,4.6108045));
#2961=CARTESIAN_POINT('',(15.3878095708083,-2.22357391761636,4.6108045));
#2962=CARTESIAN_POINT('',(16.387846211862,-1.81590989020377,4.6108045));
#2963=CARTESIAN_POINT('',(17.3878828529157,-1.40824586279118,4.6108045));
#2964=CARTESIAN_POINT('',(17.3878708104026,-1.40821632141996,4.61084062106325));
#2965=CARTESIAN_POINT('',(18.6398356559322,-2.25610148574583,8.97362269972295));
#2966=CARTESIAN_POINT('',(18.2479638811676,-1.98440166758554,7.51012924845388));
#2967=CARTESIAN_POINT('',(17.8113361350787,-1.7072326696896,6.0601189874969));
#2968=CARTESIAN_POINT('',(17.3878884354602,-1.40825131605436,4.61082825223215));
#2969=CARTESIAN_POINT('',(18.6398356559321,-2.25610148574583,8.97362269972295));
#2970=CARTESIAN_POINT('',(12.9647693896935,-2.32313839147724,9.03759301224065));
#2971=CARTESIAN_POINT('',(14.8665687800805,-2.30758779178606,9.01626957449242));
#2972=CARTESIAN_POINT('',(16.7582575354285,-2.28524215649727,8.99494613674419));
#2973=CARTESIAN_POINT('',(18.6398356557375,-2.25610148561087,8.97362269899597));
#2974=CARTESIAN_POINT('',(18.8082016084917,-2.2490931096834,8.94973309012586));
#2975=CARTESIAN_POINT('',(17.3923520446609,-1.39795122066943,4.58491227502952));
#2976=CARTESIAN_POINT('',(18.8247752732194,-2.23806003182415,8.94973309012586));
#2977=CARTESIAN_POINT('',(17.5118638032478,-1.34178144588891,4.58491227502952));
#2978=CARTESIAN_POINT('',(18.8411264340563,-2.22655156746895,8.94973309012587));
#2979=CARTESIAN_POINT('',(17.6274330427398,-1.2771883562131,4.58491227502953));
#2980=CARTESIAN_POINT('',(18.87325424959,-2.20265604306553,8.94973309012587));
#2981=CARTESIAN_POINT('',(17.8483919180356,-1.13243444775962,4.58491227502953));
#2982=CARTESIAN_POINT('',(18.8890308006321,-2.19026904697608,8.94973309012587));
#2983=CARTESIAN_POINT('',(17.9537797171956,-1.05227476225923,4.58491227502953));
#2984=CARTESIAN_POINT('',(18.919891064576,-2.16470639993427,8.94973309012588));
#2985=CARTESIAN_POINT('',(18.1522790016586,-0.877981312671166,4.58491227502953));
#2986=CARTESIAN_POINT('',(18.9349747029421,-2.1515308144744,8.94973309012588));
#2987=CARTESIAN_POINT('',(18.2453891662742,-0.783848709036682,4.58491227502953));
#2988=CARTESIAN_POINT('',(18.9643447317797,-2.12449671092557,8.94973309012589));
#2989=CARTESIAN_POINT('',(18.4174831580433,-0.583482702447769,4.58491227502953));
#2990=CARTESIAN_POINT('',(18.9786310577091,-2.11063826819672,8.94973309012589));
#2991=CARTESIAN_POINT('',(18.4964658415838,-0.477250634789679,4.58491227502953));
#2992=CARTESIAN_POINT('',(19.0063180247758,-2.08235785489515,8.9497330901259));
#2993=CARTESIAN_POINT('',(18.6387378686897,-0.25480141886782,4.58491227502953));
#2994=CARTESIAN_POINT('',(19.0197186126578,-2.06793596804033,8.9497330901259));
#2995=CARTESIAN_POINT('',(18.7020262686289,-0.138585753990888,4.58491227502953));
#2996=CARTESIAN_POINT('',(19.0455634114224,-2.03865936154926,8.94973309012591));
#2997=CARTESIAN_POINT('',(18.8116571419981,0.101514886620112,4.58491227502953));
#2998=CARTESIAN_POINT('',(19.0580075814032,-2.0238047323114,8.94973309012591));
#2999=CARTESIAN_POINT('',(18.8579988906943,0.225398260596499,4.58491227502953));
#3000=CARTESIAN_POINT('',(19.0818880131661,-1.99380200791908,8.94973309012591));
#3001=CARTESIAN_POINT('',(18.9328233865866,0.478364895057578,4.58491227502953));
#3002=CARTESIAN_POINT('',(19.0933242472193,-1.97865400803235,8.94973309012591));
#3003=CARTESIAN_POINT('',(18.9613056424612,0.607446467504947,4.58491227502953));
#3004=CARTESIAN_POINT('',(19.1151574693627,-1.94820978879511,8.94973309012592));
#3005=CARTESIAN_POINT('',(18.9998558827151,0.868235894861967,4.58491227502953));
#3006=CARTESIAN_POINT('',(19.1255544434548,-1.93291369043658,8.94973309012592));
#3007=CARTESIAN_POINT('',(19.0099236190656,0.999941605929412,4.58491227502953));
#3008=CARTESIAN_POINT('',(19.1354265363224,-1.91761754483346,8.94973309012592));
#3009=CARTESIAN_POINT('',(19.0106910495105,1.13164815411784,4.58491227502953));
#3010=CARTESIAN_POINT('',(17.4145619583771,-1.39646214948779,4.6108083701191));
#3011=CARTESIAN_POINT('',(17.6718088303103,-1.52479178358929,5.32879590888092));
#3012=CARTESIAN_POINT('',(18.0532902884366,-1.71967462998408,6.4069303029645));
#3013=CARTESIAN_POINT('',(18.5074545453043,-1.93202927063226,7.66413453104397));
#3014=CARTESIAN_POINT('',(18.7747130970402,-2.03945225054605,8.38182557791387));
#3015=CARTESIAN_POINT('',(18.9172975500271,-2.07067846240848,8.74165705461069));
#3016=CARTESIAN_POINT('',(18.9720206402392,-2.10442340694283,8.92385470584659));
#3017=CARTESIAN_POINT('',(17.4145574871758,-1.39645507112281,4.61081123726908));
#3018=CARTESIAN_POINT('',(18.9720206402391,-2.10442340694292,8.92385470584659));
#3019=CARTESIAN_POINT('',(17.4145605717479,-1.39646145776589,4.6108045));
#3020=CARTESIAN_POINT('',(17.6520924336896,-1.28319796422209,4.6108045));
#3021=CARTESIAN_POINT('',(17.8685972401026,-1.13973188953066,4.6108045));
#3022=CARTESIAN_POINT('',(18.0644965255931,-0.966668712339501,4.6108045));
#3023=CARTESIAN_POINT('',(18.0644965255933,-0.966668712339726,4.6108045));
#3024=CARTESIAN_POINT('',(18.0644965255933,-0.966668712339715,4.6108045));
#3025=CARTESIAN_POINT('',(18.1623789775927,-0.880195915224344,4.6108045));
#3026=CARTESIAN_POINT('',(18.2552130161149,-0.78579560001801,4.6108045));
#3027=CARTESIAN_POINT('',(18.3398648218445,-0.686735896066021,4.6108045));
#3028=CARTESIAN_POINT('',(18.3398648218445,-0.686735896066021,4.6108045));
#3029=CARTESIAN_POINT('',(18.3398648218445,-0.686735896066022,4.6108045));
#3030=CARTESIAN_POINT('',(18.4245211494836,-0.587670900567018,4.6108045));
#3031=CARTESIAN_POINT('',(18.5017967462117,-0.483334836881946,4.6108045));
#3032=CARTESIAN_POINT('',(18.5717389041815,-0.373761479465492,4.6108045));
#3033=CARTESIAN_POINT('',(18.5717389041814,-0.373761479465493,4.6108045));
#3034=CARTESIAN_POINT('',(18.5717389041815,-0.37376147946549,4.6108045));
#3035=CARTESIAN_POINT('',(18.7116913684902,-0.154508001475187,4.6108045));
#3036=CARTESIAN_POINT('',(18.8223070997164,0.0878550342122156,4.6108045));
#3037=CARTESIAN_POINT('',(18.8961624177927,0.336919306612799,4.6108045));
#3038=CARTESIAN_POINT('',(18.8961624177927,0.336919306612759,4.6108045));
#3039=CARTESIAN_POINT('',(18.8961624177927,0.336919306612799,4.6108045));
#3040=CARTESIAN_POINT('',(18.9699506169789,0.585757232177848,4.6108045));
#3041=CARTESIAN_POINT('',(19.0094853931952,0.847358935780134,4.6108045));
#3042=CARTESIAN_POINT('',(19.0114112287084,1.11065133879876,4.6108045));
#3043=CARTESIAN_POINT('',(19.0114293985651,1.11065257919959,4.610784094865));
#3044=CARTESIAN_POINT('',(18.9720206402391,-2.10442340694296,8.9238547058466));
#3045=CARTESIAN_POINT('',(19.0373408700069,-1.86120062707874,8.55417105234764));
#3046=CARTESIAN_POINT('',(19.1021220964718,-1.25503623092767,7.88635599871954));
#3047=CARTESIAN_POINT('',(19.0693931749764,-0.455231674833602,6.80249079045362));
#3048=CARTESIAN_POINT('',(19.0433300843055,0.332850078828511,5.71027936694296));
#3049=CARTESIAN_POINT('',(19.021847666537,0.851568626451375,4.97740891461584));
#3050=CARTESIAN_POINT('',(19.0114108346938,1.11066112015019,4.61079065930912));
#3051=CARTESIAN_POINT('',(18.864260011185,1.77280761860249E-13,-0.539092612393977));
#3052=CARTESIAN_POINT('',(19.1369786358775,-1.73712778476824,9.00404511165256));
#3053=CARTESIAN_POINT('',(19.1256897032847,-1.55109447742851,8.6090158443546));
#3054=CARTESIAN_POINT('',(19.1043226773361,-1.09539731340506,7.86132774050629));
#3055=CARTESIAN_POINT('',(19.062786685425,-0.126369553728787,6.40787478414975));
#3056=CARTESIAN_POINT('',(19.0319668303073,0.618974094284785,5.32940747244777));
#3057=CARTESIAN_POINT('',(19.011430983502,1.11605344514011,4.61080450001114));
#3058=CARTESIAN_POINT('',(19.0114309835017,1.11605344512398,4.6108045));
#3059=CARTESIAN_POINT('',(19.1369935851606,-1.737374071756,9.00456822615566));
#3060=CARTESIAN_POINT('',(19.0114309835017,1.7866383133027E-13,4.6108045));
#3061=CARTESIAN_POINT('',(19.0113763333745,7.16468825799854,4.61086248251314));
#3062=CARTESIAN_POINT('',(18.8690115251686,7.27862495703239,-0.37282471486792));
#3063=CARTESIAN_POINT('',(19.1370085344438,7.06422734945155,9.00509134066166));
#3064=CARTESIAN_POINT('',(19.1370085344438,7.05952434198713,9.00509134066166));
#3065=CARTESIAN_POINT('',(-1.66260201552784E-13,7.50000000001447,1.30104260698448E-15));
#3066=CARTESIAN_POINT('',(18.7174967639982,7.50000000001489,1.30104260698455E-15));
#3067=CARTESIAN_POINT('',(18.7174967639982,7.50000000001489,4.6108045));
#3068=CARTESIAN_POINT('',(18.7174967639982,7.50000000001489,9.01080450000243));
#3069=CARTESIAN_POINT('',(-1.66260201552784E-13,7.50000000001447,4.6108045));
#3070=CARTESIAN_POINT('',(12.9253859171064,7.50000000001476,4.6108045));
#3071=CARTESIAN_POINT('',(12.9253859171064,7.50000000001476,-3.80605173988356E-16));
#3072=CARTESIAN_POINT('',(12.9253859171064,7.50000000001476,9.01080450000227));
#3073=CARTESIAN_POINT('',(12.9253859171064,7.50000000001476,9.01080450000243));
#3074=CARTESIAN_POINT('',(12.4999953873302,1.56863199378773E-13,2.72114274479059E-29));
#3075=CARTESIAN_POINT('',(12.4999953873301,7.05968757623608,1.9594569248388E-15));
#3076=CARTESIAN_POINT('',(12.4999953873301,7.05968757623608,4.6108045));
#3077=CARTESIAN_POINT('',(12.4999953873301,7.05968757623608,9.01080450000235));
#3078=CARTESIAN_POINT('',(12.4999953873302,1.56863199378773E-13,4.6108045));
#3079=CARTESIAN_POINT('',(12.4999953866744,1.47741484178584,4.61034444936681));
#3080=CARTESIAN_POINT('',(12.4999953873302,1.75245215777942,6.78689783059519));
#3081=CARTESIAN_POINT('',(12.4999953873302,1.76286861230835,6.86919516679302));
#3082=CARTESIAN_POINT('',(12.4999953873302,1.76286957272931,6.86908505729945));
#3083=CARTESIAN_POINT('',(12.4999953873302,1.10022280915092,6.86320706918158));
#3084=CARTESIAN_POINT('',(12.4999953873302,0.44220884667311,6.97948120242468));
#3085=CARTESIAN_POINT('',(12.4999953873302,-0.186755734890374,7.18769219405461));
#3086=CARTESIAN_POINT('',(12.4996322493271,-0.186943137807152,7.1871260865873));
#3087=CARTESIAN_POINT('',(12.4999953873302,1.56863199378773E-13,7.1871260865873));
#3088=CARTESIAN_POINT('',(12.4999953873302,-1.85968972031405,7.1871260865873));
#3089=CARTESIAN_POINT('',(12.4999953873302,-1.85968972031405,-3.22604741586198E-16));
#3090=CARTESIAN_POINT('',(12.4999953873302,-1.85968972031405,9.01080449999942));
#3091=CARTESIAN_POINT('',(12.4999953873302,-1.85968972031398,9.01080449999942));
#3092=CARTESIAN_POINT('',(17.4030457002146,-1.39071799672672,4.57866995849367));
#3093=CARTESIAN_POINT('',(17.3917502124023,-1.39706961107215,4.58145859272568));
#3094=CARTESIAN_POINT('',(17.3801826785161,-1.40280753283432,4.58445458074834));
#3095=CARTESIAN_POINT('',(17.5337204446539,-1.45588733116349,4.94329847248538));
#3096=CARTESIAN_POINT('',(17.5115343081234,-1.46854828903907,4.94900512175901));
#3097=CARTESIAN_POINT('',(17.488393925561,-1.4792965887646,4.95481699839856));
#3098=CARTESIAN_POINT('',(17.7941265065949,-1.58635097614799,5.67297565327098));
#3099=CARTESIAN_POINT('',(17.7519513102566,-1.61188740799974,5.68567075863976));
#3100=CARTESIAN_POINT('',(17.7049674018657,-1.62874993953753,5.69589226518681));
#3101=CARTESIAN_POINT('',(18.183668735477,-1.7809725099696,6.76829336321406));
#3102=CARTESIAN_POINT('',(18.1134062312361,-1.8267858006331,6.78920831788165));
#3103=CARTESIAN_POINT('',(18.0312486735925,-1.84580633805207,6.80792379916634));
#3104=CARTESIAN_POINT('',(18.5141653273907,-1.93512666087532,7.68287819913412));
#3105=CARTESIAN_POINT('',(18.4180087396276,-2.00545590575115,7.70578299195469));
#3106=CARTESIAN_POINT('',(18.3016156088836,-2.02320823746915,7.73563175105224));
#3107=CARTESIAN_POINT('',(18.7879304339556,-2.04426037744622,8.41628148322143));
#3108=CARTESIAN_POINT('',(18.6673711297004,-2.14904736181579,8.44107153789258));
#3109=CARTESIAN_POINT('',(18.5114600468196,-2.16403479601972,8.48022540449605));
#3110=CARTESIAN_POINT('',(18.9365200442289,-2.07553828790899,8.7928575396659));
#3111=CARTESIAN_POINT('',(18.7996065246598,-2.22055452402639,8.80415651808273));
#3112=CARTESIAN_POINT('',(18.6071151641105,-2.234288007989,8.85581117141982));
#3113=CARTESIAN_POINT('',(18.9856148953299,-2.11383085684855,8.9709986931805));
#3114=CARTESIAN_POINT('',(18.8485603396383,-2.2565711270223,8.98653237139072));
#3115=CARTESIAN_POINT('',(18.6584924697702,-2.26885994298975,9.04241815643278));
#3116=CARTESIAN_POINT('',(17.3878828529999,-1.4082458627544,4.6108045));
#3117=CARTESIAN_POINT('',(17.3968888671998,-1.4045745389003,4.6108045));
#3118=CARTESIAN_POINT('',(17.405781896451,-1.40064743696336,4.6108045));
#3119=CARTESIAN_POINT('',(17.4145605717518,-1.39646145776402,4.6108045));
#3120=CARTESIAN_POINT('',(18.9720209511075,-2.10442528272604,8.92385922879469));
#3121=CARTESIAN_POINT('',(18.9725328779844,-2.10749969231857,8.93127730433869));
#3122=CARTESIAN_POINT('',(18.9730235871133,-2.11057648405326,8.93869583697735));
#3123=CARTESIAN_POINT('',(18.9734967869533,-2.11365261761581,8.94611542669077));
#3124=CARTESIAN_POINT('',(18.9734975522934,-2.11365336013927,8.94611507003109));
#3125=CARTESIAN_POINT('',(18.9733741011045,-2.11373175255843,8.94588980808022));
#3126=CARTESIAN_POINT('',(18.8835684663006,-2.20224086586288,8.94999496551481));
#3127=CARTESIAN_POINT('',(18.7615692739862,-2.25245876355158,8.96035675199652));
#3128=CARTESIAN_POINT('',(18.6398356557374,-2.25610148561089,8.97362269899597));
#3129=CARTESIAN_POINT('',(19.0106779064579,1.1342830345422,4.58445236525567));
#3130=CARTESIAN_POINT('',(19.0106446595565,1.13259998551747,4.58328896929096));
#3131=CARTESIAN_POINT('',(19.0105946718885,1.13091699287038,4.58212609073731));
#3132=CARTESIAN_POINT('',(19.0212626316796,0.878046352511187,4.9548395754275));
#3133=CARTESIAN_POINT('',(19.0211932628288,0.87451748484414,4.95241211149943));
#3134=CARTESIAN_POINT('',(19.0210701562124,0.870998310982195,4.94997281943915));
#3135=CARTESIAN_POINT('',(19.0424462950853,0.366245073711384,5.6961113444814));
#3136=CARTESIAN_POINT('',(19.0422946890913,0.357967792672356,5.69080628530795));
#3137=CARTESIAN_POINT('',(19.0419816823516,0.350079295277015,5.68494921387827));
#3138=CARTESIAN_POINT('',(19.0743250299747,-0.395920165189471,6.81163162792914));
#3139=CARTESIAN_POINT('',(19.0739221667119,-0.41724257959068,6.79753438044365));
#3140=CARTESIAN_POINT('',(19.0711606305271,-0.43814035589065,6.78301365531858));
#3141=CARTESIAN_POINT('',(19.1010990326846,-1.02112176839599,7.74852398565534));
#3142=CARTESIAN_POINT('',(19.1002941584264,-1.07083553329762,7.72035933237215));
#3143=CARTESIAN_POINT('',(19.0898716659463,-1.11525230894359,7.68632975018208));
#3144=CARTESIAN_POINT('',(19.1230494833806,-1.49075414743366,8.5166276468326));
#3145=CARTESIAN_POINT('',(19.1214009375302,-1.6040794462318,8.45894071640702));
#3146=CARTESIAN_POINT('',(19.066000917241,-1.69869371055386,8.39344225234131));
#3147=CARTESIAN_POINT('',(19.1344707646254,-1.69994773947116,8.91628813949449));
#3148=CARTESIAN_POINT('',(19.1320987010523,-1.87883684361008,8.83328343458956));
#3149=CARTESIAN_POINT('',(18.9975029567119,-2.00781953061515,8.76748592702354));
#3150=CARTESIAN_POINT('',(19.1403513089439,-1.79102320564914,9.12206376038218));
#3151=CARTESIAN_POINT('',(19.1377114426879,-1.99990726667108,9.02968793792985));
#3152=CARTESIAN_POINT('',(18.9633947715852,-2.13665996123844,8.9741432611296));
#3153=CARTESIAN_POINT('',(19.0114112387512,1.11065271199437,4.6108045));
#3154=CARTESIAN_POINT('',(19.0114244029756,1.11245293229905,4.6108045));
#3155=CARTESIAN_POINT('',(19.0114309835036,1.11425317668201,4.6108045));
#3156=CARTESIAN_POINT('',(19.0114309835017,1.11605344512654,4.6108045));
#3157=CARTESIAN_POINT('',(19.1370085344437,-1.73762035874387,9.00509134065861));
#3158=CARTESIAN_POINT('',(19.1377306549903,-1.87511948375731,8.9821729889713));
#3159=CARTESIAN_POINT('',(19.0787493726689,-2.01562659083376,8.96068320141424));
#3160=CARTESIAN_POINT('',(18.9735761426177,-2.11390434278973,8.94658860176753));
#3161=CARTESIAN_POINT('',(18.3692155679874,7.27862495703239,-0.358541816516168));
#3162=CARTESIAN_POINT('',(19.0113183692617,7.16468977690511,4.6108045));
#3163=CARTESIAN_POINT('',(19.0113823617453,7.18332921766865,4.6108045));
#3164=CARTESIAN_POINT('',(19.0103919936,7.20179355516945,4.6108045));
#3165=CARTESIAN_POINT('',(19.0083535446709,7.22008383233471,4.6108045));
#3166=CARTESIAN_POINT('',(18.7174967639982,7.00000000001489,11.8287278427333));
#3167=CARTESIAN_POINT('',(18.9867544795006,7.42161150951265,9.01016906029645));
#3168=CARTESIAN_POINT('',(19.1370085344438,7.06422734945155,9.00509134066166));
#3169=CARTESIAN_POINT('',(19.1370239446769,7.19642918286039,9.00563058501096));
#3170=CARTESIAN_POINT('',(19.0820691889862,7.32778548170879,9.00772140642642));
#3171=CARTESIAN_POINT('',(18.9879171435368,7.42056254759025,9.01005038962147));
#3172=CARTESIAN_POINT('',(18.7174967639982,7.00000000001489,1.21430643318576E-15));
#3173=CARTESIAN_POINT('',(18.7174967639982,7.00000000001489,4.6108045));
#3174=CARTESIAN_POINT('',(18.7174967639982,7.00000000001489,9.01080450000227));
#3175=CARTESIAN_POINT('',(12.9999953873301,7.05968757623608,1.9594569248388E-15));
#3176=CARTESIAN_POINT('',(12.6517721355529,7.41849193368134,6.71080450000121));
#3177=CARTESIAN_POINT('',(12.6517721355529,7.41849193368134,9.01080450000235));
#3178=CARTESIAN_POINT('',(12.6517721355529,7.41849193368134,4.6108045));
#3179=CARTESIAN_POINT('',(12.9999953873301,7.05968757623608,4.6108045));
#3180=CARTESIAN_POINT('',(12.9999953873301,7.05968757623608,9.01080450000235));
#3181=CARTESIAN_POINT('',(12.9253859171064,7.00000000001476,-4.67341347787154E-16));
#3182=CARTESIAN_POINT('',(12.9253859171064,7.00000000001476,4.6108045));
#3183=CARTESIAN_POINT('',(12.9253859171064,7.00000000001476,9.01080450000227));
#3184=CARTESIAN_POINT('',(9.72726118080649,-2.71115500121271,7.1871260865873));
#3185=CARTESIAN_POINT('',(2.86145100108609,-5.92276856096115,7.1871260865873));
#3186=CARTESIAN_POINT('',(2.86145957949952,-5.96815080774699,6.82820903732656));
#3187=CARTESIAN_POINT('',(2.86145958110595,-6.24840869360983,4.61080712679312));
#3188=CARTESIAN_POINT('',(9.74467105595572,-2.74837396213591,6.82821568143685));
#3189=CARTESIAN_POINT('',(9.60477301794951,-2.81381392378169,6.82821568143685));
#3190=CARTESIAN_POINT('',(9.60477301794951,-3.12333505775587,4.37928279607079));
#3191=CARTESIAN_POINT('',(9.6047730107715,-3.09402153287628,4.61121158996141));
#3192=CARTESIAN_POINT('',(9.85223230597613,-2.97831920453689,4.6108045));
#3193=CARTESIAN_POINT('',(0.158858599518239,-0.0509242132520234,7.17546582024163));
#3194=CARTESIAN_POINT('',(0.15793893416056,-6.52382209898181,7.1871260865873));
#3195=CARTESIAN_POINT('',(0.157939175583518,-6.56970275432049,6.82400434220215));
#3196=CARTESIAN_POINT('',(0.157938936360438,-6.84942976952444,4.61080268455924));
#3197=CARTESIAN_POINT('',(0.157939177923951,-6.56968640539488,6.82400245802007));
#3198=CARTESIAN_POINT('',(1.07281160924325,-6.56980674496806,6.82409468787759));
#3199=CARTESIAN_POINT('',(2.00383875558716,-6.3694499803093,6.82551951064123));
#3200=CARTESIAN_POINT('',(2.86146793307615,-5.96816870516101,6.8282203785415));
#3201=CARTESIAN_POINT('',(2.86147088744979,-6.24843290960203,4.61075755003133));
#3202=CARTESIAN_POINT('',(2.01378013714604,-6.64469752263488,4.6109919873985));
#3203=CARTESIAN_POINT('',(1.09370725505091,-6.84956273702745,4.61068788820148));
#3204=CARTESIAN_POINT('',(0.157938946504221,-6.84940815363727,4.61084247340187));
#3205=CARTESIAN_POINT('',(-8.00233274446072E-13,-6.52382209898181,7.1871260865873));
#3206=CARTESIAN_POINT('',(-0.157938934162161,-6.52382430876596,7.1871260865873));
#3207=CARTESIAN_POINT('',(-0.157938937715094,-6.56970865721162,6.82400638843506));
#3208=CARTESIAN_POINT('',(-0.157938936517591,-6.84942975215299,4.61080282201119));
#3209=CARTESIAN_POINT('',(0.15793893416056,-6.56971684791197,6.82400658493105));
#3210=CARTESIAN_POINT('',(-8.00233274446072E-13,-6.84944391725499,4.6108045));
#3211=CARTESIAN_POINT('',(-0.158858599488814,-0.0509242131104901,7.17546582022374));
#3212=CARTESIAN_POINT('',(-2.86145077883407,-5.9227680858257,7.1871260865873));
#3213=CARTESIAN_POINT('',(-2.86145666337173,-5.968143447435,6.8282188219076));
#3214=CARTESIAN_POINT('',(-2.86145957801134,-6.24840870206987,4.61080706781586));
#3215=CARTESIAN_POINT('',(-2.86146838001522,-5.96816849604306,6.82822037994913));
#3216=CARTESIAN_POINT('',(-2.00608581808468,-6.36840707314529,6.82546009409115));
#3217=CARTESIAN_POINT('',(-1.0752883224456,-6.56979812534816,6.82416598585811));
#3218=CARTESIAN_POINT('',(-0.157938938874322,-6.56968640536559,6.82400245799624));
#3219=CARTESIAN_POINT('',(-0.157938946635797,-6.84940815363979,4.61084247339935));
#3220=CARTESIAN_POINT('',(-1.09371994316007,-6.84956273910137,4.61068788610828));
#3221=CARTESIAN_POINT('',(-2.01375916248485,-6.64470732649564,4.61099199319878));
#3222=CARTESIAN_POINT('',(-2.86147088167914,-6.24843291230245,4.61075755003044));
#3223=CARTESIAN_POINT('',(-9.72726118080807,-2.71115500121266,7.1871260865873));
#3224=CARTESIAN_POINT('',(-9.60477301794956,-2.74715715673806,7.35560438265776));
#3225=CARTESIAN_POINT('',(-9.60477301796525,-3.09402152845218,4.61121159869955));
#3226=CARTESIAN_POINT('',(-9.60477301794956,-2.81381392378226,6.82821568143694));
#3227=CARTESIAN_POINT('',(-9.74467105595726,-2.74837396213578,6.82821568143693));
#3228=CARTESIAN_POINT('',(-9.85223230597746,-2.97831920453631,4.6108045));
#3229=CARTESIAN_POINT('',(-10.4064942747687,-4.15982490115254,7.1871260865873));
#3230=CARTESIAN_POINT('',(-3.5420000553139,-7.37082231641951,7.1871260865873));
#3231=CARTESIAN_POINT('',(-3.54200652929212,-7.42106519637507,6.78971694390501));
#3232=CARTESIAN_POINT('',(-3.54200803897913,-7.69646118357707,4.61080817525291));
#3233=CARTESIAN_POINT('',(-13.299193675603,-2.85693786548731,6.78972192670858));
#3234=CARTESIAN_POINT('',(-13.3900539230623,-2.81443626109201,6.78972192434196));
#3235=CARTESIAN_POINT('',(-13.3900539230626,-2.81443626109181,6.78972192434229));
#3236=CARTESIAN_POINT('',(-13.5996857475531,-2.80959396864576,6.05218874639851));
#3237=CARTESIAN_POINT('',(-13.8358943200046,-2.79146854975261,5.32139144105962));
#3238=CARTESIAN_POINT('',(-14.1216055728062,-2.74763174646364,4.61081379103909));
#3239=CARTESIAN_POINT('',(-14.1216052046902,-2.74762358839001,4.6108141463291));
#3240=CARTESIAN_POINT('',(-10.5314653999381,-4.42698910447618,4.6108045));
#3241=CARTESIAN_POINT('',(-0.15908537767692,-0.0277822221020105,7.17254089919297));
#3242=CARTESIAN_POINT('',(-0.15199999511322,-8.12382209898177,7.1871260865873));
#3243=CARTESIAN_POINT('',(-0.152000008390569,-8.17329514757335,6.79558741439414));
#3244=CARTESIAN_POINT('',(-0.152000011494002,-8.44942892632571,4.61080158520777));
#3245=CARTESIAN_POINT('',(-0.152000031645791,-8.17326764325032,6.79558232150384));
#3246=CARTESIAN_POINT('',(-1.29882709818209,-8.17427320077276,6.79569236135577));
#3247=CARTESIAN_POINT('',(-2.4664819197527,-7.92387196701187,6.79377835424763));
#3248=CARTESIAN_POINT('',(-3.54202201650796,-7.42109831624972,6.7897182545452));
#3249=CARTESIAN_POINT('',(-0.15200003515053,-8.449406849127,4.61076743183561));
#3250=CARTESIAN_POINT('',(-1.32538992240222,-8.45043086500215,4.61091825017596));
#3251=CARTESIAN_POINT('',(-2.47926114810429,-8.19382204105465,4.61061605029386));
#3252=CARTESIAN_POINT('',(-3.54201996830339,-7.69648669588491,4.61085148916988));
#3253=CARTESIAN_POINT('',(-8.00314589609008E-13,-8.12382209898181,7.1871260865873));
#3254=CARTESIAN_POINT('',(0.151999995111619,-8.12382209898181,7.1871260865873));
#3255=CARTESIAN_POINT('',(0.152000013378063,-8.17328974648831,6.79557265090031));
#3256=CARTESIAN_POINT('',(0.152000010541373,-8.44942892632641,4.61080158520836));
#3257=CARTESIAN_POINT('',(-8.00314589609008E-13,-8.17330873777343,6.79558753292831));
#3258=CARTESIAN_POINT('',(-8.00314589609008E-13,-8.44944391725499,4.6108045));
#3259=CARTESIAN_POINT('',(0.159085377612404,-0.0277822218176376,7.17254089915703));
#3260=CARTESIAN_POINT('',(3.5420000553123,-7.37082231641951,7.1871260865873));
#3261=CARTESIAN_POINT('',(3.54201100943115,-7.42107435704896,6.78971984270034));
#3262=CARTESIAN_POINT('',(3.54200803950675,-7.69646118333092,4.61080817525313));
#3263=CARTESIAN_POINT('',(3.54202196354988,-7.42109834100696,6.78971825474563));
#3264=CARTESIAN_POINT('',(2.46933280786318,-7.92254875711952,6.79369258437113));
#3265=CARTESIAN_POINT('',(1.30197024714764,-8.1742658155779,6.79577289981118));
#3266=CARTESIAN_POINT('',(0.152000031644401,-8.17326764325188,6.79558232150404));
#3267=CARTESIAN_POINT('',(3.5420199688314,-7.69648669563959,4.61085148917169));
#3268=CARTESIAN_POINT('',(2.47928211249363,-8.19381223051304,4.61061605493124));
#3269=CARTESIAN_POINT('',(1.32537765398141,-8.45043085441633,4.61091824859676));
#3270=CARTESIAN_POINT('',(0.152000034197914,-8.44940684911497,4.61076743184121));
#3271=CARTESIAN_POINT('',(10.4064999818794,-4.15982223154253,7.1871260865873));
#3272=CARTESIAN_POINT('',(13.3901424233348,-2.81443421602277,6.78941056625517));
#3273=CARTESIAN_POINT('',(13.5997523464871,-2.80958864641305,6.05198437389751));
#3274=CARTESIAN_POINT('',(13.8359340084618,-2.79146241876598,5.32129306284828));
#3275=CARTESIAN_POINT('',(14.1216046273986,-2.74763189151814,4.61081614231146));
#3276=CARTESIAN_POINT('',(14.1216040252274,-2.74761984546417,4.6108166433474));
#3277=CARTESIAN_POINT('',(13.3900981728612,-2.81443523856534,6.78956624648193));
#3278=CARTESIAN_POINT('',(3.56127716934408,-7.41203307455023,6.7897219267087));
#3279=CARTESIAN_POINT('',(10.5314711070491,-4.42698643486671,4.6108045));
#3280=CARTESIAN_POINT('',(-7.49999538733017,1.7320590365547,6.62554734521994));
#3281=CARTESIAN_POINT('',(-12.4999953873302,1.76286761928688,6.86930527599366));
#3282=CARTESIAN_POINT('',(-12.4999953853001,1.44580827585055,6.86645870697864));
#3283=CARTESIAN_POINT('',(-12.4407426299225,0.851334304906676,6.86187620282101));
#3284=CARTESIAN_POINT('',(-12.2391996880937,0.101907982662972,6.85561545820507));
#3285=CARTESIAN_POINT('',(-12.0217492665644,-0.405313316797448,6.8504885590279));
#3286=CARTESIAN_POINT('',(-11.8690727323992,-0.693888564655943,6.84744661446443));
#3287=CARTESIAN_POINT('',(-11.7761091297015,-0.85259736688961,6.84585608840935));
#3288=CARTESIAN_POINT('',(-11.7261769352513,-0.935114583977611,6.84507377217524));
#3289=CARTESIAN_POINT('',(-11.6059685588961,-1.1190422331906,6.84345661218214));
#3290=CARTESIAN_POINT('',(-11.4618469284477,-1.31915277217261,6.84172017361435));
#3291=CARTESIAN_POINT('',(-11.1831504485293,-1.66601388096198,6.83874696952331));
#3292=CARTESIAN_POINT('',(-10.5788922697416,-2.26259430089055,6.83353143022985));
#3293=CARTESIAN_POINT('',(-9.99655477382531,-2.63035478062316,6.82976479940771));
#3294=CARTESIAN_POINT('',(-9.60477301794954,-2.81381392378227,6.82821568143693));
#3295=CARTESIAN_POINT('',(-11.0355909631909,-2.08630653193537,4.60983307774122));
#3296=CARTESIAN_POINT('',(-10.6199627181078,-2.50528802788511,4.60957937904605));
#3297=CARTESIAN_POINT('',(-10.1394414607514,-2.84409437971014,4.60985493535372));
#3298=CARTESIAN_POINT('',(-9.6047543843839,-3.09397878351225,4.61161875887641));
#3299=CARTESIAN_POINT('',(-11.0355909773905,-2.08630651762126,4.60983307774988));
#3300=CARTESIAN_POINT('',(-12.1193716125774,-0.451215681914409,4.61128514046131));
#3301=CARTESIAN_POINT('',(-11.8677963134034,-1.06342010059474,4.61100477875484));
#3302=CARTESIAN_POINT('',(-11.5017496620266,-1.61638690712954,4.61011762012984));
#3303=CARTESIAN_POINT('',(-11.0355909631909,-2.08630653193537,4.60983307774122));
#3304=CARTESIAN_POINT('',(-12.1193716148097,-0.451215676482153,4.6112851404638));
#3305=CARTESIAN_POINT('',(-12.4999953860413,1.47741341614196,4.60988443039776));
#3306=CARTESIAN_POINT('',(-12.5000103299695,0.814190819062258,4.61120671059837));
#3307=CARTESIAN_POINT('',(-12.3714606046725,0.162238800175007,4.61156607463982));
#3308=CARTESIAN_POINT('',(-12.1193716125774,-0.45121568191441,4.61128514046131));
#3309=CARTESIAN_POINT('',(7.49999538733017,1.73205903655524,6.62554734521875));
#3310=CARTESIAN_POINT('',(9.6047730179495,-2.81381392378169,6.82821568143685));
#3311=CARTESIAN_POINT('',(9.99649744848765,-2.63038162428532,6.82976457274136));
#3312=CARTESIAN_POINT('',(10.5788049704995,-2.26266203243553,6.83353380753425));
#3313=CARTESIAN_POINT('',(11.1830942248956,-1.66607770647226,6.83875008495863));
#3314=CARTESIAN_POINT('',(11.4618191789358,-1.31918915499105,6.84172228351929));
#3315=CARTESIAN_POINT('',(11.6059533611175,-1.11906510046528,6.84345770550971));
#3316=CARTESIAN_POINT('',(11.726186343623,-0.935099721254829,6.84507376201291));
#3317=CARTESIAN_POINT('',(11.7760866939933,-0.852633950502295,6.84585503573087));
#3318=CARTESIAN_POINT('',(11.8690344815133,-0.693957041472458,6.84744457499877));
#3319=CARTESIAN_POINT('',(12.0216872082655,-0.405440218186828,6.85048554640177));
#3320=CARTESIAN_POINT('',(12.239143679681,0.101745049003222,6.85561279911996));
#3321=CARTESIAN_POINT('',(12.4407229676411,0.851202221434784,6.86187493396964));
#3322=CARTESIAN_POINT('',(12.4999953852997,1.44575525843904,6.8664582309866));
#3323=CARTESIAN_POINT('',(12.4999953873302,1.76286761928764,6.86930527599366));
#3324=CARTESIAN_POINT('',(12.1193716131358,-0.45121568214815,4.61128512785955));
#3325=CARTESIAN_POINT('',(12.3714631928918,0.162245096990174,4.61156606105758));
#3326=CARTESIAN_POINT('',(12.5000103304699,0.81418992528677,4.61120669003462));
#3327=CARTESIAN_POINT('',(12.4999953860412,1.47741341607153,4.60988440074203));
#3328=CARTESIAN_POINT('',(12.119371615368,-0.451215676716179,4.61128512786203));
#3329=CARTESIAN_POINT('',(11.0355909638854,-2.08630653225599,4.6098330696649));
#3330=CARTESIAN_POINT('',(11.5017697119765,-1.61636669612388,4.61011762532551));
#3331=CARTESIAN_POINT('',(11.8677870489994,-1.06344264698246,4.61100475968443));
#3332=CARTESIAN_POINT('',(12.1193716131358,-0.45121568214815,4.61128512785954));
#3333=CARTESIAN_POINT('',(11.0355909780852,-2.08630651794164,4.60983306967357));
#3334=CARTESIAN_POINT('',(9.60475437760348,-3.0939787888911,4.61161874141279));
#3335=CARTESIAN_POINT('',(10.1394520170645,-2.84408944875447,4.60985488845353));
#3336=CARTESIAN_POINT('',(10.6199535806831,-2.50529724033165,4.60957936446998));
#3337=CARTESIAN_POINT('',(11.0355909638854,-2.08630653225598,4.6098330696649));
#3338=CARTESIAN_POINT('',(14.1676007476461,-2.74041288905869,4.4977017179202));
#3339=CARTESIAN_POINT('',(14.2742947815907,-2.68449251064138,4.54527043245697));
#3340=CARTESIAN_POINT('',(14.3836682043587,-2.6346810034266,4.59353798206732));
#3341=CARTESIAN_POINT('',(13.8590817051642,-2.78991285266106,5.24788382923041));
#3342=CARTESIAN_POINT('',(14.2293079532312,-2.59674369942184,5.40603532903104));
#3343=CARTESIAN_POINT('',(14.6150926898644,-2.43998833660062,5.56533170939211));
#3344=CARTESIAN_POINT('',(13.6078081084184,-2.80958317524307,6.02221336225387));
#3345=CARTESIAN_POINT('',(14.1515524203465,-2.53187594926119,6.20704182536493));
#3346=CARTESIAN_POINT('',(14.745846943017,-2.39688845467028,6.39577935712867));
#3347=CARTESIAN_POINT('',(13.3861106343934,-2.81452576094325,6.80360787551618));
#3348=CARTESIAN_POINT('',(14.0778545202023,-2.46586512666571,7.00207504671867));
#3349=CARTESIAN_POINT('',(14.8400821661062,-2.35904181382618,7.2190101871357));
#3350=CARTESIAN_POINT('',(13.390053922388,-2.81443626110769,6.78972192670881));
#3351=CARTESIAN_POINT('',(13.8290456854324,-2.61001720972186,6.77806707012275));
#3352=CARTESIAN_POINT('',(14.3044630964961,-2.46403721373249,6.76483137057874));
#3353=CARTESIAN_POINT('',(14.78202249799,-2.38348102524099,6.75068943562925));
#3354=CARTESIAN_POINT('',(14.3877729402449,-2.63123794075249,4.61080450000101));
#3355=CARTESIAN_POINT('',(14.2980754038098,-2.66780305992012,4.61080450000101));
#3356=CARTESIAN_POINT('',(14.2093491232596,-2.70658921022501,4.6108045));
#3357=CARTESIAN_POINT('',(14.1216093085782,-2.74763117328172,4.6108045));
#3358=CARTESIAN_POINT('',(-14.3836681840167,-2.63468102054001,4.59353789664627));
#3359=CARTESIAN_POINT('',(-14.274294785539,-2.68449251834205,4.54527035691982));
#3360=CARTESIAN_POINT('',(-14.1676007747653,-2.74041288470738,4.49770165197979));
#3361=CARTESIAN_POINT('',(-14.6150938171126,-2.43998738260854,5.56533642595162));
#3362=CARTESIAN_POINT('',(-14.2293077377082,-2.59674327227293,5.40603950915038));
#3363=CARTESIAN_POINT('',(-13.859080207572,-2.78991309418951,5.24788746083226));
#3364=CARTESIAN_POINT('',(-14.7458482838928,-2.39688782649854,6.39578765426878));
#3365=CARTESIAN_POINT('',(-14.1515517182619,-2.53187527507449,6.20704975777539));
#3366=CARTESIAN_POINT('',(-13.6078056354204,-2.80958337797293,6.02222091079967));
#3367=CARTESIAN_POINT('',(-14.8400835517686,-2.35904125731924,7.21902229217144));
#3368=CARTESIAN_POINT('',(-14.0778534310126,-2.4658641510825,7.00208679662423));
#3369=CARTESIAN_POINT('',(-13.3861073744902,-2.81452583361905,6.80361936538068));
#3370=CARTESIAN_POINT('',(-14.7820194559048,-2.38346249649976,6.75068972558534));
#3371=CARTESIAN_POINT('',(-14.3044562518352,-2.46399641304822,6.76483199256739));
#3372=CARTESIAN_POINT('',(-13.827744311235,-2.61050819801697,6.77810262109523));
#3373=CARTESIAN_POINT('',(-13.3900539223901,-2.81443626110734,6.78972192670843));
#3374=CARTESIAN_POINT('',(-14.1216093085792,-2.74763117328129,4.61080449999999));
#3375=CARTESIAN_POINT('',(-14.2093491232603,-2.70658921022467,4.61080449999999));
#3376=CARTESIAN_POINT('',(-14.29807540381,-2.66780305991903,4.6108045));
#3377=CARTESIAN_POINT('',(-14.3877729402453,-2.63123794075244,4.6108045));
#3378=CARTESIAN_POINT('',(-3.85365569063179,4.81706961329447,8.35628374359765E-16));
#3379=CARTESIAN_POINT('',(-3.85365569063179,4.81706961329447,7.1871260865873));
#3380=CARTESIAN_POINT('',(-12.6876478635532,-2.2501241250357,7.1871260865873));
#3381=CARTESIAN_POINT('',(-12.9409948544327,-2.45280171773907,7.1871260865873));
#3382=CARTESIAN_POINT('',(-12.6876478635532,-2.2501241250357,-3.90334314356177E-16));
#3383=CARTESIAN_POINT('',(-12.6876478635532,-2.2501241250357,8.73042654495909));
#3384=CARTESIAN_POINT('',(-12.6876478635532,-2.2501241250357,8.73042654495909));
#3385=CARTESIAN_POINT('',(-12.7731787386856,-2.31854882514159,8.21628274755663));
#3386=CARTESIAN_POINT('',(-12.8577821417997,-2.38623154763276,7.7018906059413));
#3387=CARTESIAN_POINT('',(-12.9409948544327,-2.45280171773907,7.1871260865873));
#3388=CARTESIAN_POINT('',(-15.8732180358517,2.59999892797244,9.21080450000082));
#3389=CARTESIAN_POINT('',(-15.8,3.5,9.21080450000112));
#3390=CARTESIAN_POINT('',(-15.8,5.50000000000068,9.21080450000178));
#3391=CARTESIAN_POINT('',(-18.8619163339606,7.26302107863873,9.21080450000235));
#3392=CARTESIAN_POINT('',(-18.9123931261152,7.20585237882131,9.21080450000233));
#3393=CARTESIAN_POINT('',(-18.9374510653188,7.13958780242556,9.21080450000231));
#3394=CARTESIAN_POINT('',(-18.9370901515714,7.06422734945148,9.21080450000229));
#3395=CARTESIAN_POINT('',(-18.8619163339607,7.26302107863873,9.21080450000236));
#3396=CARTESIAN_POINT('',(-18.9370901515714,7.06422734945148,9.21080450000229));
#3397=CARTESIAN_POINT('',(-18.9370901515714,-1.82943833860446,9.21080449999937));
#3398=CARTESIAN_POINT('',(-18.9370901515714,-1.73762035874386,9.2108044999994));
#3399=CARTESIAN_POINT('',(-18.9370901515713,-1.73762035874386,9.21080449999939));
#3400=CARTESIAN_POINT('',(-18.9379728394036,-1.83267959400175,9.21080449999936));
#3401=CARTESIAN_POINT('',(-18.9060188105693,-1.91291974144712,9.21080449999934));
#3402=CARTESIAN_POINT('',(-18.8412280650686,-1.97834080107997,9.21080449999931));
#3403=CARTESIAN_POINT('',(-18.8412280650686,-1.97834080107997,9.21080449999932));
#3404=CARTESIAN_POINT('',(-18.8412219742498,-1.97833476894461,9.21080449999931));
#3405=CARTESIAN_POINT('',(-18.7851628600634,-2.03176138497151,9.2108044999993));
#3406=CARTESIAN_POINT('',(-18.717160143779,-2.05885165637686,9.21080449999929));
#3407=CARTESIAN_POINT('',(-18.6372138253965,-2.05960558316065,9.21080449999929));
#3408=CARTESIAN_POINT('',(-18.6372138253965,-2.05960558316066,9.21080449999929));
#3409=CARTESIAN_POINT('',(-18.6372138253965,-2.05960558316064,9.21080449999929));
#3410=CARTESIAN_POINT('',(-16.7457587122833,-2.08138701572679,9.21080449999928));
#3411=CARTESIAN_POINT('',(-14.85430359917,-2.10316844829295,9.21080449999927));
#3412=CARTESIAN_POINT('',(-12.9628484860568,-2.1249498808591,9.21080449999926));
#3413=CARTESIAN_POINT('',(-12.9628484860568,-2.1249498808591,9.21080449999927));
#3414=CARTESIAN_POINT('',(-12.9628484860568,-2.1249498808591,9.21080449999927));
#3415=CARTESIAN_POINT('',(-12.9008570236839,-2.12570079732127,9.21080449999927));
#3416=CARTESIAN_POINT('',(-12.8433852937594,-2.10884370216751,9.21080449999927));
#3417=CARTESIAN_POINT('',(-12.7904332962835,-2.07437859539781,9.21080449999928));
#3418=CARTESIAN_POINT('',(-12.7904370161564,-2.07437288021542,9.21081117144474));
#3419=CARTESIAN_POINT('',(-12.9999953873302,-1.85968972031404,9.21080449999935));
#3420=CARTESIAN_POINT('',(-12.6999953873301,-1.85968972031411,9.21080449999935));
#3421=CARTESIAN_POINT('',(-12.69999538733,7.05968757623608,9.21080450000229));
#3422=CARTESIAN_POINT('',(-12.69999538733,7.05968757623601,9.21080450000229));
#3423=CARTESIAN_POINT('',(-12.9999953873301,7.05968757623608,9.21080450000229));
#3424=CARTESIAN_POINT('',(-12.7776736271606,7.26111506928296,9.21080450000235));
#3425=CARTESIAN_POINT('',(-12.9253859171064,7.00000000001476,9.21080450000227));
#3426=CARTESIAN_POINT('',(-12.9253859171064,7.30000000001473,9.21080450000237));
#3427=CARTESIAN_POINT('',(-18.7174967639982,7.30000000001495,9.21080450000237));
#3428=CARTESIAN_POINT('',(-18.7174967639982,7.30000000001495,9.21080450000237));
#3429=CARTESIAN_POINT('',(-18.7174967639982,7.00000000001489,9.21080450000227));
#3430=CARTESIAN_POINT('',(-12.9556610623923,-2.31692899094749,9.08415672768642));
#3431=CARTESIAN_POINT('',(-12.777620408059,-2.32210216064029,9.05510725615537));
#3432=CARTESIAN_POINT('',(-12.6398155721746,-2.21185829193284,9.01735510793027));
#3433=CARTESIAN_POINT('',(-13.0952243673426,-2.41215701749346,8.37048898873988));
#3434=CARTESIAN_POINT('',(-12.9069307426116,-2.42555042827839,8.33564305802074));
#3435=CARTESIAN_POINT('',(-12.7594640458103,-2.30757707084132,8.30108999433101));
#3436=CARTESIAN_POINT('',(-13.2366108200033,-2.50493959965169,7.65654891598261));
#3437=CARTESIAN_POINT('',(-13.0360063446916,-2.52881090995395,7.61740071662541));
#3438=CARTESIAN_POINT('',(-12.8774700974902,-2.40198191218513,7.58437787163574));
#3439=CARTESIAN_POINT('',(-13.3800734063866,-2.59225682096546,6.94165409639033));
#3440=CARTESIAN_POINT('',(-13.1628181556321,-2.63026035869848,6.91168000691183));
#3441=CARTESIAN_POINT('',(-12.9925665432697,-2.49405906880869,6.86688987383487));
#3442=CARTESIAN_POINT('',(-12.9409948544326,-2.45280171773905,7.18712608658753));
#3443=CARTESIAN_POINT('',(-12.9461912937814,-2.45695886921805,7.18712608658753));
#3444=CARTESIAN_POINT('',(-12.9514504160569,-2.4610030902637,7.1871260865873));
#3445=CARTESIAN_POINT('',(-12.9567711596292,-2.46493629352332,7.1871260865873));
#3446=CARTESIAN_POINT('',(-12.9567711596294,-2.46493629352295,7.1871260865873));
#3447=CARTESIAN_POINT('',(-12.6650876847296,-2.23095354933433,9.01080449999933));
#3448=CARTESIAN_POINT('',(-12.67243839661,-2.23758444045786,8.91735216967363));
#3449=CARTESIAN_POINT('',(-12.6799590467663,-2.24397307160615,8.82389538259933));
#3450=CARTESIAN_POINT('',(-12.6876478635532,-2.2501241250357,8.73042654495911));
#3451=CARTESIAN_POINT('',(-12.6650876847297,-2.23095354933437,9.01080449999934));
#3452=CARTESIAN_POINT('',(-12.6650876847297,-2.23095354933437,9.01080449999942));
#3453=CARTESIAN_POINT('',(-12.6839045929857,-2.24425584124198,9.01353103537079));
#3454=CARTESIAN_POINT('',(-12.703550610021,-2.25619183317237,9.01626429573704));
#3455=CARTESIAN_POINT('',(-12.724026500719,-2.26675963394979,9.01900704070865));
#3456=CARTESIAN_POINT('',(-12.7240280163373,-2.26675375275603,9.0190183862424));
#3457=CARTESIAN_POINT('',(-12.9647693896935,-2.32313839147724,9.03759301224064));
#3458=CARTESIAN_POINT('',(-12.8809857207152,-2.32487881045224,9.03224129063691));
#3459=CARTESIAN_POINT('',(-12.7978186550413,-2.3048800818895,9.02579771770436));
#3460=CARTESIAN_POINT('',(-12.7240305344703,-2.2667489316883,9.01901816267445));
#3461=CARTESIAN_POINT('',(-13.3775219110656,-2.5907031501361,6.95436950944966));
#3462=CARTESIAN_POINT('',(-13.3464959943487,-2.59422326246433,6.96234499734347));
#3463=CARTESIAN_POINT('',(-13.3161257480909,-2.59462071301413,6.97250764159499));
#3464=CARTESIAN_POINT('',(-13.2862607701752,-2.59254648629449,6.98435975192818));
#3465=CARTESIAN_POINT('',(-13.2862607701752,-2.59254648629447,6.98435975192825));
#3466=CARTESIAN_POINT('',(-13.2862607701752,-2.59254648629447,6.98435975192825));
#3467=CARTESIAN_POINT('',(-13.1569197186937,-2.58374531968863,7.03423741727989));
#3468=CARTESIAN_POINT('',(-13.0474213333027,-2.53272589355555,7.10781964024559));
#3469=CARTESIAN_POINT('',(-12.9567711596295,-2.46493629352301,7.18712608658733));
#3470=CARTESIAN_POINT('',(-12.9999953873302,-1.85968972031404,-3.22604741586197E-16));
#3471=CARTESIAN_POINT('',(-12.9999953873302,-1.85968972031404,7.1871260865873));
#3472=CARTESIAN_POINT('',(-12.9999953873302,-1.85968972031404,9.01080449999942));
#3473=CARTESIAN_POINT('',(-12.4999953873302,-2.80634247253708E-12,9.01080450000003));
#3474=CARTESIAN_POINT('',(-12.69999538733,7.05968757623601,9.21080450000229));
#3475=CARTESIAN_POINT('',(-12.4999953873302,-1.85968972031405,9.01080449999942));
#3476=CARTESIAN_POINT('',(-12.9999953873302,-1.85968972031404,9.21080449999935));
#3477=CARTESIAN_POINT('',(-12.7904913971686,-2.07440798675295,9.21081140701871));
#3478=CARTESIAN_POINT('',(-12.7556864875757,-2.12874584682812,9.14761295679475));
#3479=CARTESIAN_POINT('',(-12.7101433445136,-2.21469932288758,9.05430766760854));
#3480=CARTESIAN_POINT('',(-12.7240305344514,-2.26674893168731,9.01901816266553));
#3481=CARTESIAN_POINT('',(-12.9999953873301,7.05968757623608,9.21080450000229));
#3482=CARTESIAN_POINT('',(-12.6517721355529,7.41849193368134,9.01080450000235));
#3483=CARTESIAN_POINT('',(-12.6936749874016,7.36611336890761,9.07757490921646));
#3484=CARTESIAN_POINT('',(-12.7355988367748,7.31370855722784,9.14431144705347));
#3485=CARTESIAN_POINT('',(-12.7776736271606,7.26111506928298,9.21080450000236));
#3486=CARTESIAN_POINT('',(-12.9628484860568,-2.1249498808591,9.21080449999927));
#3487=CARTESIAN_POINT('',(-12.9015955952408,-2.12569185083866,9.21080449999926));
#3488=CARTESIAN_POINT('',(-12.8407213230815,-2.10734762688032,9.21080449999927));
#3489=CARTESIAN_POINT('',(-12.7895712561578,-2.07381550924852,9.21080449999928));
#3490=CARTESIAN_POINT('',(-12.9647693896935,-2.32313839147724,9.03759301224064));
#3491=CARTESIAN_POINT('',(-12.8637583173929,-2.32523667135756,9.03114088207686));
#3492=CARTESIAN_POINT('',(-12.7636434866161,-2.29573679635099,9.02310173074117));
#3493=CARTESIAN_POINT('',(-12.6797798687098,-2.24095912853785,9.01480012998138));
#3494=CARTESIAN_POINT('',(-12.9628484860568,-2.1249498808591,9.21080449999927));
#3495=CARTESIAN_POINT('',(-12.9634887872691,-2.19101271773182,9.15306733741306));
#3496=CARTESIAN_POINT('',(-12.9641290884813,-2.25707555460453,9.09533017482685));
#3497=CARTESIAN_POINT('',(-12.9647693896935,-2.32313839147724,9.03759301224064));
#3498=CARTESIAN_POINT('',(-12.9253859171064,7.00000000001476,9.21080450000227));
#3499=CARTESIAN_POINT('',(-12.9253859171064,7.30000000001473,9.21080450000237));
#3500=CARTESIAN_POINT('',(-18.6372138253965,-2.05960558316064,9.21080449999929));
#3501=CARTESIAN_POINT('',(-16.7458008176613,-2.08486192592167,9.21080449999927));
#3502=CARTESIAN_POINT('',(-14.8543414492622,-2.10663605892579,9.21080449999928));
#3503=CARTESIAN_POINT('',(-12.9628484860568,-2.1249498808591,9.21080449999926));
#3504=CARTESIAN_POINT('',(-18.6398356557375,-2.25610148561087,8.97362269899597));
#3505=CARTESIAN_POINT('',(-16.7482421915,-2.28533946218279,8.9943449338577));
#3506=CARTESIAN_POINT('',(-14.8565242927551,-2.30769340902288,9.01677782372175));
#3507=CARTESIAN_POINT('',(-12.9647693896935,-2.32313839147724,9.03759301224065));
#3508=CARTESIAN_POINT('',(-18.6372138253965,-2.05960558316064,9.21080449999929));
#3509=CARTESIAN_POINT('',(-18.6380877688435,-2.12510421731072,9.13174389966485));
#3510=CARTESIAN_POINT('',(-18.6389617122905,-2.19060285146079,9.05268329933041));
#3511=CARTESIAN_POINT('',(-18.6398356557375,-2.25610148561087,8.97362269899597));
#3512=CARTESIAN_POINT('',(1.67730527343896E-13,7.50000000001447,9.01080450000243));
#3513=CARTESIAN_POINT('',(-18.7174967639982,7.30000000001495,9.21080450000237));
#3514=CARTESIAN_POINT('',(-18.8433807055418,-1.97625497096834,9.21080449999932));
#3515=CARTESIAN_POINT('',(-18.7886666262438,-2.02954367414501,9.2108044999993));
#3516=CARTESIAN_POINT('',(-18.7131121110644,-2.05888983099637,9.21080449999929));
#3517=CARTESIAN_POINT('',(-18.6372138253965,-2.05960558316066,9.21080449999929));
#3518=CARTESIAN_POINT('',(-18.9750875137411,-2.11203453516786,8.945812069036));
#3519=CARTESIAN_POINT('',(-18.8851237970013,-2.20159876512695,8.94986298515929));
#3520=CARTESIAN_POINT('',(-18.7623452410913,-2.25243554373332,8.96027219081582));
#3521=CARTESIAN_POINT('',(-18.6398356557374,-2.25610148561089,8.97362269899597));
#3522=CARTESIAN_POINT('',(-18.9734062225364,-2.11356205278467,8.94602288276195));
#3523=CARTESIAN_POINT('',(-18.9290945876972,-2.06874517341982,9.03431144601556));
#3524=CARTESIAN_POINT('',(-18.8850332383272,-2.02366935582642,9.12257095470408));
#3525=CARTESIAN_POINT('',(-18.8412239871819,-1.9783368518669,9.21080044606139));
#3526=CARTESIAN_POINT('',(-18.7174967639982,7.00000000001489,9.21080450000227));
#3527=CARTESIAN_POINT('',(-18.9855916857141,7.42266060015209,9.01028789692279));
#3528=CARTESIAN_POINT('',(-18.9409819400901,7.37181260947105,9.07712102156257));
#3529=CARTESIAN_POINT('',(-18.8997294533862,7.31844866116257,9.14395414620235));
#3530=CARTESIAN_POINT('',(-18.8620478281075,7.26289794153944,9.21078727084212));
#3531=CARTESIAN_POINT('',(-18.9370901515714,-1.73762035874386,9.2108044999994));
#3532=CARTESIAN_POINT('',(-18.937921350297,-1.82713458146779,9.21080449999937));
#3533=CARTESIAN_POINT('',(-18.9024745635484,-1.9178524390597,9.21080449999933));
#3534=CARTESIAN_POINT('',(-18.8388993062607,-1.98066683349992,9.21080449999931));
#3535=CARTESIAN_POINT('',(-19.1370085344437,-1.73762035874387,9.00509134065861));
#3536=CARTESIAN_POINT('',(-19.1377349877136,-1.87594447850739,8.98203547886118));
#3537=CARTESIAN_POINT('',(-19.0780394479585,-2.01731278440603,8.96042537539187));
#3538=CARTESIAN_POINT('',(-18.9716780386649,-2.11566877178332,8.94633569894298));
#3539=CARTESIAN_POINT('',(-19.1383644008235,-1.73762035874387,9.00369617352782));
#3540=CARTESIAN_POINT('',(-19.1390901436993,-1.87627551208941,8.98048394457987));
#3541=CARTESIAN_POINT('',(-19.0792301464867,-2.01798733437205,8.95872727923698));
#3542=CARTESIAN_POINT('',(-18.9725785572496,-2.11658436837174,8.94454204519941));
#3543=CARTESIAN_POINT('',(-19.1370085344438,-1.73762035874376,9.00509134065877));
#3544=CARTESIAN_POINT('',(-19.0703690734863,-1.73762035874378,9.07366239377231));
#3545=CARTESIAN_POINT('',(-19.0037296125289,-1.7376203587438,9.14223344688586));
#3546=CARTESIAN_POINT('',(-18.9370901515714,-1.73762035874382,9.2108044999994));
#3547=CARTESIAN_POINT('',(-19.1370085344438,7.06422734945155,9.00509134066166));
#3548=CARTESIAN_POINT('',(-19.137686562346,7.19849994647784,9.00631050468431));
#3549=CARTESIAN_POINT('',(-19.080908526625,7.33164317796395,9.00817560114106));
#3550=CARTESIAN_POINT('',(-18.9839930812369,7.42446534210012,9.01013070776814));
#3551=CARTESIAN_POINT('',(-18.9370901515714,7.06422734945148,9.21080450000229));
#3552=CARTESIAN_POINT('',(-18.937476063947,7.1448076311599,9.21080450000232));
#3553=CARTESIAN_POINT('',(-18.9033772626842,7.22471915391582,9.21080450000234));
#3554=CARTESIAN_POINT('',(-18.8451944722639,7.28043927094748,9.21080450000236));
#3555=CARTESIAN_POINT('',(-18.9370901515714,7.06422734945148,9.2108045000023));
#3556=CARTESIAN_POINT('',(-19.0037296125289,7.0642273494515,9.14223344688875));
#3557=CARTESIAN_POINT('',(-19.0703690734863,7.06422734945153,9.07366239377521));
#3558=CARTESIAN_POINT('',(-19.1370085344438,7.06422734945155,9.00509134066166));
#3559=CARTESIAN_POINT('',(-19.1370085344438,-2.96132689781051E-12,9.00509134065934));
#3560=CARTESIAN_POINT('',(-15.8,3.5,-43.1336346450518));
#3561=CARTESIAN_POINT('',(-15.8,3.5,8.81080450000124));
#3562=CARTESIAN_POINT('',(-17.4,3.5,8.81080450000124));
#3563=CARTESIAN_POINT('',(-15.8,3.5,4.6108045));
#3564=CARTESIAN_POINT('',(-17.4,3.5,4.6108045));
#3565=CARTESIAN_POINT('',(-15.8,3.5,9.21080450000112));
#3566=CARTESIAN_POINT('',(15.8732180358517,2.59999892797244,9.21080450000082));
#3567=CARTESIAN_POINT('',(15.8,3.5,9.21080450000112));
#3568=CARTESIAN_POINT('',(15.8,5.50000000000068,9.21080450000178));
#3569=CARTESIAN_POINT('',(18.8619163339606,7.26302107863873,9.21080450000235));
#3570=CARTESIAN_POINT('',(18.9123931261152,7.20585237882131,9.21080450000233));
#3571=CARTESIAN_POINT('',(18.9374510653188,7.13958780242556,9.21080450000231));
#3572=CARTESIAN_POINT('',(18.9370901515714,7.06422734945148,9.21080450000229));
#3573=CARTESIAN_POINT('',(18.8619163339607,7.26302107863873,9.21080450000236));
#3574=CARTESIAN_POINT('',(18.9370901515714,7.06422734945148,9.21080450000229));
#3575=CARTESIAN_POINT('',(18.7174967639982,7.00000000001489,9.21080450000227));
#3576=CARTESIAN_POINT('',(18.7174967639982,7.30000000001495,9.21080450000237));
#3577=CARTESIAN_POINT('',(18.7174967639982,7.30000000001495,9.21080450000237));
#3578=CARTESIAN_POINT('',(12.9253859171064,7.30000000001473,9.21080450000237));
#3579=CARTESIAN_POINT('',(12.9253859171064,7.00000000001476,9.21080450000227));
#3580=CARTESIAN_POINT('',(12.7776736271606,7.26111506928296,9.21080450000235));
#3581=CARTESIAN_POINT('',(12.9999953873301,7.05968757623608,9.21080450000229));
#3582=CARTESIAN_POINT('',(12.69999538733,7.05968757623601,9.21080450000229));
#3583=CARTESIAN_POINT('',(12.69999538733,7.05968757623608,9.21080450000229));
#3584=CARTESIAN_POINT('',(12.6999953873301,-1.85968972031411,9.21080449999935));
#3585=CARTESIAN_POINT('',(12.9999953873302,-1.85968972031404,9.21080449999935));
#3586=CARTESIAN_POINT('',(12.7904370161564,-2.07437288021542,9.21081117144474));
#3587=CARTESIAN_POINT('',(12.9628484860568,-2.1249498808591,9.21080449999927));
#3588=CARTESIAN_POINT('',(12.9008570236839,-2.12570079732127,9.21080449999927));
#3589=CARTESIAN_POINT('',(12.8433852937594,-2.10884370216751,9.21080449999927));
#3590=CARTESIAN_POINT('',(12.7904332962835,-2.07437859539781,9.21080449999928));
#3591=CARTESIAN_POINT('',(12.9628484860568,-2.1249498808591,9.21080449999927));
#3592=CARTESIAN_POINT('',(18.6372138253965,-2.05960558316064,9.21080449999929));
#3593=CARTESIAN_POINT('',(16.7457587122833,-2.08138701572679,9.21080449999928));
#3594=CARTESIAN_POINT('',(14.85430359917,-2.10316844829295,9.21080449999927));
#3595=CARTESIAN_POINT('',(12.9628484860568,-2.1249498808591,9.21080449999926));
#3596=CARTESIAN_POINT('',(18.6372138253965,-2.05960558316066,9.21080449999929));
#3597=CARTESIAN_POINT('',(18.8412219742498,-1.97833476894461,9.21080449999931));
#3598=CARTESIAN_POINT('',(18.7851628600634,-2.03176138497151,9.2108044999993));
#3599=CARTESIAN_POINT('',(18.717160143779,-2.05885165637686,9.21080449999929));
#3600=CARTESIAN_POINT('',(18.6372138253965,-2.05960558316065,9.21080449999929));
#3601=CARTESIAN_POINT('',(18.8412280650686,-1.97834080107997,9.21080449999932));
#3602=CARTESIAN_POINT('',(18.9370901515713,-1.73762035874386,9.21080449999939));
#3603=CARTESIAN_POINT('',(18.9379728394036,-1.83267959400175,9.21080449999936));
#3604=CARTESIAN_POINT('',(18.9060188105693,-1.91291974144712,9.21080449999934));
#3605=CARTESIAN_POINT('',(18.8412280650686,-1.97834080107997,9.21080449999931));
#3606=CARTESIAN_POINT('',(18.9370901515714,-1.73762035874386,9.2108044999994));
#3607=CARTESIAN_POINT('',(18.9370901515714,-1.82943833860446,9.21080449999937));
#3608=CARTESIAN_POINT('',(3.85365569063179,4.81706961329447,8.35628374359765E-16));
#3609=CARTESIAN_POINT('',(3.85365569063179,4.81706961329447,7.1871260865873));
#3610=CARTESIAN_POINT('',(12.9409948544327,-2.45280171773907,7.1871260865873));
#3611=CARTESIAN_POINT('',(12.6876478635532,-2.2501241250357,7.1871260865873));
#3612=CARTESIAN_POINT('',(12.6876478635532,-2.2501241250357,8.73042654495909));
#3613=CARTESIAN_POINT('',(12.7731787386856,-2.31854882514159,8.21628274755663));
#3614=CARTESIAN_POINT('',(12.8577821417997,-2.38623154763276,7.7018906059413));
#3615=CARTESIAN_POINT('',(12.9409948544327,-2.45280171773907,7.1871260865873));
#3616=CARTESIAN_POINT('',(12.6876478635532,-2.2501241250357,8.73042654495909));
#3617=CARTESIAN_POINT('',(12.6876478635532,-2.2501241250357,-3.90334314356177E-16));
#3618=CARTESIAN_POINT('',(12.6398155844624,-2.21185830176313,9.0173550343701));
#3619=CARTESIAN_POINT('',(12.7776204212429,-2.3221021711874,9.05510718280214));
#3620=CARTESIAN_POINT('',(12.9556610767254,-2.31692900072738,9.084156654393));
#3621=CARTESIAN_POINT('',(12.7594633671273,-2.30757652789495,8.30109405645875));
#3622=CARTESIAN_POINT('',(12.9069300037222,-2.42554983716606,8.33564716907759));
#3623=CARTESIAN_POINT('',(13.0952235759583,-2.41215647724614,8.37049303614578));
#3624=CARTESIAN_POINT('',(12.8774687459604,-2.40198083096134,7.58438607433914));
#3625=CARTESIAN_POINT('',(13.0360048510889,-2.5288097150624,7.61740902797977));
#3626=CARTESIAN_POINT('',(13.2366092009776,-2.50493853511171,7.65655708644805));
#3627=CARTESIAN_POINT('',(12.9925645613883,-2.49405748330357,6.86690222848133));
#3628=CARTESIAN_POINT('',(13.1628159439773,-2.63025858937457,6.91169231499766));
#3629=CARTESIAN_POINT('',(13.3800709360604,-2.59225531742281,6.94166640638404));
#3630=CARTESIAN_POINT('',(12.9567711596286,-2.46493629352317,7.1871260865873));
#3631=CARTESIAN_POINT('',(12.9514401453424,-2.46099549794017,7.1871260865873));
#3632=CARTESIAN_POINT('',(12.9461812446496,-2.45695082991258,7.1871260865873));
#3633=CARTESIAN_POINT('',(12.9409948544374,-2.45280171774285,7.1871260865873));
#3634=CARTESIAN_POINT('',(12.956771159629,-2.46493629352267,7.1871260865873));
#3635=CARTESIAN_POINT('',(12.956771159629,-2.46493629352267,7.1871260865873));
#3636=CARTESIAN_POINT('',(13.0475115144939,-2.53279333244338,7.10774074409397));
#3637=CARTESIAN_POINT('',(13.1566707126084,-2.58372837577106,7.0343334412572));
#3638=CARTESIAN_POINT('',(13.2862607701728,-2.59254648629437,6.98435975192876));
#3639=CARTESIAN_POINT('',(13.2862607701728,-2.59254648629436,6.98435975192881));
#3640=CARTESIAN_POINT('',(13.2862607701728,-2.59254648629436,6.98435975192881));
#3641=CARTESIAN_POINT('',(13.3161254999502,-2.59462008431563,6.97251261838839));
#3642=CARTESIAN_POINT('',(13.346494987362,-2.59422198343464,6.96235416911375));
#3643=CARTESIAN_POINT('',(13.3775194558709,-2.59070165441269,6.95438174581629));
#3644=CARTESIAN_POINT('',(12.9647693896935,-2.32313839147724,9.03759301224064));
#3645=CARTESIAN_POINT('',(12.8809857207152,-2.32487881045224,9.03224129063691));
#3646=CARTESIAN_POINT('',(12.7978186550413,-2.3048800818895,9.02579771770436));
#3647=CARTESIAN_POINT('',(12.7240305344703,-2.2667489316883,9.01901816267445));
#3648=CARTESIAN_POINT('',(12.7240280163373,-2.26675375275603,9.0190183862424));
#3649=CARTESIAN_POINT('',(12.6650876847297,-2.23095354933437,9.01080449999942));
#3650=CARTESIAN_POINT('',(12.6839045929857,-2.24425584124198,9.01353103537079));
#3651=CARTESIAN_POINT('',(12.703550610021,-2.25619183317237,9.01626429573704));
#3652=CARTESIAN_POINT('',(12.724026500719,-2.26675963394979,9.01900704070865));
#3653=CARTESIAN_POINT('',(12.6650876847297,-2.23095354933437,9.01080449999934));
#3654=CARTESIAN_POINT('',(12.6650876847296,-2.23095354933433,9.01080449999933));
#3655=CARTESIAN_POINT('',(12.67243839661,-2.23758444045786,8.91735216967363));
#3656=CARTESIAN_POINT('',(12.6799590467663,-2.24397307160615,8.82389538259933));
#3657=CARTESIAN_POINT('',(12.6876478635532,-2.2501241250357,8.73042654495911));
#3658=CARTESIAN_POINT('',(12.9999953873302,-1.85968972031404,-3.22604741586197E-16));
#3659=CARTESIAN_POINT('',(12.9999953873302,-1.85968972031404,7.1871260865873));
#3660=CARTESIAN_POINT('',(12.9999953873302,-1.85968972031404,9.01080449999942));
#3661=CARTESIAN_POINT('',(12.4999953873302,-2.80634247253708E-12,9.01080450000003));
#3662=CARTESIAN_POINT('',(12.69999538733,7.05968757623601,9.21080450000229));
#3663=CARTESIAN_POINT('',(12.4999953873302,-1.85968972031405,9.01080449999942));
#3664=CARTESIAN_POINT('',(12.9999953873302,-1.85968972031404,9.21080449999935));
#3665=CARTESIAN_POINT('',(12.7904913971686,-2.07440798675295,9.21081140701871));
#3666=CARTESIAN_POINT('',(12.7556864875757,-2.12874584682812,9.14761295679475));
#3667=CARTESIAN_POINT('',(12.7101433445136,-2.21469932288758,9.05430766760854));
#3668=CARTESIAN_POINT('',(12.7240305344514,-2.26674893168731,9.01901816266553));
#3669=CARTESIAN_POINT('',(12.9999953873301,7.05968757623608,9.21080450000229));
#3670=CARTESIAN_POINT('',(12.6517721355529,7.41849193368134,9.01080450000235));
#3671=CARTESIAN_POINT('',(12.6936749874016,7.36611336890761,9.07757490921646));
#3672=CARTESIAN_POINT('',(12.7355988367748,7.31370855722784,9.14431144705347));
#3673=CARTESIAN_POINT('',(12.7776736271606,7.26111506928298,9.21080450000236));
#3674=CARTESIAN_POINT('',(12.9628484860568,-2.1249498808591,9.21080449999927));
#3675=CARTESIAN_POINT('',(12.9015955952408,-2.12569185083866,9.21080449999926));
#3676=CARTESIAN_POINT('',(12.8407213230815,-2.10734762688032,9.21080449999927));
#3677=CARTESIAN_POINT('',(12.7895712561578,-2.07381550924852,9.21080449999928));
#3678=CARTESIAN_POINT('',(12.9647693896935,-2.32313839147724,9.03759301224064));
#3679=CARTESIAN_POINT('',(12.8637583173929,-2.32523667135756,9.03114088207686));
#3680=CARTESIAN_POINT('',(12.7636434866161,-2.29573679635099,9.02310173074117));
#3681=CARTESIAN_POINT('',(12.6797798687098,-2.24095912853785,9.01480012998138));
#3682=CARTESIAN_POINT('',(12.9628484860568,-2.1249498808591,9.21080449999927));
#3683=CARTESIAN_POINT('',(12.9634887872691,-2.19101271773182,9.15306733741306));
#3684=CARTESIAN_POINT('',(12.9641290884813,-2.25707555460453,9.09533017482685));
#3685=CARTESIAN_POINT('',(12.9647693896935,-2.32313839147724,9.03759301224064));
#3686=CARTESIAN_POINT('',(12.9253859171064,7.00000000001476,9.21080450000227));
#3687=CARTESIAN_POINT('',(12.9253859171064,7.30000000001473,9.21080450000237));
#3688=CARTESIAN_POINT('',(18.6372138253965,-2.05960558316064,9.21080449999929));
#3689=CARTESIAN_POINT('',(16.7458008176613,-2.08486192592167,9.21080449999927));
#3690=CARTESIAN_POINT('',(14.8543414492622,-2.10663605892579,9.21080449999928));
#3691=CARTESIAN_POINT('',(12.9628484860568,-2.1249498808591,9.21080449999926));
#3692=CARTESIAN_POINT('',(18.6398356557375,-2.25610148561087,8.97362269899597));
#3693=CARTESIAN_POINT('',(16.7482421915,-2.28533946218279,8.9943449338577));
#3694=CARTESIAN_POINT('',(14.8565242927551,-2.30769340902288,9.01677782372175));
#3695=CARTESIAN_POINT('',(12.9647693896935,-2.32313839147724,9.03759301224065));
#3696=CARTESIAN_POINT('',(18.6372138253965,-2.05960558316064,9.21080449999929));
#3697=CARTESIAN_POINT('',(18.6380877688435,-2.12510421731072,9.13174389966485));
#3698=CARTESIAN_POINT('',(18.6389617122905,-2.19060285146079,9.05268329933041));
#3699=CARTESIAN_POINT('',(18.6398356557375,-2.25610148561087,8.97362269899597));
#3700=CARTESIAN_POINT('',(-1.67730527343896E-13,7.50000000001447,9.01080450000243));
#3701=CARTESIAN_POINT('',(18.7174967639982,7.30000000001495,9.21080450000237));
#3702=CARTESIAN_POINT('',(18.8433807055418,-1.97625497096834,9.21080449999932));
#3703=CARTESIAN_POINT('',(18.7886666262438,-2.02954367414501,9.2108044999993));
#3704=CARTESIAN_POINT('',(18.7131121110644,-2.05888983099637,9.21080449999929));
#3705=CARTESIAN_POINT('',(18.6372138253965,-2.05960558316066,9.21080449999929));
#3706=CARTESIAN_POINT('',(18.9750875137411,-2.11203453516786,8.945812069036));
#3707=CARTESIAN_POINT('',(18.8851237970013,-2.20159876512695,8.94986298515929));
#3708=CARTESIAN_POINT('',(18.7623452410913,-2.25243554373332,8.96027219081582));
#3709=CARTESIAN_POINT('',(18.6398356557374,-2.25610148561089,8.97362269899597));
#3710=CARTESIAN_POINT('',(18.9734062225364,-2.11356205278467,8.94602288276195));
#3711=CARTESIAN_POINT('',(18.9290945876972,-2.06874517341982,9.03431144601556));
#3712=CARTESIAN_POINT('',(18.8850332383272,-2.02366935582642,9.12257095470408));
#3713=CARTESIAN_POINT('',(18.8412239871819,-1.9783368518669,9.21080044606139));
#3714=CARTESIAN_POINT('',(18.7174967639982,7.00000000001489,9.21080450000227));
#3715=CARTESIAN_POINT('',(18.9855916857141,7.42266060015209,9.01028789692279));
#3716=CARTESIAN_POINT('',(18.9409819400901,7.37181260947105,9.07712102156257));
#3717=CARTESIAN_POINT('',(18.8997294533862,7.31844866116257,9.14395414620235));
#3718=CARTESIAN_POINT('',(18.8620478281075,7.26289794153944,9.21078727084212));
#3719=CARTESIAN_POINT('',(18.9370901515714,-1.73762035874386,9.2108044999994));
#3720=CARTESIAN_POINT('',(18.937921350297,-1.82713458146779,9.21080449999937));
#3721=CARTESIAN_POINT('',(18.9024745635484,-1.9178524390597,9.21080449999933));
#3722=CARTESIAN_POINT('',(18.8388993062607,-1.98066683349992,9.21080449999931));
#3723=CARTESIAN_POINT('',(19.1370085344437,-1.73762035874387,9.00509134065861));
#3724=CARTESIAN_POINT('',(19.1377349877136,-1.87594447850739,8.98203547886118));
#3725=CARTESIAN_POINT('',(19.0780394479585,-2.01731278440603,8.96042537539187));
#3726=CARTESIAN_POINT('',(18.9716780386649,-2.11566877178332,8.94633569894298));
#3727=CARTESIAN_POINT('',(19.1383644008235,-1.73762035874387,9.00369617352778));
#3728=CARTESIAN_POINT('',(19.1390901436993,-1.87627551208943,8.98048394457982));
#3729=CARTESIAN_POINT('',(19.0792301464867,-2.01798733437208,8.95872727923692));
#3730=CARTESIAN_POINT('',(18.9725785572497,-2.11658436837177,8.94454204519935));
#3731=CARTESIAN_POINT('',(19.1370085344438,-1.73762035874376,9.00509134065877));
#3732=CARTESIAN_POINT('',(19.0703690734863,-1.73762035874378,9.07366239377231));
#3733=CARTESIAN_POINT('',(19.0037296125289,-1.7376203587438,9.14223344688586));
#3734=CARTESIAN_POINT('',(18.9370901515714,-1.73762035874382,9.2108044999994));
#3735=CARTESIAN_POINT('',(19.1370085344438,7.06422734945155,9.00509134066166));
#3736=CARTESIAN_POINT('',(19.137686562346,7.19849994647784,9.00631050468431));
#3737=CARTESIAN_POINT('',(19.080908526625,7.33164317796395,9.00817560114106));
#3738=CARTESIAN_POINT('',(18.9839930812369,7.42446534210012,9.01013070776814));
#3739=CARTESIAN_POINT('',(18.9370901515714,7.06422734945148,9.21080450000229));
#3740=CARTESIAN_POINT('',(18.937476063947,7.1448076311599,9.21080450000232));
#3741=CARTESIAN_POINT('',(18.9033772626842,7.22471915391582,9.21080450000234));
#3742=CARTESIAN_POINT('',(18.8451944722639,7.28043927094748,9.21080450000236));
#3743=CARTESIAN_POINT('',(18.9370901515714,7.06422734945148,9.2108045000023));
#3744=CARTESIAN_POINT('',(19.0037296125289,7.0642273494515,9.14223344688875));
#3745=CARTESIAN_POINT('',(19.0703690734863,7.06422734945153,9.07366239377521));
#3746=CARTESIAN_POINT('',(19.1370085344438,7.06422734945155,9.00509134066166));
#3747=CARTESIAN_POINT('',(19.1370085344438,-2.96132689781051E-12,9.00509134065934));
#3748=CARTESIAN_POINT('',(15.8,3.5,-43.1336346450518));
#3749=CARTESIAN_POINT('',(15.8,3.5,8.81080450000124));
#3750=CARTESIAN_POINT('',(17.4,3.5,8.81080450000124));
#3751=CARTESIAN_POINT('',(15.8,3.5,4.61080449999998));
#3752=CARTESIAN_POINT('',(14.2,3.5,4.61080449999998));
#3753=CARTESIAN_POINT('',(15.8,3.5,9.21080450000112));
#3754=CARTESIAN_POINT('',(6.2506958683503E-6,-3.8116831126828,7.1871260865873));
#3755=CARTESIAN_POINT('',(12.499269111324,-0.18694313780715,7.1871260865873));
#3756=CARTESIAN_POINT('',(12.0005609756019,-1.48965967313928,7.1871260865873));
#3757=CARTESIAN_POINT('',(11.0066297149293,-2.55715330159436,7.1871260865873));
#3758=CARTESIAN_POINT('',(9.75684522421682,-3.13891502037503,7.1871260865873));
#3759=CARTESIAN_POINT('',(9.75684522421682,-3.13891502037503,7.1871260865873));
#3760=CARTESIAN_POINT('',(1.49341032583141,-7.00429348114235,7.1871260865873));
#3761=CARTESIAN_POINT('',(3.01352320735349,-6.29323241790657,7.1871260865873));
#3762=CARTESIAN_POINT('',(3.01352320735349,-6.29323241790657,7.1871260865873));
#3763=CARTESIAN_POINT('',(2.10714025803037,-6.71586355775343,7.1871260865873));
#3764=CARTESIAN_POINT('',(1.15527883363276,-6.92749360131767,7.1871260865873));
#3765=CARTESIAN_POINT('',(0.157938934160656,-6.92812254859929,7.1871260865873));
#3766=CARTESIAN_POINT('',(0.157938934160656,-6.92812033881515,7.1871260865873));
#3767=CARTESIAN_POINT('',(-0.157938934162161,-6.92812033881515,7.1871260865873));
#3768=CARTESIAN_POINT('',(-0.157938934162064,-6.9281225485993,7.1871260865873));
#3769=CARTESIAN_POINT('',(-0.157938934162064,-6.92812254859929,7.1871260865873));
#3770=CARTESIAN_POINT('',(-1.15793783547487,-6.92690246117227,7.1871260865873));
#3771=CARTESIAN_POINT('',(-2.10979925981841,-6.71527241763331,7.1871260865873));
#3772=CARTESIAN_POINT('',(-3.01352320719271,-6.29323241798243,7.1871260865873));
#3773=CARTESIAN_POINT('',(-3.01352298493909,-6.29323194284698,7.1871260865873));
#3774=CARTESIAN_POINT('',(-1.493400068766,-7.00429827907992,7.1871260865873));
#3775=CARTESIAN_POINT('',(-9.75684522421687,-3.1389150203756,7.1871260865873));
#3776=CARTESIAN_POINT('',(-9.75684522421687,-3.13891502037561,7.1871260865873));
#3777=CARTESIAN_POINT('',(-11.0057392956434,-2.55756778253794,7.1871260865873));
#3778=CARTESIAN_POINT('',(-12.0002103122404,-1.49057566974516,7.1871260865873));
#3779=CARTESIAN_POINT('',(-12.499269111324,-0.186943137807845,7.1871260865873));
#3780=CARTESIAN_POINT('',(-3.34935623151878,-6.95898691332396,7.1871260865873));
#3781=CARTESIAN_POINT('',(-3.32991439227785,-6.96808120251045,7.1871260865873));
#3782=CARTESIAN_POINT('',(-3.32991440624637,-6.96808123237247,7.1871260865873));
#3783=CARTESIAN_POINT('',(-2.32150022044428,-7.43873571546536,7.1871260865873));
#3784=CARTESIAN_POINT('',(-1.26219541672936,-7.67399329136629,7.1871260865873));
#3785=CARTESIAN_POINT('',(-0.151999995101613,-7.67385396007527,7.1871260865873));
#3786=CARTESIAN_POINT('',(-0.151999995101613,-7.67385396007527,7.1871260865873));
#3787=CARTESIAN_POINT('',(6.2506958683503E-6,-7.67385386842599,7.1871260865873));
#3788=CARTESIAN_POINT('',(0.152371673392043,-7.67385386842599,7.1871260865873));
#3789=CARTESIAN_POINT('',(0.152371673392043,-7.67385400672149,7.1871260865873));
#3790=CARTESIAN_POINT('',(1.2653157447212,-7.67332780375464,7.1871260865873));
#3791=CARTESIAN_POINT('',(2.32455157065646,-7.43804454194314,7.1871260865873));
#3792=CARTESIAN_POINT('',(3.33007915119783,-6.96800422128698,7.1871260865873));
#3793=CARTESIAN_POINT('',(3.33007915119783,-6.96800422128698,7.1871260865873));
#3794=CARTESIAN_POINT('',(13.087272737774,-2.40389170426154,7.1871260865873));
#3795=CARTESIAN_POINT('',(-1.6984498127836E-13,7.50000000001447,4.6108045));
#3796=CARTESIAN_POINT('',(18.7174967639982,7.50000000001489,4.6108045));
#3797=CARTESIAN_POINT('',(18.7174967639982,7.2113216018773,4.32212610186242));
#3798=CARTESIAN_POINT('',(18.6760837192284,7.16468912730327,4.27549362728839));
#3799=CARTESIAN_POINT('',(18.6911013081383,7.17965963851829,4.2904641385034));
#3800=CARTESIAN_POINT('',(18.7047317071181,7.19528604376955,4.30609054375466));
#3801=CARTESIAN_POINT('',(18.7174967639982,7.21132160187731,4.32212610186242));
#3802=CARTESIAN_POINT('',(18.6760957582638,7.16468927231912,4.27548140537801));
#3803=CARTESIAN_POINT('',(16.353189962326,4.84175897883921,1.95256347882438));
#3804=CARTESIAN_POINT('',(18.6114309835016,7.10000000001489,4.2108045));
#3805=CARTESIAN_POINT('',(-1.60977770528896E-13,7.10000000001447,4.2108045));
#3806=CARTESIAN_POINT('',(12.9253859171064,7.10000000001476,4.2108045));
#3807=CARTESIAN_POINT('',(12.9253859171064,7.50000000001476,4.6108045));
#3808=CARTESIAN_POINT('',(18.7174967639982,7.00000000001489,4.6108045));
#3809=CARTESIAN_POINT('',(18.9149509642044,7.45936024951514,4.6108045));
#3810=CARTESIAN_POINT('',(18.8507777070335,7.37890252713378,4.51154378280676));
#3811=CARTESIAN_POINT('',(18.7875524638361,7.29932608599963,4.41013058598474));
#3812=CARTESIAN_POINT('',(18.7174967639982,7.2113216018773,4.32212610186242));
#3813=CARTESIAN_POINT('',(18.9155028189837,7.46211415628166,4.61287301108902));
#3814=CARTESIAN_POINT('',(18.9671730219965,7.39140921213152,4.61287301108902));
#3815=CARTESIAN_POINT('',(19.0007077327873,7.30736190889208,4.61287301108902));
#3816=CARTESIAN_POINT('',(19.0125385375129,7.20120830630768,4.61287301108902));
#3817=CARTESIAN_POINT('',(19.0135159413047,7.18199347477131,4.61287301108902));
#3818=CARTESIAN_POINT('',(19.0133762289495,7.16278828539993,4.61287301108902));
#3819=CARTESIAN_POINT('',(18.9138376748377,7.46088962132707,4.6108045));
#3820=CARTESIAN_POINT('',(18.9652952411319,7.39047563668191,4.6108045));
#3821=CARTESIAN_POINT('',(18.9986919068341,7.30677427198974,4.6108045));
#3822=CARTESIAN_POINT('',(19.010473985165,7.20105787402353,4.6108045));
#3823=CARTESIAN_POINT('',(19.0114473644367,7.18192219181374,4.6108045));
#3824=CARTESIAN_POINT('',(19.011308230298,7.16279612119789,4.6108045));
#3825=CARTESIAN_POINT('',(18.6422937108493,7.2611981553187,4.27348133068474));
#3826=CARTESIAN_POINT('',(18.6590754698737,7.23823249371392,4.27348133068474));
#3827=CARTESIAN_POINT('',(18.6699603844666,7.21094517861195,4.27348133068474));
#3828=CARTESIAN_POINT('',(18.6737963889405,7.17652607667049,4.27348133068474));
#3829=CARTESIAN_POINT('',(18.6741134681803,7.17029769857681,4.27348133068474));
#3830=CARTESIAN_POINT('',(18.6740686269058,7.16407394669075,4.27348133068474));
#3831=CARTESIAN_POINT('',(19.0114309835016,7.16468939028058,4.6108045));
#3832=CARTESIAN_POINT('',(19.0114309835017,-0.474723063511946,4.6108045));
#3833=CARTESIAN_POINT('',(19.0099131275925,1.11605622041454,4.60928664409081));
#3834=CARTESIAN_POINT('',(18.6114309835016,1.1167848164082,4.2108045));
#3835=CARTESIAN_POINT('',(18.6114309835016,-0.474723063511949,4.2108045));
#3836=CARTESIAN_POINT('',(19.0053595700139,-0.544223167041928,4.6108045));
#3837=CARTESIAN_POINT('',(19.011410108748,1.11065134289431,4.61080338003212));
#3838=CARTESIAN_POINT('',(18.8780888108944,1.11113888136836,4.47748119074945));
#3839=CARTESIAN_POINT('',(18.7447675130409,1.11162641984241,4.34415900146679));
#3840=CARTESIAN_POINT('',(18.6114462151873,1.11211395831646,4.21083681218412));
#3841=CARTESIAN_POINT('',(18.6114700837029,1.1122761858257,4.2108135367058));
#3842=CARTESIAN_POINT('',(18.6053622445247,-0.542760429363604,4.2108045));
#3843=CARTESIAN_POINT('',(16.2089804007567,1.13363394821278,4.12480449998636));
#3844=CARTESIAN_POINT('',(17.2423983313043,-1.03540982419705,4.21080214755302));
#3845=CARTESIAN_POINT('',(17.2997898167813,-1.15576922023907,4.3441264037859));
#3846=CARTESIAN_POINT('',(17.3571752965027,-1.27611551510514,4.47746507246641));
#3847=CARTESIAN_POINT('',(17.414554478577,-1.39644884382265,4.61081815111541));
#3848=CARTESIAN_POINT('',(17.242394110704,-1.03540079415584,4.2108045));
#3849=CARTESIAN_POINT('',(16.2089804007568,1.13363394821278,4.2108045));
#3850=CARTESIAN_POINT('',(17.2251612603049,-1.00096361010159,4.86683376249193));
#3851=CARTESIAN_POINT('',(17.3878814956317,-1.40824641608677,4.6108045));
#3852=CARTESIAN_POINT('',(17.3375496747381,-1.2847779182062,4.47747122522077));
#3853=CARTESIAN_POINT('',(17.2872178538445,-1.16130942032562,4.34413795044154));
#3854=CARTESIAN_POINT('',(17.2368860329508,-1.03784092244504,4.21080467566231));
#3855=CARTESIAN_POINT('',(17.2368897786053,-1.03784948239127,4.21079533485378));
#3856=CARTESIAN_POINT('',(16.9543180903494,-0.403431793244158,4.2108045));
#3857=CARTESIAN_POINT('',(2.80405746427673,-7.35332902169446,4.6108045));
#3858=CARTESIAN_POINT('',(14.3877728731438,-2.63123777614845,4.6108043222443));
#3859=CARTESIAN_POINT('',(14.3374416862275,-2.50777083347161,4.47747272692511));
#3860=CARTESIAN_POINT('',(14.2871104993113,-2.38430389079478,4.34414113160591));
#3861=CARTESIAN_POINT('',(14.2367793123951,-2.26083694811794,4.21080953628671));
#3862=CARTESIAN_POINT('',(14.2367823442882,-2.2608444132486,4.21080147868353));
#3863=CARTESIAN_POINT('',(2.6530619352853,-6.98292336538695,4.2108045));
#3864=CARTESIAN_POINT('',(18.9745966745321,-13.4830188692736,4.3708045012022));
#3865=CARTESIAN_POINT('',(14.1216092331641,-2.74763101206079,4.61080432201272));
#3866=CARTESIAN_POINT('',(14.0651152562455,-2.62685776691645,4.47747110720569));
#3867=CARTESIAN_POINT('',(14.0086212793268,-2.5060845217721,4.34413789239867));
#3868=CARTESIAN_POINT('',(13.9521273024082,-2.38531127662776,4.21080467759164));
#3869=CARTESIAN_POINT('',(13.9521303799789,-2.38531784650582,4.21079742235934));
#3870=CARTESIAN_POINT('',(18.9104840432039,-13.3364052512442,4.2108045));
#3871=CARTESIAN_POINT('',(3.40752191973447,-7.75934883414296,4.6108045));
#3872=CARTESIAN_POINT('',(3.54200005531299,-7.6964441346927,4.61080450000001));
#3873=CARTESIAN_POINT('',(3.37238661965698,-7.33418554963919,4.2108045));
#3874=CARTESIAN_POINT('',(3.23803983831796,-7.3970287766265,4.2108045));
#3875=CARTESIAN_POINT('',(0.157938934161249,-0.468802121891033,4.6108045));
#3876=CARTESIAN_POINT('',(0.151999995112312,-8.44944391725499,4.6108045));
#3877=CARTESIAN_POINT('',(0.151999995112312,-8.04944391725499,4.2108045));
#3878=CARTESIAN_POINT('',(0.157938934161249,-0.468802121891033,4.2108045));
#3879=CARTESIAN_POINT('',(6.93889390390723E-15,-8.44944391725499,4.6108045));
#3880=CARTESIAN_POINT('',(-0.151999995112528,-8.44944391725494,4.6108045));
#3881=CARTESIAN_POINT('',(-0.152297662270472,-8.04944402801213,4.2108045));
#3882=CARTESIAN_POINT('',(6.93889390390723E-15,-8.04944391725499,4.2108045));
#3883=CARTESIAN_POINT('',(-0.157938934161464,-0.468802121891015,4.6108045));
#3884=CARTESIAN_POINT('',(-3.5420000553132,-7.69644413469269,4.6108045));
#3885=CARTESIAN_POINT('',(-3.37251797389671,-7.33412407717623,4.2108045));
#3886=CARTESIAN_POINT('',(-0.157938934161464,-0.468802121891015,4.2108045));
#3887=CARTESIAN_POINT('',(-3.40752191973447,-7.759348834143,4.6108045));
#3888=CARTESIAN_POINT('',(-14.1216093083749,-2.74763117284435,4.61080449951767));
#3889=CARTESIAN_POINT('',(-14.0651160635425,-2.62685949275929,4.47747301253029));
#3890=CARTESIAN_POINT('',(-14.00862281871,-2.50608781267424,4.3441415255429));
#3891=CARTESIAN_POINT('',(-13.9521295738776,-2.38531613258918,4.21081003855552));
#3892=CARTESIAN_POINT('',(-13.9521327097046,-2.38532281832079,4.21080265404364));
#3893=CARTESIAN_POINT('',(-3.23803983831798,-7.39702877662654,4.2108045));
#3894=CARTESIAN_POINT('',(-18.9735762661495,-13.4844504122017,4.37080449915614));
#3895=CARTESIAN_POINT('',(-14.3877728731779,-2.63123777622996,4.61080432233266));
#3896=CARTESIAN_POINT('',(-14.3374410604787,-2.50776929845103,4.47747106926113));
#3897=CARTESIAN_POINT('',(-14.2871092477794,-2.3843008206721,4.34413781618961));
#3898=CARTESIAN_POINT('',(-14.2367774350802,-2.26083234289316,4.21080456311808));
#3899=CARTESIAN_POINT('',(-14.2367911141001,-2.26083161344478,4.21080007464738));
#3900=CARTESIAN_POINT('',(-18.9095003604033,-13.3378203323877,4.2108045));
#3901=CARTESIAN_POINT('',(-2.80405746427671,-7.35332902169446,4.6108045));
#3902=CARTESIAN_POINT('',(-17.3878814285096,-1.40824625142202,4.61080432218025));
#3903=CARTESIAN_POINT('',(-17.3375496883561,-1.28477795160437,4.4774712612886));
#3904=CARTESIAN_POINT('',(-17.2872179482027,-1.16130965178672,4.34413820039695));
#3905=CARTESIAN_POINT('',(-17.2368862080492,-1.03784135196906,4.2108051395053));
#3906=CARTESIAN_POINT('',(-17.2368867174319,-1.03784252613207,4.2108038602085));
#3907=CARTESIAN_POINT('',(-2.65306193528528,-6.98292336538695,4.2108045));
#3908=CARTESIAN_POINT('',(-17.2222884985091,-1.00002221094837,4.86885561962725));
#3909=CARTESIAN_POINT('',(-17.4145173323923,-1.39637491601178,4.61090108806936));
#3910=CARTESIAN_POINT('',(-17.3571712241682,-1.2761093498185,4.47747258178599));
#3911=CARTESIAN_POINT('',(-17.2997996476094,-1.15579280963962,4.34410096683529));
#3912=CARTESIAN_POINT('',(-17.2424048974452,-1.03542426024759,4.21078628722311));
#3913=CARTESIAN_POINT('',(-17.242373948071,-1.03535982414809,4.2108045));
#3914=CARTESIAN_POINT('',(-16.9622012980766,-0.395529214534835,4.2108045));
#3915=CARTESIAN_POINT('',(-16.2091040494273,1.13383101790085,4.12480449998644));
#3916=CARTESIAN_POINT('',(-19.0114089707188,1.11065134705593,4.61080224199571));
#3917=CARTESIAN_POINT('',(-18.8780771517028,1.11113892401218,4.47746953148018));
#3918=CARTESIAN_POINT('',(-18.7447453326867,1.11162650096843,4.34413682096465));
#3919=CARTESIAN_POINT('',(-18.6114135136707,1.11211407792468,4.21080411044912));
#3920=CARTESIAN_POINT('',(-18.6114668604116,1.11211359791847,4.21075076177666));
#3921=CARTESIAN_POINT('',(-16.2091040494273,1.13383101790085,4.2108045));
#3922=CARTESIAN_POINT('',(-19.005359569914,-0.544223168137395,4.6108045));
#3923=CARTESIAN_POINT('',(-19.0128852914161,1.11605078604249,4.6122588079145));
#3924=CARTESIAN_POINT('',(-18.6114309835016,1.11678481643591,4.2108045));
#3925=CARTESIAN_POINT('',(-18.605362244425,-0.542760430436008,4.2108045));
#3926=CARTESIAN_POINT('',(-19.0114309835017,-0.474723063511946,4.6108045));
#3927=CARTESIAN_POINT('',(-19.0113746632377,7.1646895836603,4.61086080746082));
#3928=CARTESIAN_POINT('',(-18.677346505296,7.16590993068497,4.27674486984103));
#3929=CARTESIAN_POINT('',(-12.6742873223344,1.16285633884747,-1.72633916116728));
#3930=CARTESIAN_POINT('',(-18.6114309835016,7.10000000001489,4.2108045));
#3931=CARTESIAN_POINT('',(-18.6114309835016,-0.474723063511949,4.2108045));
#3932=CARTESIAN_POINT('',(-19.0113082551702,7.16279954498975,4.6108045));
#3933=CARTESIAN_POINT('',(-19.0114472482602,7.1819244754833,4.6108045));
#3934=CARTESIAN_POINT('',(-19.0104738586377,7.20105900930775,4.6108045));
#3935=CARTESIAN_POINT('',(-18.9986919075887,7.30677426521866,4.6108045));
#3936=CARTESIAN_POINT('',(-18.9652952463489,7.39047562360668,4.6108045));
#3937=CARTESIAN_POINT('',(-18.9138376868952,7.46088960482772,4.6108045));
#3938=CARTESIAN_POINT('',(-18.67532141888,7.16407032250579,4.27473442501244));
#3939=CARTESIAN_POINT('',(-18.6753665642212,7.17034163048097,4.27473442501244));
#3940=CARTESIAN_POINT('',(-18.6750470435697,7.17661758031319,4.27473442501244));
#3941=CARTESIAN_POINT('',(-18.6711815626335,7.21130116407307,4.27473442501244));
#3942=CARTESIAN_POINT('',(-18.6602130224384,7.23879804505254,4.27473442501244));
#3943=CARTESIAN_POINT('',(-18.6433024513349,7.2619399674352,4.27473442501244));
#3944=CARTESIAN_POINT('',(-18.9149509642044,7.45936024951514,4.6108045));
#3945=CARTESIAN_POINT('',(-18.8507777070335,7.37890252713373,4.5115437828067));
#3946=CARTESIAN_POINT('',(-18.7875524638353,7.29932608599865,4.41013058598377));
#3947=CARTESIAN_POINT('',(-18.7174967639982,7.21132160187731,4.32212610186243));
#3948=CARTESIAN_POINT('',(-18.7174967639982,7.21132160187732,4.32212610186243));
#3949=CARTESIAN_POINT('',(-18.7174967639982,7.21132160187732,4.32212610186243));
#3950=CARTESIAN_POINT('',(-18.7050690811864,7.19570985554945,4.30651435553457));
#3951=CARTESIAN_POINT('',(-18.6918328447652,7.18050382662265,4.29130832660777));
#3952=CARTESIAN_POINT('',(-18.6773280857531,7.16593431911249,4.27673881909761));
#3953=CARTESIAN_POINT('',(-18.7174967639982,7.00000000001489,4.6108045));
#3954=CARTESIAN_POINT('',(-18.7174967639982,7.50000000001489,4.6108045));
#3955=CARTESIAN_POINT('',(1.83722769086175E-13,7.50000000001447,4.6108045));
#3956=CARTESIAN_POINT('',(-12.9253859171064,7.50000000001476,4.6108045));
#3957=CARTESIAN_POINT('',(-12.9253859171064,7.10000000001476,4.2108045));
#3958=CARTESIAN_POINT('',(1.7485555833671E-13,7.10000000001447,4.2108045));
#3959=CARTESIAN_POINT('',(-12.9253859171064,7.00000000001476,4.6108045));
#3960=CARTESIAN_POINT('',(-12.9078108987661,7.09844347989198,4.2108045));
#3961=CARTESIAN_POINT('',(-12.818176120333,7.21048695285381,4.33685732250785));
#3962=CARTESIAN_POINT('',(-12.7362980924291,7.31283448766109,4.47611598881679));
#3963=CARTESIAN_POINT('',(-12.6517721355529,7.41849193368134,4.6108045));
#3964=CARTESIAN_POINT('',(-12.9078108987661,7.09844347989198,4.2108045));
#3965=CARTESIAN_POINT('',(-12.9253859171064,7.00000000001476,4.2108045));
#3966=CARTESIAN_POINT('',(-12.9999953873301,7.05968757623608,4.6108045));
#3967=CARTESIAN_POINT('',(-12.4999953873301,7.05968757623608,4.6108045));
#3968=CARTESIAN_POINT('',(-12.8999953873301,7.05968757623608,4.2108045));
#3969=CARTESIAN_POINT('',(-12.9999953873301,7.05968757623608,4.2108045));
#3970=CARTESIAN_POINT('',(-12.4999953873302,-0.474723063511967,4.6108045));
#3971=CARTESIAN_POINT('',(-12.4999953873302,1.47741527157286,4.6108045));
#3972=CARTESIAN_POINT('',(-12.8995317242316,1.4774139991786,4.21080449962064));
#3973=CARTESIAN_POINT('',(-12.8999953873302,-0.474723063511962,4.2108045));
#3974=CARTESIAN_POINT('',(-7.45644871715717,1.46724453458334,4.6108045));
#3975=CARTESIAN_POINT('',(-9.60477301794957,-3.09407298170309,4.6108045));
#3976=CARTESIAN_POINT('',(-9.77431578960453,-3.4565217692675,4.21099517711154));
#3977=CARTESIAN_POINT('',(-7.45644871715717,1.46724453458334,4.2108045));
#3978=CARTESIAN_POINT('',(-2.72959359406848,-6.31006860407716,4.6108045));
#3979=CARTESIAN_POINT('',(-2.86145088996019,-6.2483901416666,4.61080476227389));
#3980=CARTESIAN_POINT('',(-3.03093308250349,-6.61071043675078,4.2108045));
#3981=CARTESIAN_POINT('',(-2.89907567548497,-6.67238866159362,4.2108045));
#3982=CARTESIAN_POINT('',(-0.157938934161468,-0.468802121891037,4.6108045));
#3983=CARTESIAN_POINT('',(-0.157938934161467,-6.84944502214706,4.61080339510793));
#3984=CARTESIAN_POINT('',(-0.157938934161467,-7.24944391725499,4.2108045));
#3985=CARTESIAN_POINT('',(-0.157938934161468,-0.468802121891037,4.2108045));
#3986=CARTESIAN_POINT('',(6.93889390390723E-15,-6.84944391725499,4.6108045));
#3987=CARTESIAN_POINT('',(0.157938934161253,-6.84944502214706,4.61080560489207));
#3988=CARTESIAN_POINT('',(0.157938934161253,-7.24944612703913,4.2108045));
#3989=CARTESIAN_POINT('',(6.93889390390723E-15,-7.24944391725499,4.2108045));
#3990=CARTESIAN_POINT('',(0.157938934161252,-0.46880212189103,4.6108045));
#3991=CARTESIAN_POINT('',(2.86145088995998,-6.24839014166662,4.61080423772613));
#3992=CARTESIAN_POINT('',(3.03093286024968,-6.61070996161538,4.2108045));
#3993=CARTESIAN_POINT('',(0.157938934161252,-0.46880212189103,4.2108045));
#3994=CARTESIAN_POINT('',(2.72959359406847,-6.31006860407712,4.6108045));
#3995=CARTESIAN_POINT('',(9.60476355301093,-3.09405276732817,4.61078217968024));
#3996=CARTESIAN_POINT('',(9.77453336245,-3.45663029629196,4.2108162325014));
#3997=CARTESIAN_POINT('',(2.89907567548497,-6.67238866159358,4.2108045));
#3998=CARTESIAN_POINT('',(7.45644878769485,1.46724447404929,4.61080450000001));
#3999=CARTESIAN_POINT('',(12.4999953873302,1.47741527157305,4.6108045));
#4000=CARTESIAN_POINT('',(12.8997633069953,1.47741483845504,4.2105729238755));
#4001=CARTESIAN_POINT('',(7.45644878769486,1.46724447404929,4.2108045));
#4002=CARTESIAN_POINT('',(12.4999953873302,-0.474723063511967,4.6108045));
#4003=CARTESIAN_POINT('',(12.4999953873301,7.05968757623608,4.6108045));
#4004=CARTESIAN_POINT('',(12.8999953873301,7.05968757623608,4.2108045));
#4005=CARTESIAN_POINT('',(12.8999953873302,-0.474723063511962,4.2108045));
#4006=CARTESIAN_POINT('',(12.9999953873301,7.05968757623608,4.6108045));
#4007=CARTESIAN_POINT('',(12.9078108987661,7.09844347989198,4.2108045));
#4008=CARTESIAN_POINT('',(12.818176120333,7.21048695285381,4.33685732250785));
#4009=CARTESIAN_POINT('',(12.7362980924291,7.31283448766109,4.47611598881679));
#4010=CARTESIAN_POINT('',(12.6517721355529,7.41849193368134,4.6108045));
#4011=CARTESIAN_POINT('',(12.9078108987661,7.09844347989198,4.2108045));
#4012=CARTESIAN_POINT('',(12.9999953873301,7.05968757623608,4.2108045));
#4013=CARTESIAN_POINT('',(15.8,3.5,4.6108045));
#4014=CARTESIAN_POINT('',(15.8,3.5,4.2108045));
#4015=CARTESIAN_POINT('',(13.8,3.5,4.2108045));
#4016=CARTESIAN_POINT('',(-15.8,3.5,4.6108045));
#4017=CARTESIAN_POINT('',(-15.8,3.5,4.2108045));
#4018=CARTESIAN_POINT('',(-17.8,3.5,4.2108045));
#4019=CARTESIAN_POINT('',(12.9253859171064,7.00000000001476,4.6108045));
#4020=CARTESIAN_POINT('',(12.9253859171064,7.00000000001476,4.2108045));
#4021=CARTESIAN_POINT('',(0.,-0.50000110488463,4.2108045));
#4022=CARTESIAN_POINT('',(-12.4895596449561,2.08868142302107,6.87223044283594));
#4023=CARTESIAN_POINT('',(-12.5560759315249,1.08055253208349,6.86317942912657));
#4024=CARTESIAN_POINT('',(-12.3103986469928,0.0555719845452504,6.85397712070052));
#4025=CARTESIAN_POINT('',(-11.2879983002091,-1.68192669066126,6.8383778015354));
#4026=CARTESIAN_POINT('',(-10.5137704632321,-2.39020435555725,6.8320188618079));
#4027=CARTESIAN_POINT('',(-9.60477301794957,-2.81381392378226,6.82821568143693));
#4028=CARTESIAN_POINT('',(-12.8500604569807,2.11182535657418,7.1871260865873));
#4029=CARTESIAN_POINT('',(-12.9213826091689,1.03208479623543,7.1871260865873));
#4030=CARTESIAN_POINT('',(-12.6579549058365,-0.0657044634946078,7.1871260865873));
#4031=CARTESIAN_POINT('',(-11.5616851494348,-1.92662503992152,7.1871260865873));
#4032=CARTESIAN_POINT('',(-10.7315186083656,-2.68521466849426,7.1871260865873));
#4033=CARTESIAN_POINT('',(-9.75684522421687,-3.1389150203756,7.1871260865873));
#4034=CARTESIAN_POINT('',(-9.60477301794957,-2.81381392378226,6.82821568143693));
#4035=CARTESIAN_POINT('',(-9.65546375337201,-2.92218095598004,6.94785248315372));
#4036=CARTESIAN_POINT('',(-9.70615448879444,-3.03054798817783,7.06748928487051));
#4037=CARTESIAN_POINT('',(-9.75684522421688,-3.13891502037561,7.1871260865873));
#4038=CARTESIAN_POINT('',(-9.74467105595726,-2.74837396213578,6.82821568143693));
#4039=CARTESIAN_POINT('',(-3.01352298493909,-6.29323194284698,7.1871260865873));
#4040=CARTESIAN_POINT('',(-2.96283345340729,-6.18486748432808,7.06749212620393));
#4041=CARTESIAN_POINT('',(-2.91214392187549,-6.07650302580917,6.94785816582057));
#4042=CARTESIAN_POINT('',(-2.86145439034369,-5.96813856729027,6.82822420543721));
#4043=CARTESIAN_POINT('',(-2.86145100093406,-5.9681313213851,6.82821568143642));
#4044=CARTESIAN_POINT('',(-2.01514906400688,-6.36371090220301,6.82544267468921));
#4045=CARTESIAN_POINT('',(-1.10160998505647,-6.56857098444637,6.82401517421313));
#4046=CARTESIAN_POINT('',(-0.157938934162064,-6.56971905769611,6.82400658493105));
#4047=CARTESIAN_POINT('',(-3.01352320719271,-6.29323241798243,7.1871260865873));
#4048=CARTESIAN_POINT('',(-2.11947884149704,-6.7107520431759,7.1871260865873));
#4049=CARTESIAN_POINT('',(-1.154613707601,-6.92690651690335,7.1871260865873));
#4050=CARTESIAN_POINT('',(-0.157938934162064,-6.9281225485993,7.1871260865873));
#4051=CARTESIAN_POINT('',(-0.157938934162063,-6.56971684791197,6.82400658493105));
#4052=CARTESIAN_POINT('',(-0.157938934162063,-6.68918467821303,6.94504641881647));
#4053=CARTESIAN_POINT('',(-0.157938934162063,-6.80865250851409,7.06608625270188));
#4054=CARTESIAN_POINT('',(-0.157938934162063,-6.92812033881515,7.1871260865873));
#4055=CARTESIAN_POINT('',(6.2506958683503E-6,-6.92812033881515,7.1871260865873));
#4056=CARTESIAN_POINT('',(0.157938934160656,-6.92812033881515,7.1871260865873));
#4057=CARTESIAN_POINT('',(0.157938934160656,-6.80865287199713,7.06608662096777));
#4058=CARTESIAN_POINT('',(0.157938934160656,-6.68918540517911,6.94504715534825));
#4059=CARTESIAN_POINT('',(0.157938934160656,-6.56971793836109,6.82400768972872));
#4060=CARTESIAN_POINT('',(0.157938934160656,-6.56971905769611,6.82400658493105));
#4061=CARTESIAN_POINT('',(1.09219789315408,-6.56913379523134,6.82401126093651));
#4062=CARTESIAN_POINT('',(2.00638587848568,-6.36719266613966,6.82541830973155));
#4063=CARTESIAN_POINT('',(2.86145100108619,-5.96813132131323,6.82821568143685));
#4064=CARTESIAN_POINT('',(0.157938934160656,-6.9281225485993,7.1871260865873));
#4065=CARTESIAN_POINT('',(1.14467310391161,-6.92750028955393,7.1871260865873));
#4066=CARTESIAN_POINT('',(2.11022202244307,-6.71442658278887,7.1871260865873));
#4067=CARTESIAN_POINT('',(3.01352320735349,-6.29323241790657,7.1871260865873));
#4068=CARTESIAN_POINT('',(2.86145399178286,-5.96813771484686,6.828223264422));
#4069=CARTESIAN_POINT('',(2.91214365622187,-6.07650245748829,6.9478575384771));
#4070=CARTESIAN_POINT('',(2.96283332066089,-6.18486720012972,7.0674918125322));
#4071=CARTESIAN_POINT('',(3.0135229850999,-6.29323194277116,7.1871260865873));
#4072=CARTESIAN_POINT('',(9.74467105595572,-2.74837396213591,6.82821568143685));
#4073=CARTESIAN_POINT('',(9.75684522421682,-3.13891502037503,7.1871260865873));
#4074=CARTESIAN_POINT('',(9.70615448879439,-3.03054798817725,7.06748928487049));
#4075=CARTESIAN_POINT('',(9.65546375337195,-2.92218095597947,6.94785248315367));
#4076=CARTESIAN_POINT('',(9.60477301794951,-2.81381392378169,6.82821568143685));
#4077=CARTESIAN_POINT('',(9.60477301794951,-2.81381392378169,6.82821568143685));
#4078=CARTESIAN_POINT('',(10.5137704632321,-2.39020435555666,6.83201886180783));
#4079=CARTESIAN_POINT('',(11.2879983002091,-1.68192669066064,6.83837780153534));
#4080=CARTESIAN_POINT('',(12.3103986469929,0.0555719845459823,6.8539771207005));
#4081=CARTESIAN_POINT('',(12.556075931525,1.08055253208428,6.86317942912655));
#4082=CARTESIAN_POINT('',(12.489559644956,2.08868142302192,6.87223044283595));
#4083=CARTESIAN_POINT('',(9.75684522421682,-3.13891502037503,7.1871260865873));
#4084=CARTESIAN_POINT('',(10.7315186083656,-2.68521466849366,7.1871260865873));
#4085=CARTESIAN_POINT('',(11.5616851494348,-1.92662503992089,7.1871260865873));
#4086=CARTESIAN_POINT('',(12.6579549058366,-0.0657044634938681,7.1871260865873));
#4087=CARTESIAN_POINT('',(12.9213826091689,1.03208479623623,7.1871260865873));
#4088=CARTESIAN_POINT('',(12.8500604569807,2.11182535657504,7.1871260865873));
#4089=CARTESIAN_POINT('',(-14.7494472802274,-2.13756832325826,6.96559907237912));
#4090=CARTESIAN_POINT('',(-14.2475013926895,-2.2216563163217,6.97282160770658));
#4091=CARTESIAN_POINT('',(-13.7459961255155,-2.3759262976072,6.97959905324327));
#4092=CARTESIAN_POINT('',(-13.2856374005209,-2.59121384199899,6.98552872416985));
#4093=CARTESIAN_POINT('',(-14.7906156772697,-2.38202001346098,6.75043507081112));
#4094=CARTESIAN_POINT('',(-14.3101781998983,-2.4622403386146,6.76467268557743));
#4095=CARTESIAN_POINT('',(-13.830370453568,-2.60928462963843,6.77803290526155));
#4096=CARTESIAN_POINT('',(-13.3900539223901,-2.81443626110734,6.78972192670843));
#4097=CARTESIAN_POINT('',(-14.7909015866895,-2.38371770018005,6.74894078346305));
#4098=CARTESIAN_POINT('',(-14.3106134825633,-2.46391116485896,6.76322711708742));
#4099=CARTESIAN_POINT('',(-13.8309564228287,-2.61090527435864,6.77663305332287));
#4100=CARTESIAN_POINT('',(-13.3907790822051,-2.81598651316739,6.78836207274596));
#4101=CARTESIAN_POINT('',(-13.2862607701752,-2.5925464862945,6.98435975192825));
#4102=CARTESIAN_POINT('',(-13.3208584875801,-2.66650974456545,6.91948047685503));
#4103=CARTESIAN_POINT('',(-13.3554562049851,-2.74047300283639,6.8546012017818));
#4104=CARTESIAN_POINT('',(-13.3900539223901,-2.81443626110734,6.78972192670858));
#4105=CARTESIAN_POINT('',(-1.80920248922038,-7.67942304853375,7.1871260865873));
#4106=CARTESIAN_POINT('',(-3.54200185426948,-7.42105536821881,6.78971768093659));
#4107=CARTESIAN_POINT('',(-3.47130603645985,-7.27006398575119,6.92218714413441));
#4108=CARTESIAN_POINT('',(-3.40061021865023,-7.11907260328358,7.05465660733222));
#4109=CARTESIAN_POINT('',(-3.3299144008406,-6.96808122081596,7.18712607053003));
#4110=CARTESIAN_POINT('',(-3.32991440624637,-6.96808123237246,7.1871260865873));
#4111=CARTESIAN_POINT('',(-2.32497289154823,-7.43711492487515,7.1871260865873));
#4112=CARTESIAN_POINT('',(-1.25026805997073,-7.67399179446405,7.1871260865873));
#4113=CARTESIAN_POINT('',(-0.152371673393429,-7.67385400672148,7.1871260865873));
#4114=CARTESIAN_POINT('',(-3.54200005531379,-7.42105152239793,6.78971233733183));
#4115=CARTESIAN_POINT('',(-2.46965863810121,-7.92103971515464,6.79362468302228));
#4116=CARTESIAN_POINT('',(-1.32318975905658,-8.17344855635368,6.79558777212709));
#4117=CARTESIAN_POINT('',(-0.151999995113111,-8.17330873994785,6.79558751572394));
#4118=CARTESIAN_POINT('',(-0.151999995113115,-7.67385386842599,7.1871260865873));
#4119=CARTESIAN_POINT('',(-0.151999995113115,-7.84033603828131,7.05661541986715));
#4120=CARTESIAN_POINT('',(-0.151999995113115,-8.00681820813663,6.92610475314699));
#4121=CARTESIAN_POINT('',(-0.151999995113115,-8.17330037799194,6.79559408642684));
#4122=CARTESIAN_POINT('',(-8.00314589609008E-13,-8.17330873777343,6.79558753292831));
#4123=CARTESIAN_POINT('',(0.151999998495046,-8.17330420102605,6.79559108942884));
#4124=CARTESIAN_POINT('',(0.152123890127378,-8.00682078537797,6.92610273276555));
#4125=CARTESIAN_POINT('',(0.152247781759711,-7.84033736972988,7.05661437610227));
#4126=CARTESIAN_POINT('',(0.152371673392043,-7.67385395408179,7.18712601943899));
#4127=CARTESIAN_POINT('',(0.152371673392043,-7.67385400672149,7.1871260865873));
#4128=CARTESIAN_POINT('',(1.26137687100049,-7.67332966606479,7.1871260865873));
#4129=CARTESIAN_POINT('',(2.33531694887729,-7.4330121968053,7.1871260865873));
#4130=CARTESIAN_POINT('',(3.329914406245,-6.96808123237246,7.1871260865873));
#4131=CARTESIAN_POINT('',(0.151999995111726,-8.17330873994785,6.79558751572394));
#4132=CARTESIAN_POINT('',(1.33503995669936,-8.17274310814403,6.79558229692733));
#4133=CARTESIAN_POINT('',(2.48069537430105,-7.9166667193776,6.79359052383094));
#4134=CARTESIAN_POINT('',(3.54200005531241,-7.42105152239791,6.78971233733195));
#4135=CARTESIAN_POINT('',(3.33007911748559,-6.9680041491685,7.1871260865873));
#4136=CARTESIAN_POINT('',(3.40071943009454,-7.11901953624388,7.05465803329443));
#4137=CARTESIAN_POINT('',(3.47135974270348,-7.27003492331926,6.92218998000156));
#4138=CARTESIAN_POINT('',(3.54200005531243,-7.42105031039464,6.7897219267087));
#4139=CARTESIAN_POINT('',(1.80921274628579,-7.67941825059619,7.1871260865873));
#4140=CARTESIAN_POINT('',(13.3900539223879,-2.81443626110766,6.78972192670874));
#4141=CARTESIAN_POINT('',(13.3554562049829,-2.74047300283655,6.85460120178209));
#4142=CARTESIAN_POINT('',(13.3208584875779,-2.66650974456544,6.91948047685543));
#4143=CARTESIAN_POINT('',(13.2862607701728,-2.59254648629434,6.98435975192877));
#4144=CARTESIAN_POINT('',(13.2856380112596,-2.59121514764548,6.98552757888013));
#4145=CARTESIAN_POINT('',(13.7473651568724,-2.37540938898835,6.97957973146407));
#4146=CARTESIAN_POINT('',(14.247492471925,-2.22170730328645,6.9728202886149));
#4147=CARTESIAN_POINT('',(14.7494507267238,-2.13758872664702,6.96559766790086));
#4148=CARTESIAN_POINT('',(13.390053922388,-2.81443626110769,6.78972192670881));
#4149=CARTESIAN_POINT('',(13.8316796360106,-2.60879069541354,6.77799714098323));
#4150=CARTESIAN_POINT('',(14.3101694167522,-2.46228755758661,6.76467248527386));
#4151=CARTESIAN_POINT('',(14.7906187911466,-2.38203808112806,6.75043478307245));
#4152=MECHANICAL_DESIGN_GEOMETRIC_PRESENTATION_REPRESENTATION('',(#2089),
#4153);
#4153=(
GEOMETRIC_REPRESENTATION_CONTEXT(3)
GLOBAL_UNCERTAINTY_ASSIGNED_CONTEXT((#4154))
GLOBAL_UNIT_ASSIGNED_CONTEXT((#4157,#4156,#4155))
REPRESENTATION_CONTEXT('Beacon-Carto_Module','TOP_LEVEL_ASSEMBLY_PART')
);
#4154=UNCERTAINTY_MEASURE_WITH_UNIT(LENGTH_MEASURE(0.0202),#4157,
'DISTANCE_ACCURACY_VALUE','Maximum Tolerance applied to model');
#4155=(
NAMED_UNIT(*)
SI_UNIT($,.STERADIAN.)
SOLID_ANGLE_UNIT()
);
#4156=(
NAMED_UNIT(*)
PLANE_ANGLE_UNIT()
SI_UNIT($,.RADIAN.)
);
#4157=(
LENGTH_UNIT()
NAMED_UNIT(*)
SI_UNIT(.MILLI.,.METRE.)
);
#4158=PRODUCT_DEFINITION_SHAPE('','',#4159);
#4159=PRODUCT_DEFINITION('','',#4161,#4160);
#4160=PRODUCT_DEFINITION_CONTEXT('',#4167,'design');
#4161=PRODUCT_DEFINITION_FORMATION_WITH_SPECIFIED_SOURCE('','',#4163,
 .NOT_KNOWN.);
#4162=PRODUCT_RELATED_PRODUCT_CATEGORY('','',(#4163));
#4163=PRODUCT('Beacon-Carto_Module','Beacon-Carto_Module',
'Beacon-Carto_Module',(#4165));
#4164=PRODUCT_CATEGORY('','');
#4165=PRODUCT_CONTEXT('',#4167,'mechanical');
#4166=APPLICATION_PROTOCOL_DEFINITION('international standard',
'ap242_managed_model_based_3d_engineering',2020,#4167);
#4167=APPLICATION_CONTEXT('managed model based 3d engineering');
ENDSEC;
END-ISO-10303-21;
