ISO-10303-21;
HEADER;
/* Generated by software containing ST-Developer
 * from STEP Tools, Inc. (www.steptools.com) 
 */
/* OPTION: using custom renumber hook */

FILE_DESCRIPTION(
/* description */ ('STEP AP242 Edition 2',
'CAx-IF Rec.Pracs.---Representation and Presentation of Product Manufa
cturing Information (PMI)---4.0---2014-10-13',
'CAx-IF Rec.Pracs.---3D Tessellated Geometry---0.4---2014-09-14','2;1',
'CAx-IF Rec.Pracs.---User Defined Attributes---1.5---2016-08-15'),
/* implementation_level */ '2;1');

FILE_NAME(
/* name */ 'CNC-Xol-Carriage-v2_Klicky-PCB_Module',
/* time_stamp */ '2026-09-18T12:16:11Z',
/* author */ (''),
/* organization */ (''),
/* preprocessor_version */ 'ST-DEVELOPER v20',
/* originating_system */ 'ONSHAPE BY PTC INC, 1.220',
/* authorisation */ '  ');

FILE_SCHEMA (('AP242_MANAGED_MODEL_BASED_3D_ENGINEERING_MIM_LF { 1 0 10303 442 3 1 4 }'));
ENDSEC;

DATA;
#10=SHAPE_REPRESENTATION_RELATIONSHIP('','',#2677,#11);
#11=ADVANCED_BREP_SHAPE_REPRESENTATION('',(#2675),#4993);
#12=CONICAL_SURFACE('',#2879,1.59999999999932,0.78539816339745);
#13=CONICAL_SURFACE('',#2882,0.099999999999045,0.785398163397448);
#14=CONICAL_SURFACE('',#2883,1.6,0.78539816339745);
#15=CONICAL_SURFACE('',#2886,1.4000000000017,0.785398163397449);
#16=CONICAL_SURFACE('',#2887,1.6,0.785398163397449);
#17=CONICAL_SURFACE('',#2890,0.599999999998306,0.785398163397444);
#18=CONICAL_SURFACE('',#2894,0.600000000000011,0.785398163397438);
#19=CONICAL_SURFACE('',#2895,1.6,0.78539816339745);
#20=CONICAL_SURFACE('',#2898,1.4,0.785398163397441);
#21=CONICAL_SURFACE('',#2899,1.60000000000052,0.785398163397448);
#22=CONICAL_SURFACE('',#2902,0.100000000000011,0.785398163397441);
#23=CONICAL_SURFACE('',#2903,1.60000000000074,0.785398163397441);
#24=TOROIDAL_SURFACE('',#2812,1.7,0.2);
#25=TOROIDAL_SURFACE('',#2821,1.7,0.2);
#26=TOROIDAL_SURFACE('',#2822,1.7,0.2);
#27=TOROIDAL_SURFACE('',#2844,4.00000000000011,1.);
#28=TOROIDAL_SURFACE('',#2848,4.00000000000009,1.);
#29=TOROIDAL_SURFACE('',#2912,3.4,0.4);
#30=TOROIDAL_SURFACE('',#2921,4.60000000000009,0.4);
#31=TOROIDAL_SURFACE('',#2924,1.6,0.4);
#32=TOROIDAL_SURFACE('',#2931,3.4,0.4);
#33=TOROIDAL_SURFACE('',#2940,4.60000000000011,0.4);
#34=TOROIDAL_SURFACE('',#2943,1.6,0.4);
#35=CYLINDRICAL_SURFACE('',#2690,1.6);
#36=CYLINDRICAL_SURFACE('',#2695,1.6);
#37=CYLINDRICAL_SURFACE('',#2740,1.5);
#38=CYLINDRICAL_SURFACE('',#2745,1.2);
#39=CYLINDRICAL_SURFACE('',#2746,1.5);
#40=CYLINDRICAL_SURFACE('',#2751,1.2);
#41=CYLINDRICAL_SURFACE('',#2752,1.5);
#42=CYLINDRICAL_SURFACE('',#2755,1.2);
#43=CYLINDRICAL_SURFACE('',#2776,5.00000000000009);
#44=CYLINDRICAL_SURFACE('',#2779,5.00000000000011);
#45=CYLINDRICAL_SURFACE('',#2788,3.);
#46=CYLINDRICAL_SURFACE('',#2791,3.);
#47=CYLINDRICAL_SURFACE('',#2800,1.);
#48=CYLINDRICAL_SURFACE('',#2802,1.);
#49=CYLINDRICAL_SURFACE('',#2804,0.2);
#50=CYLINDRICAL_SURFACE('',#2807,0.2);
#51=CYLINDRICAL_SURFACE('',#2809,0.2);
#52=CYLINDRICAL_SURFACE('',#2811,0.2);
#53=CYLINDRICAL_SURFACE('',#2813,0.2);
#54=CYLINDRICAL_SURFACE('',#2816,0.2);
#55=CYLINDRICAL_SURFACE('',#2818,0.2);
#56=CYLINDRICAL_SURFACE('',#2820,0.2);
#57=CYLINDRICAL_SURFACE('',#2825,0.5);
#58=CYLINDRICAL_SURFACE('',#2827,0.5);
#59=CYLINDRICAL_SURFACE('',#2829,2.);
#60=CYLINDRICAL_SURFACE('',#2831,2.);
#61=CYLINDRICAL_SURFACE('',#2833,2.85);
#62=CYLINDRICAL_SURFACE('',#2834,2.85);
#63=CYLINDRICAL_SURFACE('',#2836,1.);
#64=CYLINDRICAL_SURFACE('',#2839,1.);
#65=CYLINDRICAL_SURFACE('',#2842,1.);
#66=CYLINDRICAL_SURFACE('',#2846,1.);
#67=CYLINDRICAL_SURFACE('',#2850,1.);
#68=CYLINDRICAL_SURFACE('',#2852,1.);
#69=CYLINDRICAL_SURFACE('',#2856,1.);
#70=CYLINDRICAL_SURFACE('',#2857,2.);
#71=CYLINDRICAL_SURFACE('',#2860,2.);
#72=CYLINDRICAL_SURFACE('',#2863,2.);
#73=CYLINDRICAL_SURFACE('',#2866,2.);
#74=CYLINDRICAL_SURFACE('',#2869,2.);
#75=CYLINDRICAL_SURFACE('',#2872,2.);
#76=CYLINDRICAL_SURFACE('',#2875,0.5);
#77=CYLINDRICAL_SURFACE('',#2877,0.5);
#78=CYLINDRICAL_SURFACE('',#2905,1.);
#79=CYLINDRICAL_SURFACE('',#2907,1.);
#80=CYLINDRICAL_SURFACE('',#2914,0.4);
#81=CYLINDRICAL_SURFACE('',#2919,0.4);
#82=CYLINDRICAL_SURFACE('',#2926,0.4);
#83=CYLINDRICAL_SURFACE('',#2933,0.4);
#84=CYLINDRICAL_SURFACE('',#2938,0.4);
#85=CYLINDRICAL_SURFACE('',#2945,0.4);
#86=CYLINDRICAL_SURFACE('',#2950,1.94);
#87=CYLINDRICAL_SURFACE('',#2951,0.25);
#88=CYLINDRICAL_SURFACE('',#2952,0.25);
#89=CIRCLE('',#2688,3.4);
#90=CIRCLE('',#2689,4.60000000000009);
#91=CIRCLE('',#2691,1.6);
#92=CIRCLE('',#2692,1.6);
#93=CIRCLE('',#2696,1.6);
#94=CIRCLE('',#2697,1.6);
#95=CIRCLE('',#2701,4.60000000000011);
#96=CIRCLE('',#2702,3.4);
#97=CIRCLE('',#2704,0.5);
#98=CIRCLE('',#2706,0.5);
#99=CIRCLE('',#2708,1.7);
#100=CIRCLE('',#2709,1.7);
#101=CIRCLE('',#2710,1.7);
#102=CIRCLE('',#2711,4.00000000000009);
#103=CIRCLE('',#2712,4.00000000000011);
#104=CIRCLE('',#2714,1.6);
#105=CIRCLE('',#2715,1.6);
#106=CIRCLE('',#2720,1.2);
#107=CIRCLE('',#2721,1.2);
#108=CIRCLE('',#2722,1.2);
#109=CIRCLE('',#2724,0.100000000000197);
#110=CIRCLE('',#2725,1.60000000000282);
#111=CIRCLE('',#2726,1.60000000000053);
#112=CIRCLE('',#2727,1.60000000000002);
#113=CIRCLE('',#2728,1.6);
#114=CIRCLE('',#2729,1.59999999999728);
#115=CIRCLE('',#2730,1.59999999999549);
#116=CIRCLE('',#2731,0.0999999999990453);
#117=CIRCLE('',#2732,1.39999999999574);
#118=CIRCLE('',#2733,0.599999999998303);
#119=CIRCLE('',#2734,0.6);
#120=CIRCLE('',#2735,1.39999999999998);
#121=CIRCLE('',#2741,1.5);
#122=CIRCLE('',#2742,1.5);
#123=CIRCLE('',#2744,1.2);
#124=CIRCLE('',#2747,1.5);
#125=CIRCLE('',#2748,1.5);
#126=CIRCLE('',#2750,1.2);
#127=CIRCLE('',#2753,1.5);
#128=CIRCLE('',#2754,1.5);
#129=CIRCLE('',#2756,1.2);
#130=CIRCLE('',#2761,0.5);
#131=CIRCLE('',#2762,2.);
#132=CIRCLE('',#2763,1.);
#133=CIRCLE('',#2766,0.5);
#134=CIRCLE('',#2767,1.);
#135=CIRCLE('',#2768,2.);
#136=CIRCLE('',#2777,5.00000000000009);
#137=CIRCLE('',#2778,5.00000000000009);
#138=CIRCLE('',#2780,5.00000000000011);
#139=CIRCLE('',#2781,5.00000000000011);
#140=CIRCLE('',#2785,1.);
#141=CIRCLE('',#2786,3.);
#142=CIRCLE('',#2787,2.85);
#143=CIRCLE('',#2789,3.);
#144=CIRCLE('',#2792,3.);
#145=CIRCLE('',#2793,3.);
#146=CIRCLE('',#2798,1.);
#147=CIRCLE('',#2799,2.85);
#148=CIRCLE('',#2801,1.);
#149=CIRCLE('',#2803,1.);
#150=CIRCLE('',#2826,0.5);
#151=CIRCLE('',#2828,0.5);
#152=CIRCLE('',#2830,2.);
#153=CIRCLE('',#2832,2.);
#154=CIRCLE('',#2837,1.);
#155=CIRCLE('',#2843,1.);
#156=CIRCLE('',#2845,1.);
#157=CIRCLE('',#2847,1.);
#158=CIRCLE('',#2849,1.);
#159=CIRCLE('',#2853,1.);
#160=CIRCLE('',#2858,2.);
#161=CIRCLE('',#2859,2.);
#162=CIRCLE('',#2867,2.);
#163=CIRCLE('',#2868,2.);
#164=CIRCLE('',#2870,2.);
#165=CIRCLE('',#2871,2.);
#166=CIRCLE('',#2873,2.);
#167=CIRCLE('',#2874,2.);
#168=CIRCLE('',#2876,0.5);
#169=CIRCLE('',#2878,0.5);
#170=CIRCLE('',#2909,0.4);
#171=CIRCLE('',#2910,0.4);
#172=CIRCLE('',#2911,0.4);
#173=CIRCLE('',#2913,0.4);
#174=CIRCLE('',#2915,0.4);
#175=CIRCLE('',#2916,0.4);
#176=CIRCLE('',#2917,0.4);
#177=CIRCLE('',#2918,0.4);
#178=CIRCLE('',#2920,0.4);
#179=CIRCLE('',#2922,0.4);
#180=CIRCLE('',#2923,0.4);
#181=CIRCLE('',#2925,0.4);
#182=CIRCLE('',#2928,0.4);
#183=CIRCLE('',#2929,0.4);
#184=CIRCLE('',#2930,0.4);
#185=CIRCLE('',#2932,0.4);
#186=CIRCLE('',#2934,0.4);
#187=CIRCLE('',#2935,0.4);
#188=CIRCLE('',#2936,0.4);
#189=CIRCLE('',#2937,0.4);
#190=CIRCLE('',#2939,0.4);
#191=CIRCLE('',#2941,0.4);
#192=CIRCLE('',#2942,0.4);
#193=CIRCLE('',#2944,0.4);
#194=LINE('',#3768,#386);
#195=LINE('',#3771,#387);
#196=LINE('',#3773,#388);
#197=LINE('',#3774,#389);
#198=LINE('',#3781,#390);
#199=LINE('',#3785,#391);
#200=LINE('',#3787,#392);
#201=LINE('',#3789,#393);
#202=LINE('',#3791,#394);
#203=LINE('',#3793,#395);
#204=LINE('',#3795,#396);
#205=LINE('',#3798,#397);
#206=LINE('',#3800,#398);
#207=LINE('',#3802,#399);
#208=LINE('',#3804,#400);
#209=LINE('',#3806,#401);
#210=LINE('',#3808,#402);
#211=LINE('',#3818,#403);
#212=LINE('',#3820,#404);
#213=LINE('',#3822,#405);
#214=LINE('',#3826,#406);
#215=LINE('',#3828,#407);
#216=LINE('',#3835,#408);
#217=LINE('',#3838,#409);
#218=LINE('',#3840,#410);
#219=LINE('',#3844,#411);
#220=LINE('',#3846,#412);
#221=LINE('',#3848,#413);
#222=LINE('',#3850,#414);
#223=LINE('',#3852,#415);
#224=LINE('',#3854,#416);
#225=LINE('',#3861,#417);
#226=LINE('',#3864,#418);
#227=LINE('',#3865,#419);
#228=LINE('',#3869,#420);
#229=LINE('',#3874,#421);
#230=LINE('',#3876,#422);
#231=LINE('',#3878,#423);
#232=LINE('',#3887,#424);
#233=LINE('',#3889,#425);
#234=LINE('',#3891,#426);
#235=LINE('',#3894,#427);
#236=LINE('',#3898,#428);
#237=LINE('',#3900,#429);
#238=LINE('',#3902,#430);
#239=LINE('',#3904,#431);
#240=LINE('',#3906,#432);
#241=LINE('',#3908,#433);
#242=LINE('',#3915,#434);
#243=LINE('',#3918,#435);
#244=LINE('',#3920,#436);
#245=LINE('',#3924,#437);
#246=LINE('',#3926,#438);
#247=LINE('',#3927,#439);
#248=LINE('',#3930,#440);
#249=LINE('',#3932,#441);
#250=LINE('',#3934,#442);
#251=LINE('',#3936,#443);
#252=LINE('',#3940,#444);
#253=LINE('',#3944,#445);
#254=LINE('',#3946,#446);
#255=LINE('',#3948,#447);
#256=LINE('',#3951,#448);
#257=LINE('',#3955,#449);
#258=LINE('',#3957,#450);
#259=LINE('',#3959,#451);
#260=LINE('',#3963,#452);
#261=LINE('',#3965,#453);
#262=LINE('',#3968,#454);
#263=LINE('',#3969,#455);
#264=LINE('',#3970,#456);
#265=LINE('',#3972,#457);
#266=LINE('',#3974,#458);
#267=LINE('',#3976,#459);
#268=LINE('',#3980,#460);
#269=LINE('',#3983,#461);
#270=LINE('',#3985,#462);
#271=LINE('',#3987,#463);
#272=LINE('',#3988,#464);
#273=LINE('',#3990,#465);
#274=LINE('',#3993,#466);
#275=LINE('',#3995,#467);
#276=LINE('',#3997,#468);
#277=LINE('',#4004,#469);
#278=LINE('',#4007,#470);
#279=LINE('',#4009,#471);
#280=LINE('',#4011,#472);
#281=LINE('',#4016,#473);
#282=LINE('',#4020,#474);
#283=LINE('',#4024,#475);
#284=LINE('',#4028,#476);
#285=LINE('',#4030,#477);
#286=LINE('',#4032,#478);
#287=LINE('',#4036,#479);
#288=LINE('',#4040,#480);
#289=LINE('',#4044,#481);
#290=LINE('',#4048,#482);
#291=LINE('',#4052,#483);
#292=LINE('',#4056,#484);
#293=LINE('',#4060,#485);
#294=LINE('',#4064,#486);
#295=LINE('',#4066,#487);
#296=LINE('',#4074,#488);
#297=LINE('',#4081,#489);
#298=LINE('',#4088,#490);
#299=LINE('',#4090,#491);
#300=LINE('',#4092,#492);
#301=LINE('',#4094,#493);
#302=LINE('',#4096,#494);
#303=LINE('',#4103,#495);
#304=LINE('',#4106,#496);
#305=LINE('',#4107,#497);
#306=LINE('',#4109,#498);
#307=LINE('',#4111,#499);
#308=LINE('',#4113,#500);
#309=LINE('',#4115,#501);
#310=LINE('',#4116,#502);
#311=LINE('',#4145,#503);
#312=LINE('',#4148,#504);
#313=LINE('',#4149,#505);
#314=LINE('',#4151,#506);
#315=LINE('',#4153,#507);
#316=LINE('',#4155,#508);
#317=LINE('',#4157,#509);
#318=LINE('',#4162,#510);
#319=LINE('',#4165,#511);
#320=LINE('',#4168,#512);
#321=LINE('',#4170,#513);
#322=LINE('',#4172,#514);
#323=LINE('',#4174,#515);
#324=LINE('',#4179,#516);
#325=LINE('',#4182,#517);
#326=LINE('',#4184,#518);
#327=LINE('',#4188,#519);
#328=LINE('',#4190,#520);
#329=LINE('',#4192,#521);
#330=LINE('',#4194,#522);
#331=LINE('',#4203,#523);
#332=LINE('',#4205,#524);
#333=LINE('',#4207,#525);
#334=LINE('',#4208,#526);
#335=LINE('',#4210,#527);
#336=LINE('',#4212,#528);
#337=LINE('',#4214,#529);
#338=LINE('',#4216,#530);
#339=LINE('',#4218,#531);
#340=LINE('',#4220,#532);
#341=LINE('',#4247,#533);
#342=LINE('',#4252,#534);
#343=LINE('',#4254,#535);
#344=LINE('',#4256,#536);
#345=LINE('',#4258,#537);
#346=LINE('',#4263,#538);
#347=LINE('',#4278,#539);
#348=LINE('',#4290,#540);
#349=LINE('',#4300,#541);
#350=LINE('',#4304,#542);
#351=LINE('',#4308,#543);
#352=LINE('',#4310,#544);
#353=LINE('',#4312,#545);
#354=LINE('',#4326,#546);
#355=LINE('',#4372,#547);
#356=LINE('',#4383,#548);
#357=LINE('',#4385,#549);
#358=LINE('',#4387,#550);
#359=LINE('',#4389,#551);
#360=LINE('',#4615,#552);
#361=LINE('',#4616,#553);
#362=LINE('',#4618,#554);
#363=LINE('',#4620,#555);
#364=LINE('',#4622,#556);
#365=LINE('',#4624,#557);
#366=LINE('',#4626,#558);
#367=LINE('',#4628,#559);
#368=LINE('',#4630,#560);
#369=LINE('',#4632,#561);
#370=LINE('',#4634,#562);
#371=LINE('',#4636,#563);
#372=LINE('',#4638,#564);
#373=LINE('',#4640,#565);
#374=LINE('',#4642,#566);
#375=LINE('',#4644,#567);
#376=LINE('',#4646,#568);
#377=LINE('',#4648,#569);
#378=LINE('',#4650,#570);
#379=LINE('',#4652,#571);
#380=LINE('',#4654,#572);
#381=LINE('',#4656,#573);
#382=LINE('',#4658,#574);
#383=LINE('',#4660,#575);
#384=LINE('',#4662,#576);
#385=LINE('',#4664,#577);
#386=VECTOR('',#2965,1000.);
#387=VECTOR('',#2966,1000.);
#388=VECTOR('',#2967,1000.);
#389=VECTOR('',#2968,1000.);
#390=VECTOR('',#2971,1000.);
#391=VECTOR('',#2974,1000.);
#392=VECTOR('',#2975,1000.);
#393=VECTOR('',#2976,1000.);
#394=VECTOR('',#2977,1000.);
#395=VECTOR('',#2978,1000.);
#396=VECTOR('',#2981,1000.);
#397=VECTOR('',#2982,1000.);
#398=VECTOR('',#2983,1000.);
#399=VECTOR('',#2984,1000.);
#400=VECTOR('',#2985,1000.);
#401=VECTOR('',#2986,1000.);
#402=VECTOR('',#2989,1000.);
#403=VECTOR('',#2992,1000.);
#404=VECTOR('',#2993,1000.);
#405=VECTOR('',#2994,1000.);
#406=VECTOR('',#2997,1000.);
#407=VECTOR('',#2998,1000.);
#408=VECTOR('',#3007,1000.);
#409=VECTOR('',#3008,1000.);
#410=VECTOR('',#3009,1000.);
#411=VECTOR('',#3012,1000.);
#412=VECTOR('',#3013,1000.);
#413=VECTOR('',#3014,1000.);
#414=VECTOR('',#3015,1000.);
#415=VECTOR('',#3016,1000.);
#416=VECTOR('',#3017,1000.);
#417=VECTOR('',#3026,1000.);
#418=VECTOR('',#3027,1000.);
#419=VECTOR('',#3028,1000.);
#420=VECTOR('',#3033,1000.);
#421=VECTOR('',#3036,1000.);
#422=VECTOR('',#3037,1000.);
#423=VECTOR('',#3038,1000.);
#424=VECTOR('',#3041,1000.);
#425=VECTOR('',#3042,1000.);
#426=VECTOR('',#3045,1000.);
#427=VECTOR('',#3046,1000.);
#428=VECTOR('',#3049,1000.);
#429=VECTOR('',#3050,1000.);
#430=VECTOR('',#3051,1000.);
#431=VECTOR('',#3054,1000.);
#432=VECTOR('',#3055,1000.);
#433=VECTOR('',#3056,1000.);
#434=VECTOR('',#3065,1000.);
#435=VECTOR('',#3066,1000.);
#436=VECTOR('',#3067,1000.);
#437=VECTOR('',#3070,1000.);
#438=VECTOR('',#3071,1000.);
#439=VECTOR('',#3072,1000.);
#440=VECTOR('',#3073,1000.);
#441=VECTOR('',#3074,1000.);
#442=VECTOR('',#3075,1000.);
#443=VECTOR('',#3076,1000.);
#444=VECTOR('',#3079,1000.);
#445=VECTOR('',#3082,1000.);
#446=VECTOR('',#3083,1000.);
#447=VECTOR('',#3086,1000.);
#448=VECTOR('',#3087,1000.);
#449=VECTOR('',#3090,1000.);
#450=VECTOR('',#3091,1000.);
#451=VECTOR('',#3092,1000.);
#452=VECTOR('',#3095,1000.);
#453=VECTOR('',#3098,1000.);
#454=VECTOR('',#3099,1000.);
#455=VECTOR('',#3100,1000.);
#456=VECTOR('',#3101,1000.);
#457=VECTOR('',#3102,1000.);
#458=VECTOR('',#3103,1000.);
#459=VECTOR('',#3104,1000.);
#460=VECTOR('',#3109,1000.);
#461=VECTOR('',#3110,1000.);
#462=VECTOR('',#3111,1000.);
#463=VECTOR('',#3112,1000.);
#464=VECTOR('',#3113,1000.);
#465=VECTOR('',#3116,1000.);
#466=VECTOR('',#3117,1000.);
#467=VECTOR('',#3118,1000.);
#468=VECTOR('',#3119,1000.);
#469=VECTOR('',#3126,1000.);
#470=VECTOR('',#3127,1000.);
#471=VECTOR('',#3128,1000.);
#472=VECTOR('',#3129,1000.);
#473=VECTOR('',#3134,1000.);
#474=VECTOR('',#3137,1000.);
#475=VECTOR('',#3140,1000.);
#476=VECTOR('',#3143,1000.);
#477=VECTOR('',#3144,1000.);
#478=VECTOR('',#3145,1000.);
#479=VECTOR('',#3148,1000.);
#480=VECTOR('',#3151,1000.);
#481=VECTOR('',#3154,1000.);
#482=VECTOR('',#3157,1000.);
#483=VECTOR('',#3160,1000.);
#484=VECTOR('',#3163,1000.);
#485=VECTOR('',#3166,1000.);
#486=VECTOR('',#3169,1000.);
#487=VECTOR('',#3172,1000.);
#488=VECTOR('',#3173,1000.);
#489=VECTOR('',#3174,1000.);
#490=VECTOR('',#3175,1000.);
#491=VECTOR('',#3176,1000.);
#492=VECTOR('',#3177,1000.);
#493=VECTOR('',#3178,1000.);
#494=VECTOR('',#3179,1000.);
#495=VECTOR('',#3182,1000.);
#496=VECTOR('',#3183,1000.);
#497=VECTOR('',#3184,1000.);
#498=VECTOR('',#3187,1000.);
#499=VECTOR('',#3188,1000.);
#500=VECTOR('',#3189,1000.);
#501=VECTOR('',#3192,1000.);
#502=VECTOR('',#3193,1000.);
#503=VECTOR('',#3232,1000.);
#504=VECTOR('',#3233,1000.);
#505=VECTOR('',#3234,1000.);
#506=VECTOR('',#3237,1000.);
#507=VECTOR('',#3238,1000.);
#508=VECTOR('',#3239,1000.);
#509=VECTOR('',#3242,1000.);
#510=VECTOR('',#3245,1000.);
#511=VECTOR('',#3248,1000.);
#512=VECTOR('',#3253,1000.);
#513=VECTOR('',#3254,1000.);
#514=VECTOR('',#3255,1000.);
#515=VECTOR('',#3258,1000.);
#516=VECTOR('',#3261,1000.);
#517=VECTOR('',#3264,1000.);
#518=VECTOR('',#3265,1000.);
#519=VECTOR('',#3270,1000.);
#520=VECTOR('',#3271,1000.);
#521=VECTOR('',#3272,1000.);
#522=VECTOR('',#3275,1000.);
#523=VECTOR('',#3278,1000.);
#524=VECTOR('',#3279,1000.);
#525=VECTOR('',#3280,1000.);
#526=VECTOR('',#3281,1000.);
#527=VECTOR('',#3284,1000.);
#528=VECTOR('',#3285,1000.);
#529=VECTOR('',#3286,1000.);
#530=VECTOR('',#3289,1000.);
#531=VECTOR('',#3290,1000.);
#532=VECTOR('',#3291,1000.);
#533=VECTOR('',#3310,1000.);
#534=VECTOR('',#3313,1000.);
#535=VECTOR('',#3314,1000.);
#536=VECTOR('',#3315,1000.);
#537=VECTOR('',#3318,1000.);
#538=VECTOR('',#3323,1000.);
#539=VECTOR('',#3330,1000.);
#540=VECTOR('',#3335,1000.);
#541=VECTOR('',#3338,1000.);
#542=VECTOR('',#3343,1000.);
#543=VECTOR('',#3346,1000.);
#544=VECTOR('',#3347,1000.);
#545=VECTOR('',#3350,1000.);
#546=VECTOR('',#3355,1000.);
#547=VECTOR('',#3396,1000.);
#548=VECTOR('',#3407,1000.);
#549=VECTOR('',#3408,1000.);
#550=VECTOR('',#3411,1000.);
#551=VECTOR('',#3412,1000.);
#552=VECTOR('',#3523,1000.);
#553=VECTOR('',#3524,1000.);
#554=VECTOR('',#3527,1000.);
#555=VECTOR('',#3530,1000.);
#556=VECTOR('',#3533,1000.);
#557=VECTOR('',#3536,1000.);
#558=VECTOR('',#3539,1000.);
#559=VECTOR('',#3542,1000.);
#560=VECTOR('',#3545,1000.);
#561=VECTOR('',#3548,1000.);
#562=VECTOR('',#3551,1000.);
#563=VECTOR('',#3554,1000.);
#564=VECTOR('',#3557,1000.);
#565=VECTOR('',#3560,1000.);
#566=VECTOR('',#3563,1000.);
#567=VECTOR('',#3566,1000.);
#568=VECTOR('',#3569,1000.);
#569=VECTOR('',#3572,1000.);
#570=VECTOR('',#3575,1000.);
#571=VECTOR('',#3578,1000.);
#572=VECTOR('',#3581,1000.);
#573=VECTOR('',#3584,1000.);
#574=VECTOR('',#3587,1000.);
#575=VECTOR('',#3590,1000.);
#576=VECTOR('',#3593,1000.);
#577=VECTOR('',#3596,1000.);
#578=PLANE('',#2683);
#579=PLANE('',#2684);
#580=PLANE('',#2686);
#581=PLANE('',#2687);
#582=PLANE('',#2693);
#583=PLANE('',#2698);
#584=PLANE('',#2700);
#585=PLANE('',#2703);
#586=PLANE('',#2705);
#587=PLANE('',#2707);
#588=PLANE('',#2713);
#589=PLANE('',#2716);
#590=PLANE('',#2718);
#591=PLANE('',#2719);
#592=PLANE('',#2723);
#593=PLANE('',#2736);
#594=PLANE('',#2737);
#595=PLANE('',#2738);
#596=PLANE('',#2739);
#597=PLANE('',#2743);
#598=PLANE('',#2749);
#599=PLANE('',#2757);
#600=PLANE('',#2758);
#601=PLANE('',#2759);
#602=PLANE('',#2760);
#603=PLANE('',#2764);
#604=PLANE('',#2765);
#605=PLANE('',#2769);
#606=PLANE('',#2770);
#607=PLANE('',#2772);
#608=PLANE('',#2773);
#609=PLANE('',#2774);
#610=PLANE('',#2775);
#611=PLANE('',#2782);
#612=PLANE('',#2784);
#613=PLANE('',#2790);
#614=PLANE('',#2794);
#615=PLANE('',#2796);
#616=PLANE('',#2797);
#617=PLANE('',#2823);
#618=PLANE('',#2824);
#619=PLANE('',#2880);
#620=PLANE('',#2881);
#621=PLANE('',#2884);
#622=PLANE('',#2885);
#623=PLANE('',#2888);
#624=PLANE('',#2889);
#625=PLANE('',#2891);
#626=PLANE('',#2892);
#627=PLANE('',#2893);
#628=PLANE('',#2896);
#629=PLANE('',#2897);
#630=PLANE('',#2900);
#631=PLANE('',#2901);
#632=PLANE('',#2904);
#633=PLANE('',#2947);
#634=PLANE('',#2948);
#635=PLANE('',#2949);
#636=ELLIPSE('',#2679,5.44472221513642,3.85);
#637=ELLIPSE('',#2680,5.44472221513642,3.85);
#638=ELLIPSE('',#2681,4.790093944799,2.85);
#639=ELLIPSE('',#2682,5.44472221513641,3.85);
#640=ELLIPSE('',#2685,5.44472221513641,3.85);
#641=ELLIPSE('',#2694,1.93074430100085,1.6);
#642=ELLIPSE('',#2699,5.44472221513641,3.85);
#643=ELLIPSE('',#2717,1.9307443009953,1.6);
#644=ELLIPSE('',#2771,5.44472221513642,3.85);
#645=ELLIPSE('',#2783,2.08865166293164,1.6);
#646=ELLIPSE('',#2795,2.08865166292744,1.6);
#647=ELLIPSE('',#2805,0.282842712474619,0.2);
#648=ELLIPSE('',#2806,0.282842712474619,0.2);
#649=ELLIPSE('',#2808,0.282842712474619,0.2);
#650=ELLIPSE('',#2810,0.282842712474619,0.2);
#651=ELLIPSE('',#2814,0.282842712474619,0.2);
#652=ELLIPSE('',#2815,0.282842712474619,0.2);
#653=ELLIPSE('',#2817,0.282842712474619,0.2);
#654=ELLIPSE('',#2819,0.282842712474619,0.2);
#655=ELLIPSE('',#2835,4.79009394479898,2.85);
#656=ELLIPSE('',#2838,1.09463627850501,1.);
#657=ELLIPSE('',#2840,1.18703307256256,1.);
#658=ELLIPSE('',#2841,1.18703307256255,1.);
#659=ELLIPSE('',#2851,1.18703307256256,1.);
#660=ELLIPSE('',#2854,1.09463627850605,1.);
#661=ELLIPSE('',#2855,1.18703307256256,1.);
#662=ELLIPSE('',#2861,2.40883078879558,2.);
#663=ELLIPSE('',#2862,2.2732737529491,2.);
#664=ELLIPSE('',#2864,2.27327375294439,2.);
#665=ELLIPSE('',#2865,2.40883078879924,2.);
#666=ELLIPSE('',#2906,1.41421356237309,1.);
#667=ELLIPSE('',#2908,1.41421356237311,1.);
#668=ELLIPSE('',#2927,0.565685424949241,0.4);
#669=ELLIPSE('',#2946,0.565685424949241,0.4);
#670=ORIENTED_EDGE('',*,*,#1438,.F.);
#671=ORIENTED_EDGE('',*,*,#1439,.F.);
#672=ORIENTED_EDGE('',*,*,#1440,.F.);
#673=ORIENTED_EDGE('',*,*,#1441,.F.);
#674=ORIENTED_EDGE('',*,*,#1442,.F.);
#675=ORIENTED_EDGE('',*,*,#1443,.F.);
#676=ORIENTED_EDGE('',*,*,#1444,.T.);
#677=ORIENTED_EDGE('',*,*,#1445,.T.);
#678=ORIENTED_EDGE('',*,*,#1446,.F.);
#679=ORIENTED_EDGE('',*,*,#1447,.T.);
#680=ORIENTED_EDGE('',*,*,#1448,.T.);
#681=ORIENTED_EDGE('',*,*,#1449,.T.);
#682=ORIENTED_EDGE('',*,*,#1441,.T.);
#683=ORIENTED_EDGE('',*,*,#1450,.T.);
#684=ORIENTED_EDGE('',*,*,#1446,.T.);
#685=ORIENTED_EDGE('',*,*,#1451,.T.);
#686=ORIENTED_EDGE('',*,*,#1452,.T.);
#687=ORIENTED_EDGE('',*,*,#1453,.T.);
#688=ORIENTED_EDGE('',*,*,#1454,.T.);
#689=ORIENTED_EDGE('',*,*,#1455,.T.);
#690=ORIENTED_EDGE('',*,*,#1456,.T.);
#691=ORIENTED_EDGE('',*,*,#1457,.T.);
#692=ORIENTED_EDGE('',*,*,#1458,.T.);
#693=ORIENTED_EDGE('',*,*,#1459,.T.);
#694=ORIENTED_EDGE('',*,*,#1460,.T.);
#695=ORIENTED_EDGE('',*,*,#1461,.T.);
#696=ORIENTED_EDGE('',*,*,#1462,.T.);
#697=ORIENTED_EDGE('',*,*,#1463,.T.);
#698=ORIENTED_EDGE('',*,*,#1464,.F.);
#699=ORIENTED_EDGE('',*,*,#1465,.T.);
#700=ORIENTED_EDGE('',*,*,#1466,.T.);
#701=ORIENTED_EDGE('',*,*,#1467,.T.);
#702=ORIENTED_EDGE('',*,*,#1468,.T.);
#703=ORIENTED_EDGE('',*,*,#1469,.T.);
#704=ORIENTED_EDGE('',*,*,#1470,.T.);
#705=ORIENTED_EDGE('',*,*,#1471,.T.);
#706=ORIENTED_EDGE('',*,*,#1472,.T.);
#707=ORIENTED_EDGE('',*,*,#1473,.T.);
#708=ORIENTED_EDGE('',*,*,#1474,.T.);
#709=ORIENTED_EDGE('',*,*,#1475,.F.);
#710=ORIENTED_EDGE('',*,*,#1476,.T.);
#711=ORIENTED_EDGE('',*,*,#1477,.T.);
#712=ORIENTED_EDGE('',*,*,#1478,.T.);
#713=ORIENTED_EDGE('',*,*,#1479,.T.);
#714=ORIENTED_EDGE('',*,*,#1480,.T.);
#715=ORIENTED_EDGE('',*,*,#1481,.F.);
#716=ORIENTED_EDGE('',*,*,#1482,.T.);
#717=ORIENTED_EDGE('',*,*,#1483,.T.);
#718=ORIENTED_EDGE('',*,*,#1484,.F.);
#719=ORIENTED_EDGE('',*,*,#1485,.T.);
#720=ORIENTED_EDGE('',*,*,#1486,.F.);
#721=ORIENTED_EDGE('',*,*,#1487,.T.);
#722=ORIENTED_EDGE('',*,*,#1488,.T.);
#723=ORIENTED_EDGE('',*,*,#1489,.T.);
#724=ORIENTED_EDGE('',*,*,#1476,.F.);
#725=ORIENTED_EDGE('',*,*,#1490,.T.);
#726=ORIENTED_EDGE('',*,*,#1491,.T.);
#727=ORIENTED_EDGE('',*,*,#1492,.T.);
#728=ORIENTED_EDGE('',*,*,#1493,.T.);
#729=ORIENTED_EDGE('',*,*,#1494,.T.);
#730=ORIENTED_EDGE('',*,*,#1495,.T.);
#731=ORIENTED_EDGE('',*,*,#1496,.T.);
#732=ORIENTED_EDGE('',*,*,#1497,.T.);
#733=ORIENTED_EDGE('',*,*,#1498,.T.);
#734=ORIENTED_EDGE('',*,*,#1499,.T.);
#735=ORIENTED_EDGE('',*,*,#1500,.T.);
#736=ORIENTED_EDGE('',*,*,#1501,.F.);
#737=ORIENTED_EDGE('',*,*,#1502,.T.);
#738=ORIENTED_EDGE('',*,*,#1503,.T.);
#739=ORIENTED_EDGE('',*,*,#1504,.F.);
#740=ORIENTED_EDGE('',*,*,#1505,.T.);
#741=ORIENTED_EDGE('',*,*,#1506,.T.);
#742=ORIENTED_EDGE('',*,*,#1474,.F.);
#743=ORIENTED_EDGE('',*,*,#1507,.F.);
#744=ORIENTED_EDGE('',*,*,#1463,.F.);
#745=ORIENTED_EDGE('',*,*,#1508,.F.);
#746=ORIENTED_EDGE('',*,*,#1509,.T.);
#747=ORIENTED_EDGE('',*,*,#1484,.T.);
#748=ORIENTED_EDGE('',*,*,#1510,.T.);
#749=ORIENTED_EDGE('',*,*,#1486,.T.);
#750=ORIENTED_EDGE('',*,*,#1511,.T.);
#751=ORIENTED_EDGE('',*,*,#1512,.T.);
#752=ORIENTED_EDGE('',*,*,#1513,.T.);
#753=ORIENTED_EDGE('',*,*,#1514,.T.);
#754=ORIENTED_EDGE('',*,*,#1515,.T.);
#755=ORIENTED_EDGE('',*,*,#1516,.T.);
#756=ORIENTED_EDGE('',*,*,#1517,.T.);
#757=ORIENTED_EDGE('',*,*,#1518,.T.);
#758=ORIENTED_EDGE('',*,*,#1519,.T.);
#759=ORIENTED_EDGE('',*,*,#1520,.T.);
#760=ORIENTED_EDGE('',*,*,#1521,.T.);
#761=ORIENTED_EDGE('',*,*,#1522,.T.);
#762=ORIENTED_EDGE('',*,*,#1523,.T.);
#763=ORIENTED_EDGE('',*,*,#1524,.T.);
#764=ORIENTED_EDGE('',*,*,#1525,.T.);
#765=ORIENTED_EDGE('',*,*,#1526,.T.);
#766=ORIENTED_EDGE('',*,*,#1527,.T.);
#767=ORIENTED_EDGE('',*,*,#1528,.T.);
#768=ORIENTED_EDGE('',*,*,#1529,.T.);
#769=ORIENTED_EDGE('',*,*,#1530,.T.);
#770=ORIENTED_EDGE('',*,*,#1531,.T.);
#771=ORIENTED_EDGE('',*,*,#1532,.F.);
#772=ORIENTED_EDGE('',*,*,#1533,.T.);
#773=ORIENTED_EDGE('',*,*,#1534,.T.);
#774=ORIENTED_EDGE('',*,*,#1535,.T.);
#775=ORIENTED_EDGE('',*,*,#1536,.T.);
#776=ORIENTED_EDGE('',*,*,#1537,.T.);
#777=ORIENTED_EDGE('',*,*,#1538,.T.);
#778=ORIENTED_EDGE('',*,*,#1447,.F.);
#779=ORIENTED_EDGE('',*,*,#1539,.T.);
#780=ORIENTED_EDGE('',*,*,#1504,.T.);
#781=ORIENTED_EDGE('',*,*,#1540,.T.);
#782=ORIENTED_EDGE('',*,*,#1541,.T.);
#783=ORIENTED_EDGE('',*,*,#1542,.T.);
#784=ORIENTED_EDGE('',*,*,#1543,.T.);
#785=ORIENTED_EDGE('',*,*,#1544,.T.);
#786=ORIENTED_EDGE('',*,*,#1545,.T.);
#787=ORIENTED_EDGE('',*,*,#1546,.T.);
#788=ORIENTED_EDGE('',*,*,#1547,.T.);
#789=ORIENTED_EDGE('',*,*,#1548,.T.);
#790=ORIENTED_EDGE('',*,*,#1501,.T.);
#791=ORIENTED_EDGE('',*,*,#1549,.F.);
#792=ORIENTED_EDGE('',*,*,#1550,.T.);
#793=ORIENTED_EDGE('',*,*,#1551,.T.);
#794=ORIENTED_EDGE('',*,*,#1552,.T.);
#795=ORIENTED_EDGE('',*,*,#1553,.T.);
#796=ORIENTED_EDGE('',*,*,#1554,.F.);
#797=ORIENTED_EDGE('',*,*,#1555,.F.);
#798=ORIENTED_EDGE('',*,*,#1556,.F.);
#799=ORIENTED_EDGE('',*,*,#1557,.F.);
#800=ORIENTED_EDGE('',*,*,#1558,.T.);
#801=ORIENTED_EDGE('',*,*,#1559,.T.);
#802=ORIENTED_EDGE('',*,*,#1560,.T.);
#803=ORIENTED_EDGE('',*,*,#1561,.T.);
#804=ORIENTED_EDGE('',*,*,#1562,.T.);
#805=ORIENTED_EDGE('',*,*,#1563,.T.);
#806=ORIENTED_EDGE('',*,*,#1564,.T.);
#807=ORIENTED_EDGE('',*,*,#1565,.T.);
#808=ORIENTED_EDGE('',*,*,#1566,.T.);
#809=ORIENTED_EDGE('',*,*,#1567,.T.);
#810=ORIENTED_EDGE('',*,*,#1568,.T.);
#811=ORIENTED_EDGE('',*,*,#1569,.T.);
#812=ORIENTED_EDGE('',*,*,#1570,.T.);
#813=ORIENTED_EDGE('',*,*,#1571,.T.);
#814=ORIENTED_EDGE('',*,*,#1572,.T.);
#815=ORIENTED_EDGE('',*,*,#1573,.T.);
#816=ORIENTED_EDGE('',*,*,#1574,.T.);
#817=ORIENTED_EDGE('',*,*,#1575,.T.);
#818=ORIENTED_EDGE('',*,*,#1576,.T.);
#819=ORIENTED_EDGE('',*,*,#1577,.T.);
#820=ORIENTED_EDGE('',*,*,#1578,.T.);
#821=ORIENTED_EDGE('',*,*,#1579,.T.);
#822=ORIENTED_EDGE('',*,*,#1580,.T.);
#823=ORIENTED_EDGE('',*,*,#1581,.T.);
#824=ORIENTED_EDGE('',*,*,#1582,.T.);
#825=ORIENTED_EDGE('',*,*,#1583,.T.);
#826=ORIENTED_EDGE('',*,*,#1584,.T.);
#827=ORIENTED_EDGE('',*,*,#1585,.T.);
#828=ORIENTED_EDGE('',*,*,#1586,.T.);
#829=ORIENTED_EDGE('',*,*,#1587,.F.);
#830=ORIENTED_EDGE('',*,*,#1588,.T.);
#831=ORIENTED_EDGE('',*,*,#1589,.T.);
#832=ORIENTED_EDGE('',*,*,#1590,.T.);
#833=ORIENTED_EDGE('',*,*,#1591,.F.);
#834=ORIENTED_EDGE('',*,*,#1592,.T.);
#835=ORIENTED_EDGE('',*,*,#1593,.T.);
#836=ORIENTED_EDGE('',*,*,#1594,.F.);
#837=ORIENTED_EDGE('',*,*,#1595,.T.);
#838=ORIENTED_EDGE('',*,*,#1596,.T.);
#839=ORIENTED_EDGE('',*,*,#1597,.T.);
#840=ORIENTED_EDGE('',*,*,#1598,.T.);
#841=ORIENTED_EDGE('',*,*,#1599,.F.);
#842=ORIENTED_EDGE('',*,*,#1600,.T.);
#843=ORIENTED_EDGE('',*,*,#1594,.T.);
#844=ORIENTED_EDGE('',*,*,#1601,.T.);
#845=ORIENTED_EDGE('',*,*,#1599,.T.);
#846=ORIENTED_EDGE('',*,*,#1602,.T.);
#847=ORIENTED_EDGE('',*,*,#1603,.F.);
#848=ORIENTED_EDGE('',*,*,#1604,.T.);
#849=ORIENTED_EDGE('',*,*,#1596,.F.);
#850=ORIENTED_EDGE('',*,*,#1605,.T.);
#851=ORIENTED_EDGE('',*,*,#1603,.T.);
#852=ORIENTED_EDGE('',*,*,#1606,.T.);
#853=ORIENTED_EDGE('',*,*,#1607,.T.);
#854=ORIENTED_EDGE('',*,*,#1608,.T.);
#855=ORIENTED_EDGE('',*,*,#1609,.T.);
#856=ORIENTED_EDGE('',*,*,#1608,.F.);
#857=ORIENTED_EDGE('',*,*,#1609,.F.);
#858=ORIENTED_EDGE('',*,*,#1554,.T.);
#859=ORIENTED_EDGE('',*,*,#1610,.T.);
#860=ORIENTED_EDGE('',*,*,#1611,.T.);
#861=ORIENTED_EDGE('',*,*,#1612,.T.);
#862=ORIENTED_EDGE('',*,*,#1611,.F.);
#863=ORIENTED_EDGE('',*,*,#1612,.F.);
#864=ORIENTED_EDGE('',*,*,#1555,.T.);
#865=ORIENTED_EDGE('',*,*,#1613,.T.);
#866=ORIENTED_EDGE('',*,*,#1614,.T.);
#867=ORIENTED_EDGE('',*,*,#1615,.F.);
#868=ORIENTED_EDGE('',*,*,#1556,.T.);
#869=ORIENTED_EDGE('',*,*,#1615,.T.);
#870=ORIENTED_EDGE('',*,*,#1614,.F.);
#871=ORIENTED_EDGE('',*,*,#1616,.T.);
#872=ORIENTED_EDGE('',*,*,#1617,.T.);
#873=ORIENTED_EDGE('',*,*,#1557,.T.);
#874=ORIENTED_EDGE('',*,*,#1618,.T.);
#875=ORIENTED_EDGE('',*,*,#1559,.F.);
#876=ORIENTED_EDGE('',*,*,#1619,.T.);
#877=ORIENTED_EDGE('',*,*,#1620,.T.);
#878=ORIENTED_EDGE('',*,*,#1621,.T.);
#879=ORIENTED_EDGE('',*,*,#1622,.F.);
#880=ORIENTED_EDGE('',*,*,#1623,.T.);
#881=ORIENTED_EDGE('',*,*,#1624,.T.);
#882=ORIENTED_EDGE('',*,*,#1625,.T.);
#883=ORIENTED_EDGE('',*,*,#1455,.F.);
#884=ORIENTED_EDGE('',*,*,#1626,.T.);
#885=ORIENTED_EDGE('',*,*,#1508,.T.);
#886=ORIENTED_EDGE('',*,*,#1462,.F.);
#887=ORIENTED_EDGE('',*,*,#1627,.T.);
#888=ORIENTED_EDGE('',*,*,#1628,.T.);
#889=ORIENTED_EDGE('',*,*,#1629,.T.);
#890=ORIENTED_EDGE('',*,*,#1630,.T.);
#891=ORIENTED_EDGE('',*,*,#1622,.T.);
#892=ORIENTED_EDGE('',*,*,#1631,.T.);
#893=ORIENTED_EDGE('',*,*,#1632,.T.);
#894=ORIENTED_EDGE('',*,*,#1633,.T.);
#895=ORIENTED_EDGE('',*,*,#1634,.T.);
#896=ORIENTED_EDGE('',*,*,#1549,.T.);
#897=ORIENTED_EDGE('',*,*,#1506,.F.);
#898=ORIENTED_EDGE('',*,*,#1635,.T.);
#899=ORIENTED_EDGE('',*,*,#1636,.T.);
#900=ORIENTED_EDGE('',*,*,#1637,.T.);
#901=ORIENTED_EDGE('',*,*,#1638,.T.);
#902=ORIENTED_EDGE('',*,*,#1639,.T.);
#903=ORIENTED_EDGE('',*,*,#1640,.T.);
#904=ORIENTED_EDGE('',*,*,#1633,.F.);
#905=ORIENTED_EDGE('',*,*,#1439,.T.);
#906=ORIENTED_EDGE('',*,*,#1641,.T.);
#907=ORIENTED_EDGE('',*,*,#1642,.T.);
#908=ORIENTED_EDGE('',*,*,#1643,.T.);
#909=ORIENTED_EDGE('',*,*,#1644,.T.);
#910=ORIENTED_EDGE('',*,*,#1645,.T.);
#911=ORIENTED_EDGE('',*,*,#1646,.T.);
#912=ORIENTED_EDGE('',*,*,#1636,.F.);
#913=ORIENTED_EDGE('',*,*,#1647,.T.);
#914=ORIENTED_EDGE('',*,*,#1648,.T.);
#915=ORIENTED_EDGE('',*,*,#1649,.T.);
#916=ORIENTED_EDGE('',*,*,#1650,.T.);
#917=ORIENTED_EDGE('',*,*,#1631,.F.);
#918=ORIENTED_EDGE('',*,*,#1651,.T.);
#919=ORIENTED_EDGE('',*,*,#1652,.T.);
#920=ORIENTED_EDGE('',*,*,#1653,.T.);
#921=ORIENTED_EDGE('',*,*,#1624,.F.);
#922=ORIENTED_EDGE('',*,*,#1635,.F.);
#923=ORIENTED_EDGE('',*,*,#1505,.F.);
#924=ORIENTED_EDGE('',*,*,#1539,.F.);
#925=ORIENTED_EDGE('',*,*,#1450,.F.);
#926=ORIENTED_EDGE('',*,*,#1440,.T.);
#927=ORIENTED_EDGE('',*,*,#1647,.F.);
#928=ORIENTED_EDGE('',*,*,#1485,.F.);
#929=ORIENTED_EDGE('',*,*,#1509,.F.);
#930=ORIENTED_EDGE('',*,*,#1626,.F.);
#931=ORIENTED_EDGE('',*,*,#1454,.F.);
#932=ORIENTED_EDGE('',*,*,#1654,.T.);
#933=ORIENTED_EDGE('',*,*,#1490,.F.);
#934=ORIENTED_EDGE('',*,*,#1655,.T.);
#935=ORIENTED_EDGE('',*,*,#1656,.T.);
#936=ORIENTED_EDGE('',*,*,#1534,.F.);
#937=ORIENTED_EDGE('',*,*,#1657,.T.);
#938=ORIENTED_EDGE('',*,*,#1481,.T.);
#939=ORIENTED_EDGE('',*,*,#1532,.T.);
#940=ORIENTED_EDGE('',*,*,#1658,.T.);
#941=ORIENTED_EDGE('',*,*,#1659,.T.);
#942=ORIENTED_EDGE('',*,*,#1542,.F.);
#943=ORIENTED_EDGE('',*,*,#1660,.T.);
#944=ORIENTED_EDGE('',*,*,#1661,.T.);
#945=ORIENTED_EDGE('',*,*,#1662,.T.);
#946=ORIENTED_EDGE('',*,*,#1663,.T.);
#947=ORIENTED_EDGE('',*,*,#1664,.F.);
#948=ORIENTED_EDGE('',*,*,#1665,.F.);
#949=ORIENTED_EDGE('',*,*,#1449,.F.);
#950=ORIENTED_EDGE('',*,*,#1666,.T.);
#951=ORIENTED_EDGE('',*,*,#1667,.T.);
#952=ORIENTED_EDGE('',*,*,#1665,.T.);
#953=ORIENTED_EDGE('',*,*,#1668,.T.);
#954=ORIENTED_EDGE('',*,*,#1669,.T.);
#955=ORIENTED_EDGE('',*,*,#1670,.T.);
#956=ORIENTED_EDGE('',*,*,#1641,.F.);
#957=ORIENTED_EDGE('',*,*,#1438,.T.);
#958=ORIENTED_EDGE('',*,*,#1671,.T.);
#959=ORIENTED_EDGE('',*,*,#1442,.T.);
#960=ORIENTED_EDGE('',*,*,#1475,.T.);
#961=ORIENTED_EDGE('',*,*,#1664,.T.);
#962=ORIENTED_EDGE('',*,*,#1672,.T.);
#963=ORIENTED_EDGE('',*,*,#1673,.T.);
#964=ORIENTED_EDGE('',*,*,#1674,.F.);
#965=ORIENTED_EDGE('',*,*,#1668,.F.);
#966=ORIENTED_EDGE('',*,*,#1675,.T.);
#967=ORIENTED_EDGE('',*,*,#1676,.T.);
#968=ORIENTED_EDGE('',*,*,#1669,.F.);
#969=ORIENTED_EDGE('',*,*,#1674,.T.);
#970=ORIENTED_EDGE('',*,*,#1677,.T.);
#971=ORIENTED_EDGE('',*,*,#1678,.T.);
#972=ORIENTED_EDGE('',*,*,#1679,.T.);
#973=ORIENTED_EDGE('',*,*,#1680,.F.);
#974=ORIENTED_EDGE('',*,*,#1681,.F.);
#975=ORIENTED_EDGE('',*,*,#1680,.T.);
#976=ORIENTED_EDGE('',*,*,#1682,.T.);
#977=ORIENTED_EDGE('',*,*,#1683,.T.);
#978=ORIENTED_EDGE('',*,*,#1684,.T.);
#979=ORIENTED_EDGE('',*,*,#1685,.T.);
#980=ORIENTED_EDGE('',*,*,#1686,.T.);
#981=ORIENTED_EDGE('',*,*,#1687,.T.);
#982=ORIENTED_EDGE('',*,*,#1688,.T.);
#983=ORIENTED_EDGE('',*,*,#1677,.F.);
#984=ORIENTED_EDGE('',*,*,#1689,.T.);
#985=ORIENTED_EDGE('',*,*,#1690,.T.);
#986=ORIENTED_EDGE('',*,*,#1488,.F.);
#987=ORIENTED_EDGE('',*,*,#1691,.T.);
#988=ORIENTED_EDGE('',*,*,#1692,.T.);
#989=ORIENTED_EDGE('',*,*,#1693,.T.);
#990=ORIENTED_EDGE('',*,*,#1452,.F.);
#991=ORIENTED_EDGE('',*,*,#1694,.T.);
#992=ORIENTED_EDGE('',*,*,#1686,.F.);
#993=ORIENTED_EDGE('',*,*,#1681,.T.);
#994=ORIENTED_EDGE('',*,*,#1685,.F.);
#995=ORIENTED_EDGE('',*,*,#1487,.F.);
#996=ORIENTED_EDGE('',*,*,#1461,.F.);
#997=ORIENTED_EDGE('',*,*,#1695,.T.);
#998=ORIENTED_EDGE('',*,*,#1628,.F.);
#999=ORIENTED_EDGE('',*,*,#1627,.F.);
#1000=ORIENTED_EDGE('',*,*,#1640,.F.);
#1001=ORIENTED_EDGE('',*,*,#1696,.T.);
#1002=ORIENTED_EDGE('',*,*,#1545,.F.);
#1003=ORIENTED_EDGE('',*,*,#1634,.F.);
#1004=ORIENTED_EDGE('',*,*,#1697,.F.);
#1005=ORIENTED_EDGE('',*,*,#1605,.F.);
#1006=ORIENTED_EDGE('',*,*,#1698,.F.);
#1007=ORIENTED_EDGE('',*,*,#1552,.F.);
#1008=ORIENTED_EDGE('',*,*,#1698,.T.);
#1009=ORIENTED_EDGE('',*,*,#1595,.F.);
#1010=ORIENTED_EDGE('',*,*,#1699,.F.);
#1011=ORIENTED_EDGE('',*,*,#1553,.F.);
#1012=ORIENTED_EDGE('',*,*,#1697,.T.);
#1013=ORIENTED_EDGE('',*,*,#1551,.F.);
#1014=ORIENTED_EDGE('',*,*,#1700,.F.);
#1015=ORIENTED_EDGE('',*,*,#1604,.F.);
#1016=ORIENTED_EDGE('',*,*,#1699,.T.);
#1017=ORIENTED_EDGE('',*,*,#1600,.F.);
#1018=ORIENTED_EDGE('',*,*,#1700,.T.);
#1019=ORIENTED_EDGE('',*,*,#1550,.F.);
#1020=ORIENTED_EDGE('',*,*,#1613,.F.);
#1021=ORIENTED_EDGE('',*,*,#1516,.F.);
#1022=ORIENTED_EDGE('',*,*,#1701,.F.);
#1023=ORIENTED_EDGE('',*,*,#1702,.F.);
#1024=ORIENTED_EDGE('',*,*,#1606,.F.);
#1025=ORIENTED_EDGE('',*,*,#1703,.F.);
#1026=ORIENTED_EDGE('',*,*,#1518,.F.);
#1027=ORIENTED_EDGE('',*,*,#1703,.T.);
#1028=ORIENTED_EDGE('',*,*,#1602,.F.);
#1029=ORIENTED_EDGE('',*,*,#1704,.F.);
#1030=ORIENTED_EDGE('',*,*,#1513,.F.);
#1031=ORIENTED_EDGE('',*,*,#1593,.F.);
#1032=ORIENTED_EDGE('',*,*,#1705,.T.);
#1033=ORIENTED_EDGE('',*,*,#1706,.T.);
#1034=ORIENTED_EDGE('',*,*,#1707,.T.);
#1035=ORIENTED_EDGE('',*,*,#1597,.F.);
#1036=ORIENTED_EDGE('',*,*,#1702,.T.);
#1037=ORIENTED_EDGE('',*,*,#1517,.F.);
#1038=ORIENTED_EDGE('',*,*,#1701,.T.);
#1039=ORIENTED_EDGE('',*,*,#1515,.F.);
#1040=ORIENTED_EDGE('',*,*,#1708,.F.);
#1041=ORIENTED_EDGE('',*,*,#1704,.T.);
#1042=ORIENTED_EDGE('',*,*,#1601,.F.);
#1043=ORIENTED_EDGE('',*,*,#1708,.T.);
#1044=ORIENTED_EDGE('',*,*,#1514,.F.);
#1045=ORIENTED_EDGE('',*,*,#1511,.F.);
#1046=ORIENTED_EDGE('',*,*,#1610,.F.);
#1047=ORIENTED_EDGE('',*,*,#1512,.F.);
#1048=ORIENTED_EDGE('',*,*,#1607,.F.);
#1049=ORIENTED_EDGE('',*,*,#1548,.F.);
#1050=ORIENTED_EDGE('',*,*,#1709,.T.);
#1051=ORIENTED_EDGE('',*,*,#1710,.T.);
#1052=ORIENTED_EDGE('',*,*,#1502,.F.);
#1053=ORIENTED_EDGE('',*,*,#1711,.T.);
#1054=ORIENTED_EDGE('',*,*,#1712,.T.);
#1055=ORIENTED_EDGE('',*,*,#1464,.T.);
#1056=ORIENTED_EDGE('',*,*,#1507,.T.);
#1057=ORIENTED_EDGE('',*,*,#1483,.F.);
#1058=ORIENTED_EDGE('',*,*,#1713,.T.);
#1059=ORIENTED_EDGE('',*,*,#1711,.F.);
#1060=ORIENTED_EDGE('',*,*,#1510,.F.);
#1061=ORIENTED_EDGE('',*,*,#1710,.F.);
#1062=ORIENTED_EDGE('',*,*,#1714,.T.);
#1063=ORIENTED_EDGE('',*,*,#1540,.F.);
#1064=ORIENTED_EDGE('',*,*,#1503,.F.);
#1065=ORIENTED_EDGE('',*,*,#1653,.F.);
#1066=ORIENTED_EDGE('',*,*,#1715,.T.);
#1067=ORIENTED_EDGE('',*,*,#1456,.F.);
#1068=ORIENTED_EDGE('',*,*,#1625,.F.);
#1069=ORIENTED_EDGE('',*,*,#1646,.F.);
#1070=ORIENTED_EDGE('',*,*,#1716,.T.);
#1071=ORIENTED_EDGE('',*,*,#1648,.F.);
#1072=ORIENTED_EDGE('',*,*,#1637,.F.);
#1073=ORIENTED_EDGE('',*,*,#1671,.F.);
#1074=ORIENTED_EDGE('',*,*,#1443,.T.);
#1075=ORIENTED_EDGE('',*,*,#1692,.F.);
#1076=ORIENTED_EDGE('',*,*,#1717,.T.);
#1077=ORIENTED_EDGE('',*,*,#1453,.F.);
#1078=ORIENTED_EDGE('',*,*,#1693,.F.);
#1079=ORIENTED_EDGE('',*,*,#1717,.F.);
#1080=ORIENTED_EDGE('',*,*,#1691,.F.);
#1081=ORIENTED_EDGE('',*,*,#1491,.F.);
#1082=ORIENTED_EDGE('',*,*,#1654,.F.);
#1083=ORIENTED_EDGE('',*,*,#1643,.F.);
#1084=ORIENTED_EDGE('',*,*,#1718,.T.);
#1085=ORIENTED_EDGE('',*,*,#1719,.T.);
#1086=ORIENTED_EDGE('',*,*,#1547,.F.);
#1087=ORIENTED_EDGE('',*,*,#1720,.T.);
#1088=ORIENTED_EDGE('',*,*,#1519,.F.);
#1089=ORIENTED_EDGE('',*,*,#1721,.F.);
#1090=ORIENTED_EDGE('',*,*,#1721,.T.);
#1091=ORIENTED_EDGE('',*,*,#1528,.F.);
#1092=ORIENTED_EDGE('',*,*,#1722,.F.);
#1093=ORIENTED_EDGE('',*,*,#1709,.F.);
#1094=ORIENTED_EDGE('',*,*,#1714,.F.);
#1095=ORIENTED_EDGE('',*,*,#1722,.T.);
#1096=ORIENTED_EDGE('',*,*,#1723,.F.);
#1097=ORIENTED_EDGE('',*,*,#1723,.T.);
#1098=ORIENTED_EDGE('',*,*,#1527,.F.);
#1099=ORIENTED_EDGE('',*,*,#1724,.F.);
#1100=ORIENTED_EDGE('',*,*,#1541,.F.);
#1101=ORIENTED_EDGE('',*,*,#1724,.T.);
#1102=ORIENTED_EDGE('',*,*,#1526,.F.);
#1103=ORIENTED_EDGE('',*,*,#1725,.F.);
#1104=ORIENTED_EDGE('',*,*,#1660,.F.);
#1105=ORIENTED_EDGE('',*,*,#1725,.T.);
#1106=ORIENTED_EDGE('',*,*,#1525,.F.);
#1107=ORIENTED_EDGE('',*,*,#1726,.F.);
#1108=ORIENTED_EDGE('',*,*,#1533,.F.);
#1109=ORIENTED_EDGE('',*,*,#1726,.T.);
#1110=ORIENTED_EDGE('',*,*,#1524,.F.);
#1111=ORIENTED_EDGE('',*,*,#1727,.F.);
#1112=ORIENTED_EDGE('',*,*,#1657,.F.);
#1113=ORIENTED_EDGE('',*,*,#1727,.T.);
#1114=ORIENTED_EDGE('',*,*,#1523,.F.);
#1115=ORIENTED_EDGE('',*,*,#1728,.F.);
#1116=ORIENTED_EDGE('',*,*,#1482,.F.);
#1117=ORIENTED_EDGE('',*,*,#1521,.F.);
#1118=ORIENTED_EDGE('',*,*,#1729,.T.);
#1119=ORIENTED_EDGE('',*,*,#1459,.F.);
#1120=ORIENTED_EDGE('',*,*,#1730,.F.);
#1121=ORIENTED_EDGE('',*,*,#1713,.F.);
#1122=ORIENTED_EDGE('',*,*,#1728,.T.);
#1123=ORIENTED_EDGE('',*,*,#1731,.F.);
#1124=ORIENTED_EDGE('',*,*,#1730,.T.);
#1125=ORIENTED_EDGE('',*,*,#1712,.F.);
#1126=ORIENTED_EDGE('',*,*,#1731,.T.);
#1127=ORIENTED_EDGE('',*,*,#1522,.F.);
#1128=ORIENTED_EDGE('',*,*,#1458,.F.);
#1129=ORIENTED_EDGE('',*,*,#1732,.T.);
#1130=ORIENTED_EDGE('',*,*,#1468,.F.);
#1131=ORIENTED_EDGE('',*,*,#1733,.F.);
#1132=ORIENTED_EDGE('',*,*,#1734,.T.);
#1133=ORIENTED_EDGE('',*,*,#1735,.T.);
#1134=ORIENTED_EDGE('',*,*,#1444,.F.);
#1135=ORIENTED_EDGE('',*,*,#1733,.T.);
#1136=ORIENTED_EDGE('',*,*,#1467,.F.);
#1137=ORIENTED_EDGE('',*,*,#1736,.T.);
#1138=ORIENTED_EDGE('',*,*,#1737,.T.);
#1139=ORIENTED_EDGE('',*,*,#1473,.F.);
#1140=ORIENTED_EDGE('',*,*,#1738,.T.);
#1141=ORIENTED_EDGE('',*,*,#1739,.T.);
#1142=ORIENTED_EDGE('',*,*,#1740,.T.);
#1143=ORIENTED_EDGE('',*,*,#1741,.T.);
#1144=ORIENTED_EDGE('',*,*,#1742,.T.);
#1145=ORIENTED_EDGE('',*,*,#1500,.F.);
#1146=ORIENTED_EDGE('',*,*,#1743,.T.);
#1147=ORIENTED_EDGE('',*,*,#1744,.T.);
#1148=ORIENTED_EDGE('',*,*,#1745,.T.);
#1149=ORIENTED_EDGE('',*,*,#1496,.F.);
#1150=ORIENTED_EDGE('',*,*,#1746,.T.);
#1151=ORIENTED_EDGE('',*,*,#1644,.F.);
#1152=ORIENTED_EDGE('',*,*,#1747,.F.);
#1153=ORIENTED_EDGE('',*,*,#1719,.F.);
#1154=ORIENTED_EDGE('',*,*,#1748,.T.);
#1155=ORIENTED_EDGE('',*,*,#1749,.T.);
#1156=ORIENTED_EDGE('',*,*,#1497,.F.);
#1157=ORIENTED_EDGE('',*,*,#1747,.T.);
#1158=ORIENTED_EDGE('',*,*,#1750,.T.);
#1159=ORIENTED_EDGE('',*,*,#1751,.T.);
#1160=ORIENTED_EDGE('',*,*,#1616,.F.);
#1161=ORIENTED_EDGE('',*,*,#1752,.T.);
#1162=ORIENTED_EDGE('',*,*,#1494,.F.);
#1163=ORIENTED_EDGE('',*,*,#1620,.F.);
#1164=ORIENTED_EDGE('',*,*,#1753,.T.);
#1165=ORIENTED_EDGE('',*,*,#1754,.T.);
#1166=ORIENTED_EDGE('',*,*,#1470,.F.);
#1167=ORIENTED_EDGE('',*,*,#1755,.T.);
#1168=ORIENTED_EDGE('',*,*,#1650,.F.);
#1169=ORIENTED_EDGE('',*,*,#1756,.T.);
#1170=ORIENTED_EDGE('',*,*,#1638,.F.);
#1171=ORIENTED_EDGE('',*,*,#1632,.F.);
#1172=ORIENTED_EDGE('',*,*,#1630,.F.);
#1173=ORIENTED_EDGE('',*,*,#1757,.T.);
#1174=ORIENTED_EDGE('',*,*,#1651,.F.);
#1175=ORIENTED_EDGE('',*,*,#1623,.F.);
#1176=ORIENTED_EDGE('',*,*,#1758,.F.);
#1177=ORIENTED_EDGE('',*,*,#1715,.F.);
#1178=ORIENTED_EDGE('',*,*,#1759,.F.);
#1179=ORIENTED_EDGE('',*,*,#1575,.F.);
#1180=ORIENTED_EDGE('',*,*,#1759,.T.);
#1181=ORIENTED_EDGE('',*,*,#1652,.F.);
#1182=ORIENTED_EDGE('',*,*,#1760,.F.);
#1183=ORIENTED_EDGE('',*,*,#1576,.F.);
#1184=ORIENTED_EDGE('',*,*,#1758,.T.);
#1185=ORIENTED_EDGE('',*,*,#1574,.F.);
#1186=ORIENTED_EDGE('',*,*,#1761,.F.);
#1187=ORIENTED_EDGE('',*,*,#1457,.F.);
#1188=ORIENTED_EDGE('',*,*,#1760,.T.);
#1189=ORIENTED_EDGE('',*,*,#1757,.F.);
#1190=ORIENTED_EDGE('',*,*,#1762,.F.);
#1191=ORIENTED_EDGE('',*,*,#1577,.F.);
#1192=ORIENTED_EDGE('',*,*,#1761,.T.);
#1193=ORIENTED_EDGE('',*,*,#1573,.F.);
#1194=ORIENTED_EDGE('',*,*,#1763,.F.);
#1195=ORIENTED_EDGE('',*,*,#1732,.F.);
#1196=ORIENTED_EDGE('',*,*,#1762,.T.);
#1197=ORIENTED_EDGE('',*,*,#1629,.F.);
#1198=ORIENTED_EDGE('',*,*,#1764,.F.);
#1199=ORIENTED_EDGE('',*,*,#1578,.F.);
#1200=ORIENTED_EDGE('',*,*,#1763,.T.);
#1201=ORIENTED_EDGE('',*,*,#1572,.F.);
#1202=ORIENTED_EDGE('',*,*,#1765,.F.);
#1203=ORIENTED_EDGE('',*,*,#1469,.F.);
#1204=ORIENTED_EDGE('',*,*,#1764,.T.);
#1205=ORIENTED_EDGE('',*,*,#1695,.F.);
#1206=ORIENTED_EDGE('',*,*,#1766,.F.);
#1207=ORIENTED_EDGE('',*,*,#1579,.F.);
#1208=ORIENTED_EDGE('',*,*,#1765,.T.);
#1209=ORIENTED_EDGE('',*,*,#1571,.F.);
#1210=ORIENTED_EDGE('',*,*,#1767,.F.);
#1211=ORIENTED_EDGE('',*,*,#1755,.F.);
#1212=ORIENTED_EDGE('',*,*,#1766,.T.);
#1213=ORIENTED_EDGE('',*,*,#1460,.F.);
#1214=ORIENTED_EDGE('',*,*,#1768,.F.);
#1215=ORIENTED_EDGE('',*,*,#1580,.F.);
#1216=ORIENTED_EDGE('',*,*,#1767,.T.);
#1217=ORIENTED_EDGE('',*,*,#1570,.F.);
#1218=ORIENTED_EDGE('',*,*,#1769,.F.);
#1219=ORIENTED_EDGE('',*,*,#1621,.F.);
#1220=ORIENTED_EDGE('',*,*,#1768,.T.);
#1221=ORIENTED_EDGE('',*,*,#1729,.F.);
#1222=ORIENTED_EDGE('',*,*,#1770,.F.);
#1223=ORIENTED_EDGE('',*,*,#1581,.F.);
#1224=ORIENTED_EDGE('',*,*,#1769,.T.);
#1225=ORIENTED_EDGE('',*,*,#1569,.F.);
#1226=ORIENTED_EDGE('',*,*,#1771,.F.);
#1227=ORIENTED_EDGE('',*,*,#1560,.F.);
#1228=ORIENTED_EDGE('',*,*,#1770,.T.);
#1229=ORIENTED_EDGE('',*,*,#1520,.F.);
#1230=ORIENTED_EDGE('',*,*,#1772,.F.);
#1231=ORIENTED_EDGE('',*,*,#1582,.F.);
#1232=ORIENTED_EDGE('',*,*,#1771,.T.);
#1233=ORIENTED_EDGE('',*,*,#1568,.F.);
#1234=ORIENTED_EDGE('',*,*,#1773,.F.);
#1235=ORIENTED_EDGE('',*,*,#1618,.F.);
#1236=ORIENTED_EDGE('',*,*,#1772,.T.);
#1237=ORIENTED_EDGE('',*,*,#1720,.F.);
#1238=ORIENTED_EDGE('',*,*,#1774,.F.);
#1239=ORIENTED_EDGE('',*,*,#1583,.F.);
#1240=ORIENTED_EDGE('',*,*,#1773,.T.);
#1241=ORIENTED_EDGE('',*,*,#1567,.F.);
#1242=ORIENTED_EDGE('',*,*,#1775,.F.);
#1243=ORIENTED_EDGE('',*,*,#1752,.F.);
#1244=ORIENTED_EDGE('',*,*,#1774,.T.);
#1245=ORIENTED_EDGE('',*,*,#1546,.F.);
#1246=ORIENTED_EDGE('',*,*,#1776,.F.);
#1247=ORIENTED_EDGE('',*,*,#1584,.F.);
#1248=ORIENTED_EDGE('',*,*,#1775,.T.);
#1249=ORIENTED_EDGE('',*,*,#1566,.F.);
#1250=ORIENTED_EDGE('',*,*,#1777,.F.);
#1251=ORIENTED_EDGE('',*,*,#1495,.F.);
#1252=ORIENTED_EDGE('',*,*,#1776,.T.);
#1253=ORIENTED_EDGE('',*,*,#1696,.F.);
#1254=ORIENTED_EDGE('',*,*,#1778,.F.);
#1255=ORIENTED_EDGE('',*,*,#1585,.F.);
#1256=ORIENTED_EDGE('',*,*,#1777,.T.);
#1257=ORIENTED_EDGE('',*,*,#1565,.F.);
#1258=ORIENTED_EDGE('',*,*,#1779,.F.);
#1259=ORIENTED_EDGE('',*,*,#1746,.F.);
#1260=ORIENTED_EDGE('',*,*,#1778,.T.);
#1261=ORIENTED_EDGE('',*,*,#1639,.F.);
#1262=ORIENTED_EDGE('',*,*,#1780,.F.);
#1263=ORIENTED_EDGE('',*,*,#1586,.F.);
#1264=ORIENTED_EDGE('',*,*,#1779,.T.);
#1265=ORIENTED_EDGE('',*,*,#1564,.F.);
#1266=ORIENTED_EDGE('',*,*,#1781,.F.);
#1267=ORIENTED_EDGE('',*,*,#1645,.F.);
#1268=ORIENTED_EDGE('',*,*,#1780,.T.);
#1269=ORIENTED_EDGE('',*,*,#1756,.F.);
#1270=ORIENTED_EDGE('',*,*,#1782,.F.);
#1271=ORIENTED_EDGE('',*,*,#1561,.F.);
#1272=ORIENTED_EDGE('',*,*,#1781,.T.);
#1273=ORIENTED_EDGE('',*,*,#1563,.F.);
#1274=ORIENTED_EDGE('',*,*,#1783,.F.);
#1275=ORIENTED_EDGE('',*,*,#1716,.F.);
#1276=ORIENTED_EDGE('',*,*,#1782,.T.);
#1277=ORIENTED_EDGE('',*,*,#1649,.F.);
#1278=ORIENTED_EDGE('',*,*,#1783,.T.);
#1279=ORIENTED_EDGE('',*,*,#1562,.F.);
#1280=ORIENTED_EDGE('',*,*,#1684,.F.);
#1281=ORIENTED_EDGE('',*,*,#1784,.T.);
#1282=ORIENTED_EDGE('',*,*,#1785,.T.);
#1283=ORIENTED_EDGE('',*,*,#1786,.T.);
#1284=ORIENTED_EDGE('',*,*,#1478,.F.);
#1285=ORIENTED_EDGE('',*,*,#1787,.T.);
#1286=ORIENTED_EDGE('',*,*,#1689,.F.);
#1287=ORIENTED_EDGE('',*,*,#1537,.F.);
#1288=ORIENTED_EDGE('',*,*,#1788,.T.);
#1289=ORIENTED_EDGE('',*,*,#1789,.T.);
#1290=ORIENTED_EDGE('',*,*,#1790,.T.);
#1291=ORIENTED_EDGE('',*,*,#1661,.F.);
#1292=ORIENTED_EDGE('',*,*,#1667,.F.);
#1293=ORIENTED_EDGE('',*,*,#1791,.T.);
#1294=ORIENTED_EDGE('',*,*,#1451,.F.);
#1295=ORIENTED_EDGE('',*,*,#1445,.F.);
#1296=ORIENTED_EDGE('',*,*,#1792,.F.);
#1297=ORIENTED_EDGE('',*,*,#1687,.F.);
#1298=ORIENTED_EDGE('',*,*,#1694,.F.);
#1299=ORIENTED_EDGE('',*,*,#1792,.T.);
#1300=ORIENTED_EDGE('',*,*,#1735,.F.);
#1301=ORIENTED_EDGE('',*,*,#1793,.F.);
#1302=ORIENTED_EDGE('',*,*,#1688,.F.);
#1303=ORIENTED_EDGE('',*,*,#1793,.T.);
#1304=ORIENTED_EDGE('',*,*,#1734,.F.);
#1305=ORIENTED_EDGE('',*,*,#1794,.F.);
#1306=ORIENTED_EDGE('',*,*,#1678,.F.);
#1307=ORIENTED_EDGE('',*,*,#1794,.T.);
#1308=ORIENTED_EDGE('',*,*,#1466,.F.);
#1309=ORIENTED_EDGE('',*,*,#1795,.F.);
#1310=ORIENTED_EDGE('',*,*,#1679,.F.);
#1311=ORIENTED_EDGE('',*,*,#1795,.T.);
#1312=ORIENTED_EDGE('',*,*,#1465,.F.);
#1313=ORIENTED_EDGE('',*,*,#1796,.F.);
#1314=ORIENTED_EDGE('',*,*,#1682,.F.);
#1315=ORIENTED_EDGE('',*,*,#1796,.T.);
#1316=ORIENTED_EDGE('',*,*,#1737,.F.);
#1317=ORIENTED_EDGE('',*,*,#1797,.F.);
#1318=ORIENTED_EDGE('',*,*,#1683,.F.);
#1319=ORIENTED_EDGE('',*,*,#1797,.T.);
#1320=ORIENTED_EDGE('',*,*,#1736,.F.);
#1321=ORIENTED_EDGE('',*,*,#1740,.F.);
#1322=ORIENTED_EDGE('',*,*,#1739,.F.);
#1323=ORIENTED_EDGE('',*,*,#1798,.F.);
#1324=ORIENTED_EDGE('',*,*,#1786,.F.);
#1325=ORIENTED_EDGE('',*,*,#1785,.F.);
#1326=ORIENTED_EDGE('',*,*,#1784,.F.);
#1327=ORIENTED_EDGE('',*,*,#1798,.T.);
#1328=ORIENTED_EDGE('',*,*,#1738,.F.);
#1329=ORIENTED_EDGE('',*,*,#1799,.F.);
#1330=ORIENTED_EDGE('',*,*,#1479,.F.);
#1331=ORIENTED_EDGE('',*,*,#1799,.T.);
#1332=ORIENTED_EDGE('',*,*,#1472,.F.);
#1333=ORIENTED_EDGE('',*,*,#1800,.F.);
#1334=ORIENTED_EDGE('',*,*,#1480,.F.);
#1335=ORIENTED_EDGE('',*,*,#1800,.T.);
#1336=ORIENTED_EDGE('',*,*,#1471,.F.);
#1337=ORIENTED_EDGE('',*,*,#1801,.F.);
#1338=ORIENTED_EDGE('',*,*,#1655,.F.);
#1339=ORIENTED_EDGE('',*,*,#1801,.T.);
#1340=ORIENTED_EDGE('',*,*,#1754,.F.);
#1341=ORIENTED_EDGE('',*,*,#1802,.F.);
#1342=ORIENTED_EDGE('',*,*,#1656,.F.);
#1343=ORIENTED_EDGE('',*,*,#1802,.T.);
#1344=ORIENTED_EDGE('',*,*,#1753,.F.);
#1345=ORIENTED_EDGE('',*,*,#1803,.F.);
#1346=ORIENTED_EDGE('',*,*,#1535,.F.);
#1347=ORIENTED_EDGE('',*,*,#1803,.T.);
#1348=ORIENTED_EDGE('',*,*,#1619,.F.);
#1349=ORIENTED_EDGE('',*,*,#1804,.T.);
#1350=ORIENTED_EDGE('',*,*,#1536,.F.);
#1351=ORIENTED_EDGE('',*,*,#1670,.F.);
#1352=ORIENTED_EDGE('',*,*,#1676,.F.);
#1353=ORIENTED_EDGE('',*,*,#1805,.F.);
#1354=ORIENTED_EDGE('',*,*,#1718,.F.);
#1355=ORIENTED_EDGE('',*,*,#1642,.F.);
#1356=ORIENTED_EDGE('',*,*,#1805,.T.);
#1357=ORIENTED_EDGE('',*,*,#1675,.F.);
#1358=ORIENTED_EDGE('',*,*,#1806,.F.);
#1359=ORIENTED_EDGE('',*,*,#1748,.F.);
#1360=ORIENTED_EDGE('',*,*,#1806,.T.);
#1361=ORIENTED_EDGE('',*,*,#1673,.F.);
#1362=ORIENTED_EDGE('',*,*,#1807,.F.);
#1363=ORIENTED_EDGE('',*,*,#1749,.F.);
#1364=ORIENTED_EDGE('',*,*,#1807,.T.);
#1365=ORIENTED_EDGE('',*,*,#1672,.F.);
#1366=ORIENTED_EDGE('',*,*,#1808,.F.);
#1367=ORIENTED_EDGE('',*,*,#1498,.F.);
#1368=ORIENTED_EDGE('',*,*,#1808,.T.);
#1369=ORIENTED_EDGE('',*,*,#1663,.F.);
#1370=ORIENTED_EDGE('',*,*,#1809,.F.);
#1371=ORIENTED_EDGE('',*,*,#1499,.F.);
#1372=ORIENTED_EDGE('',*,*,#1809,.T.);
#1373=ORIENTED_EDGE('',*,*,#1662,.F.);
#1374=ORIENTED_EDGE('',*,*,#1810,.F.);
#1375=ORIENTED_EDGE('',*,*,#1743,.F.);
#1376=ORIENTED_EDGE('',*,*,#1810,.T.);
#1377=ORIENTED_EDGE('',*,*,#1790,.F.);
#1378=ORIENTED_EDGE('',*,*,#1789,.F.);
#1379=ORIENTED_EDGE('',*,*,#1788,.F.);
#1380=ORIENTED_EDGE('',*,*,#1811,.F.);
#1381=ORIENTED_EDGE('',*,*,#1741,.F.);
#1382=ORIENTED_EDGE('',*,*,#1745,.F.);
#1383=ORIENTED_EDGE('',*,*,#1744,.F.);
#1384=ORIENTED_EDGE('',*,*,#1811,.T.);
#1385=ORIENTED_EDGE('',*,*,#1544,.F.);
#1386=ORIENTED_EDGE('',*,*,#1812,.F.);
#1387=ORIENTED_EDGE('',*,*,#1742,.F.);
#1388=ORIENTED_EDGE('',*,*,#1812,.T.);
#1389=ORIENTED_EDGE('',*,*,#1543,.F.);
#1390=ORIENTED_EDGE('',*,*,#1813,.F.);
#1391=ORIENTED_EDGE('',*,*,#1492,.F.);
#1392=ORIENTED_EDGE('',*,*,#1813,.T.);
#1393=ORIENTED_EDGE('',*,*,#1659,.F.);
#1394=ORIENTED_EDGE('',*,*,#1814,.F.);
#1395=ORIENTED_EDGE('',*,*,#1493,.F.);
#1396=ORIENTED_EDGE('',*,*,#1814,.T.);
#1397=ORIENTED_EDGE('',*,*,#1658,.F.);
#1398=ORIENTED_EDGE('',*,*,#1815,.F.);
#1399=ORIENTED_EDGE('',*,*,#1750,.F.);
#1400=ORIENTED_EDGE('',*,*,#1815,.T.);
#1401=ORIENTED_EDGE('',*,*,#1531,.F.);
#1402=ORIENTED_EDGE('',*,*,#1816,.F.);
#1403=ORIENTED_EDGE('',*,*,#1751,.F.);
#1404=ORIENTED_EDGE('',*,*,#1816,.T.);
#1405=ORIENTED_EDGE('',*,*,#1530,.F.);
#1406=ORIENTED_EDGE('',*,*,#1817,.T.);
#1407=ORIENTED_EDGE('',*,*,#1617,.F.);
#1408=ORIENTED_EDGE('',*,*,#1804,.F.);
#1409=ORIENTED_EDGE('',*,*,#1558,.F.);
#1410=ORIENTED_EDGE('',*,*,#1817,.F.);
#1411=ORIENTED_EDGE('',*,*,#1529,.F.);
#1412=ORIENTED_EDGE('',*,*,#1448,.F.);
#1413=ORIENTED_EDGE('',*,*,#1538,.F.);
#1414=ORIENTED_EDGE('',*,*,#1791,.F.);
#1415=ORIENTED_EDGE('',*,*,#1666,.F.);
#1416=ORIENTED_EDGE('',*,*,#1489,.F.);
#1417=ORIENTED_EDGE('',*,*,#1690,.F.);
#1418=ORIENTED_EDGE('',*,*,#1787,.F.);
#1419=ORIENTED_EDGE('',*,*,#1477,.F.);
#1420=ORIENTED_EDGE('',*,*,#1591,.T.);
#1421=ORIENTED_EDGE('',*,*,#1818,.T.);
#1422=ORIENTED_EDGE('',*,*,#1587,.T.);
#1423=ORIENTED_EDGE('',*,*,#1819,.T.);
#1424=ORIENTED_EDGE('',*,*,#1706,.F.);
#1425=ORIENTED_EDGE('',*,*,#1820,.T.);
#1426=ORIENTED_EDGE('',*,*,#1589,.F.);
#1427=ORIENTED_EDGE('',*,*,#1821,.T.);
#1428=ORIENTED_EDGE('',*,*,#1590,.F.);
#1429=ORIENTED_EDGE('',*,*,#1821,.F.);
#1430=ORIENTED_EDGE('',*,*,#1588,.F.);
#1431=ORIENTED_EDGE('',*,*,#1818,.F.);
#1432=ORIENTED_EDGE('',*,*,#1707,.F.);
#1433=ORIENTED_EDGE('',*,*,#1820,.F.);
#1434=ORIENTED_EDGE('',*,*,#1705,.F.);
#1435=ORIENTED_EDGE('',*,*,#1592,.F.);
#1436=ORIENTED_EDGE('',*,*,#1819,.F.);
#1437=ORIENTED_EDGE('',*,*,#1598,.F.);
#1438=EDGE_CURVE('',#1822,#1823,#2062,.T.);
#1439=EDGE_CURVE('',#1824,#1822,#636,.F.);
#1440=EDGE_CURVE('',#1825,#1824,#2063,.T.);
#1441=EDGE_CURVE('',#1826,#1825,#637,.F.);
#1442=EDGE_CURVE('',#1827,#1826,#2064,.T.);
#1443=EDGE_CURVE('',#1823,#1827,#638,.F.);
#1444=EDGE_CURVE('',#1828,#1829,#2065,.T.);
#1445=EDGE_CURVE('',#1829,#1830,#2066,.T.);
#1446=EDGE_CURVE('',#1828,#1830,#639,.T.);
#1447=EDGE_CURVE('',#1831,#1832,#194,.T.);
#1448=EDGE_CURVE('',#1832,#1833,#195,.T.);
#1449=EDGE_CURVE('',#1833,#1826,#196,.T.);
#1450=EDGE_CURVE('',#1825,#1831,#197,.T.);
#1451=EDGE_CURVE('',#1830,#1834,#2067,.T.);
#1452=EDGE_CURVE('',#1834,#1835,#198,.F.);
#1453=EDGE_CURVE('',#1835,#1836,#640,.T.);
#1454=EDGE_CURVE('',#1836,#1837,#199,.F.);
#1455=EDGE_CURVE('',#1837,#1838,#200,.F.);
#1456=EDGE_CURVE('',#1838,#1839,#201,.T.);
#1457=EDGE_CURVE('',#1839,#1840,#202,.F.);
#1458=EDGE_CURVE('',#1840,#1828,#203,.F.);
#1459=EDGE_CURVE('',#1841,#1842,#204,.F.);
#1460=EDGE_CURVE('',#1842,#1843,#205,.T.);
#1461=EDGE_CURVE('',#1843,#1844,#206,.T.);
#1462=EDGE_CURVE('',#1844,#1845,#207,.T.);
#1463=EDGE_CURVE('',#1845,#1846,#208,.T.);
#1464=EDGE_CURVE('',#1841,#1846,#209,.T.);
#1465=EDGE_CURVE('',#1847,#1848,#210,.T.);
#1466=EDGE_CURVE('',#1848,#1849,#89,.F.);
#1467=EDGE_CURVE('',#1849,#1850,#2068,.T.);
#1468=EDGE_CURVE('',#1850,#1851,#211,.F.);
#1469=EDGE_CURVE('',#1851,#1852,#212,.T.);
#1470=EDGE_CURVE('',#1852,#1853,#213,.F.);
#1471=EDGE_CURVE('',#1853,#1854,#90,.T.);
#1472=EDGE_CURVE('',#1854,#1855,#214,.F.);
#1473=EDGE_CURVE('',#1855,#1847,#215,.F.);
#1474=EDGE_CURVE('',#1856,#1856,#91,.T.);
#1475=EDGE_CURVE('',#1857,#1857,#92,.F.);
#1476=EDGE_CURVE('',#1858,#1859,#216,.F.);
#1477=EDGE_CURVE('',#1859,#1860,#217,.T.);
#1478=EDGE_CURVE('',#1860,#1861,#218,.T.);
#1479=EDGE_CURVE('',#1861,#1862,#641,.T.);
#1480=EDGE_CURVE('',#1862,#1863,#219,.T.);
#1481=EDGE_CURVE('',#1864,#1863,#220,.T.);
#1482=EDGE_CURVE('',#1864,#1865,#221,.F.);
#1483=EDGE_CURVE('',#1865,#1866,#222,.T.);
#1484=EDGE_CURVE('',#1867,#1866,#223,.T.);
#1485=EDGE_CURVE('',#1867,#1858,#224,.F.);
#1486=EDGE_CURVE('',#1868,#1868,#93,.T.);
#1487=EDGE_CURVE('',#1869,#1869,#94,.T.);
#1488=EDGE_CURVE('',#1870,#1871,#225,.F.);
#1489=EDGE_CURVE('',#1871,#1859,#226,.T.);
#1490=EDGE_CURVE('',#1858,#1872,#227,.F.);
#1491=EDGE_CURVE('',#1872,#1870,#642,.T.);
#1492=EDGE_CURVE('',#1873,#1874,#228,.T.);
#1493=EDGE_CURVE('',#1874,#1875,#95,.T.);
#1494=EDGE_CURVE('',#1875,#1876,#229,.T.);
#1495=EDGE_CURVE('',#1876,#1877,#230,.T.);
#1496=EDGE_CURVE('',#1877,#1878,#231,.T.);
#1497=EDGE_CURVE('',#1878,#1879,#2069,.T.);
#1498=EDGE_CURVE('',#1879,#1880,#96,.F.);
#1499=EDGE_CURVE('',#1880,#1881,#232,.F.);
#1500=EDGE_CURVE('',#1881,#1873,#233,.T.);
#1501=EDGE_CURVE('',#1882,#1883,#234,.T.);
#1502=EDGE_CURVE('',#1882,#1884,#235,.T.);
#1503=EDGE_CURVE('',#1884,#1885,#97,.T.);
#1504=EDGE_CURVE('',#1886,#1885,#236,.T.);
#1505=EDGE_CURVE('',#1886,#1887,#237,.T.);
#1506=EDGE_CURVE('',#1887,#1883,#238,.T.);
#1507=EDGE_CURVE('',#1846,#1888,#239,.T.);
#1508=EDGE_CURVE('',#1889,#1845,#240,.T.);
#1509=EDGE_CURVE('',#1889,#1867,#241,.T.);
#1510=EDGE_CURVE('',#1866,#1888,#98,.T.);
#1511=EDGE_CURVE('',#1890,#1890,#99,.F.);
#1512=EDGE_CURVE('',#1891,#1891,#100,.F.);
#1513=EDGE_CURVE('',#1892,#1893,#242,.F.);
#1514=EDGE_CURVE('',#1893,#1894,#243,.T.);
#1515=EDGE_CURVE('',#1894,#1895,#244,.T.);
#1516=EDGE_CURVE('',#1895,#1896,#101,.F.);
#1517=EDGE_CURVE('',#1896,#1897,#245,.T.);
#1518=EDGE_CURVE('',#1897,#1892,#246,.F.);
#1519=EDGE_CURVE('',#1898,#1899,#247,.T.);
#1520=EDGE_CURVE('',#1899,#1900,#248,.T.);
#1521=EDGE_CURVE('',#1900,#1901,#249,.T.);
#1522=EDGE_CURVE('',#1901,#1902,#250,.T.);
#1523=EDGE_CURVE('',#1902,#1903,#251,.T.);
#1524=EDGE_CURVE('',#1903,#1904,#102,.T.);
#1525=EDGE_CURVE('',#1904,#1905,#252,.F.);
#1526=EDGE_CURVE('',#1905,#1906,#103,.T.);
#1527=EDGE_CURVE('',#1906,#1907,#253,.T.);
#1528=EDGE_CURVE('',#1907,#1898,#254,.F.);
#1529=EDGE_CURVE('',#1908,#1909,#255,.T.);
#1530=EDGE_CURVE('',#1909,#1910,#256,.F.);
#1531=EDGE_CURVE('',#1910,#1911,#104,.T.);
#1532=EDGE_CURVE('',#1912,#1911,#257,.T.);
#1533=EDGE_CURVE('',#1912,#1913,#258,.T.);
#1534=EDGE_CURVE('',#1913,#1914,#259,.T.);
#1535=EDGE_CURVE('',#1914,#1915,#105,.T.);
#1536=EDGE_CURVE('',#1915,#1908,#260,.T.);
#1537=EDGE_CURVE('',#1916,#1917,#261,.T.);
#1538=EDGE_CURVE('',#1917,#1832,#262,.T.);
#1539=EDGE_CURVE('',#1831,#1886,#263,.T.);
#1540=EDGE_CURVE('',#1885,#1918,#264,.F.);
#1541=EDGE_CURVE('',#1918,#1919,#265,.F.);
#1542=EDGE_CURVE('',#1919,#1920,#266,.T.);
#1543=EDGE_CURVE('',#1920,#1921,#267,.F.);
#1544=EDGE_CURVE('',#1921,#1916,#643,.F.);
#1545=EDGE_CURVE('',#1922,#1923,#268,.F.);
#1546=EDGE_CURVE('',#1923,#1924,#269,.T.);
#1547=EDGE_CURVE('',#1924,#1925,#270,.F.);
#1548=EDGE_CURVE('',#1925,#1882,#271,.T.);
#1549=EDGE_CURVE('',#1922,#1883,#272,.T.);
#1550=EDGE_CURVE('',#1926,#1927,#273,.T.);
#1551=EDGE_CURVE('',#1927,#1928,#274,.F.);
#1552=EDGE_CURVE('',#1928,#1929,#275,.F.);
#1553=EDGE_CURVE('',#1929,#1926,#276,.T.);
#1554=EDGE_CURVE('',#1930,#1930,#106,.T.);
#1555=EDGE_CURVE('',#1931,#1931,#107,.T.);
#1556=EDGE_CURVE('',#1932,#1932,#108,.T.);
#1557=EDGE_CURVE('',#1933,#1934,#277,.T.);
#1558=EDGE_CURVE('',#1933,#1935,#278,.T.);
#1559=EDGE_CURVE('',#1935,#1936,#279,.T.);
#1560=EDGE_CURVE('',#1936,#1934,#280,.T.);
#1561=EDGE_CURVE('',#1937,#1938,#109,.T.);
#1562=EDGE_CURVE('',#1938,#1939,#281,.T.);
#1563=EDGE_CURVE('',#1939,#1940,#110,.T.);
#1564=EDGE_CURVE('',#1940,#1941,#282,.T.);
#1565=EDGE_CURVE('',#1941,#1942,#111,.T.);
#1566=EDGE_CURVE('',#1942,#1943,#283,.T.);
#1567=EDGE_CURVE('',#1943,#1944,#112,.T.);
#1568=EDGE_CURVE('',#1944,#1945,#284,.T.);
#1569=EDGE_CURVE('',#1945,#1946,#285,.T.);
#1570=EDGE_CURVE('',#1946,#1947,#286,.T.);
#1571=EDGE_CURVE('',#1947,#1948,#113,.T.);
#1572=EDGE_CURVE('',#1948,#1949,#287,.T.);
#1573=EDGE_CURVE('',#1949,#1950,#114,.T.);
#1574=EDGE_CURVE('',#1950,#1951,#288,.T.);
#1575=EDGE_CURVE('',#1951,#1952,#115,.T.);
#1576=EDGE_CURVE('',#1952,#1953,#289,.T.);
#1577=EDGE_CURVE('',#1953,#1954,#116,.T.);
#1578=EDGE_CURVE('',#1954,#1955,#290,.T.);
#1579=EDGE_CURVE('',#1955,#1956,#117,.F.);
#1580=EDGE_CURVE('',#1956,#1957,#291,.T.);
#1581=EDGE_CURVE('',#1957,#1958,#118,.T.);
#1582=EDGE_CURVE('',#1958,#1959,#292,.T.);
#1583=EDGE_CURVE('',#1959,#1960,#119,.T.);
#1584=EDGE_CURVE('',#1960,#1961,#293,.T.);
#1585=EDGE_CURVE('',#1961,#1962,#120,.F.);
#1586=EDGE_CURVE('',#1962,#1937,#294,.T.);
#1587=EDGE_CURVE('',#1963,#1964,#295,.T.);
#1588=EDGE_CURVE('',#1963,#1965,#2070,.T.);
#1589=EDGE_CURVE('',#1965,#1966,#296,.T.);
#1590=EDGE_CURVE('',#1966,#1967,#2071,.F.);
#1591=EDGE_CURVE('',#1968,#1967,#297,.F.);
#1592=EDGE_CURVE('',#1968,#1969,#2072,.T.);
#1593=EDGE_CURVE('',#1969,#1970,#298,.F.);
#1594=EDGE_CURVE('',#1971,#1970,#299,.T.);
#1595=EDGE_CURVE('',#1971,#1972,#300,.F.);
#1596=EDGE_CURVE('',#1972,#1973,#301,.T.);
#1597=EDGE_CURVE('',#1973,#1974,#302,.F.);
#1598=EDGE_CURVE('',#1974,#1964,#2073,.T.);
#1599=EDGE_CURVE('',#1975,#1976,#303,.T.);
#1600=EDGE_CURVE('',#1975,#1971,#304,.F.);
#1601=EDGE_CURVE('',#1970,#1976,#305,.F.);
#1602=EDGE_CURVE('',#1976,#1977,#306,.T.);
#1603=EDGE_CURVE('',#1978,#1977,#307,.T.);
#1604=EDGE_CURVE('',#1978,#1975,#308,.T.);
#1605=EDGE_CURVE('',#1972,#1978,#309,.T.);
#1606=EDGE_CURVE('',#1977,#1973,#310,.T.);
#1607=EDGE_CURVE('',#1979,#1979,#121,.T.);
#1608=EDGE_CURVE('',#1980,#1980,#122,.T.);
#1609=EDGE_CURVE('',#1981,#1981,#123,.T.);
#1610=EDGE_CURVE('',#1982,#1982,#124,.T.);
#1611=EDGE_CURVE('',#1983,#1983,#125,.T.);
#1612=EDGE_CURVE('',#1984,#1984,#126,.T.);
#1613=EDGE_CURVE('',#1985,#1985,#127,.T.);
#1614=EDGE_CURVE('',#1986,#1986,#128,.T.);
#1615=EDGE_CURVE('',#1987,#1987,#129,.T.);
#1616=EDGE_CURVE('',#1988,#1989,#311,.F.);
#1617=EDGE_CURVE('',#1989,#1933,#312,.T.);
#1618=EDGE_CURVE('',#1934,#1988,#313,.T.);
#1619=EDGE_CURVE('',#1935,#1990,#314,.F.);
#1620=EDGE_CURVE('',#1990,#1991,#315,.T.);
#1621=EDGE_CURVE('',#1991,#1936,#316,.T.);
#1622=EDGE_CURVE('',#1992,#1993,#317,.T.);
#1623=EDGE_CURVE('',#1992,#1994,#130,.F.);
#1624=EDGE_CURVE('',#1994,#1995,#318,.T.);
#1625=EDGE_CURVE('',#1995,#1838,#131,.F.);
#1626=EDGE_CURVE('',#1837,#1889,#319,.F.);
#1627=EDGE_CURVE('',#1844,#1993,#132,.T.);
#1628=EDGE_CURVE('',#1993,#1996,#320,.F.);
#1629=EDGE_CURVE('',#1996,#1997,#321,.T.);
#1630=EDGE_CURVE('',#1997,#1992,#322,.T.);
#1631=EDGE_CURVE('',#1998,#1999,#323,.F.);
#1632=EDGE_CURVE('',#1999,#2000,#133,.T.);
#1633=EDGE_CURVE('',#2000,#2001,#324,.T.);
#1634=EDGE_CURVE('',#2001,#1922,#134,.F.);
#1635=EDGE_CURVE('',#1887,#2002,#325,.T.);
#1636=EDGE_CURVE('',#2002,#2003,#326,.F.);
#1637=EDGE_CURVE('',#2003,#1998,#135,.T.);
#1638=EDGE_CURVE('',#2000,#2004,#327,.F.);
#1639=EDGE_CURVE('',#2004,#2005,#328,.T.);
#1640=EDGE_CURVE('',#2005,#2001,#329,.T.);
#1641=EDGE_CURVE('',#1822,#2006,#330,.T.);
#1642=EDGE_CURVE('',#2006,#2007,#2074,.T.);
#1643=EDGE_CURVE('',#2007,#2008,#644,.F.);
#1644=EDGE_CURVE('',#2008,#2009,#331,.F.);
#1645=EDGE_CURVE('',#2009,#2010,#332,.T.);
#1646=EDGE_CURVE('',#2010,#2003,#333,.F.);
#1647=EDGE_CURVE('',#2002,#1824,#334,.T.);
#1648=EDGE_CURVE('',#1998,#2011,#335,.F.);
#1649=EDGE_CURVE('',#2011,#2012,#336,.F.);
#1650=EDGE_CURVE('',#2012,#1999,#337,.F.);
#1651=EDGE_CURVE('',#1994,#2013,#338,.F.);
#1652=EDGE_CURVE('',#2013,#2014,#339,.T.);
#1653=EDGE_CURVE('',#2014,#1995,#340,.T.);
#1654=EDGE_CURVE('',#1836,#1872,#2075,.T.);
#1655=EDGE_CURVE('',#1863,#2015,#136,.F.);
#1656=EDGE_CURVE('',#2015,#1914,#2076,.T.);
#1657=EDGE_CURVE('',#1913,#1864,#137,.F.);
#1658=EDGE_CURVE('',#1911,#2016,#2077,.T.);
#1659=EDGE_CURVE('',#2016,#1920,#138,.F.);
#1660=EDGE_CURVE('',#1919,#1912,#139,.F.);
#1661=EDGE_CURVE('',#2017,#2018,#341,.F.);
#1662=EDGE_CURVE('',#2018,#2019,#645,.F.);
#1663=EDGE_CURVE('',#2019,#2020,#342,.T.);
#1664=EDGE_CURVE('',#2021,#2020,#343,.T.);
#1665=EDGE_CURVE('',#2017,#2021,#344,.T.);
#1666=EDGE_CURVE('',#1833,#2022,#345,.T.);
#1667=EDGE_CURVE('',#2022,#2017,#140,.F.);
#1668=EDGE_CURVE('',#2021,#2023,#141,.T.);
#1669=EDGE_CURVE('',#2023,#2024,#346,.T.);
#1670=EDGE_CURVE('',#2024,#2006,#2078,.T.);
#1671=EDGE_CURVE('',#1823,#1827,#142,.T.);
#1672=EDGE_CURVE('',#2020,#2025,#143,.T.);
#1673=EDGE_CURVE('',#2025,#2026,#2079,.T.);
#1674=EDGE_CURVE('',#2023,#2026,#347,.T.);
#1675=EDGE_CURVE('',#2026,#2027,#2080,.T.);
#1676=EDGE_CURVE('',#2027,#2024,#2081,.T.);
#1677=EDGE_CURVE('',#2028,#2029,#348,.T.);
#1678=EDGE_CURVE('',#2029,#2030,#2082,.T.);
#1679=EDGE_CURVE('',#2030,#2031,#144,.T.);
#1680=EDGE_CURVE('',#2032,#2031,#349,.T.);
#1681=EDGE_CURVE('',#2028,#2032,#145,.T.);
#1682=EDGE_CURVE('',#2031,#2033,#350,.F.);
#1683=EDGE_CURVE('',#2033,#2034,#646,.T.);
#1684=EDGE_CURVE('',#2034,#2035,#351,.F.);
#1685=EDGE_CURVE('',#2035,#2032,#352,.T.);
#1686=EDGE_CURVE('',#2028,#2036,#353,.T.);
#1687=EDGE_CURVE('',#2036,#2037,#2083,.T.);
#1688=EDGE_CURVE('',#2037,#2029,#2084,.T.);
#1689=EDGE_CURVE('',#2035,#2038,#146,.F.);
#1690=EDGE_CURVE('',#2038,#1871,#354,.T.);
#1691=EDGE_CURVE('',#1870,#2039,#2085,.T.);
#1692=EDGE_CURVE('',#2039,#2040,#147,.T.);
#1693=EDGE_CURVE('',#2040,#1835,#2086,.T.);
#1694=EDGE_CURVE('',#1834,#2036,#2087,.T.);
#1695=EDGE_CURVE('',#1843,#1996,#148,.T.);
#1696=EDGE_CURVE('',#2005,#1923,#149,.T.);
#1697=EDGE_CURVE('',#1978,#1928,#647,.F.);
#1698=EDGE_CURVE('',#1929,#1972,#648,.T.);
#1699=EDGE_CURVE('',#1926,#1971,#649,.T.);
#1700=EDGE_CURVE('',#1975,#1927,#650,.F.);
#1701=EDGE_CURVE('',#1896,#1895,#2088,.F.);
#1702=EDGE_CURVE('',#1973,#1897,#651,.F.);
#1703=EDGE_CURVE('',#1892,#1977,#652,.T.);
#1704=EDGE_CURVE('',#1893,#1976,#653,.T.);
#1705=EDGE_CURVE('',#1969,#2041,#2089,.T.);
#1706=EDGE_CURVE('',#2041,#2042,#355,.T.);
#1707=EDGE_CURVE('',#2042,#1974,#2090,.F.);
#1708=EDGE_CURVE('',#1970,#1894,#654,.F.);
#1709=EDGE_CURVE('',#1925,#2043,#356,.T.);
#1710=EDGE_CURVE('',#2043,#1884,#357,.T.);
#1711=EDGE_CURVE('',#1888,#2044,#358,.F.);
#1712=EDGE_CURVE('',#2044,#1841,#359,.F.);
#1713=EDGE_CURVE('',#1865,#2044,#150,.T.);
#1714=EDGE_CURVE('',#2043,#1918,#151,.T.);
#1715=EDGE_CURVE('',#2014,#1839,#152,.F.);
#1716=EDGE_CURVE('',#2010,#2011,#153,.F.);
#1717=EDGE_CURVE('',#2039,#2040,#655,.T.);
#1718=EDGE_CURVE('',#2007,#2045,#2091,.T.);
#1719=EDGE_CURVE('',#2045,#2008,#2092,.T.);
#1720=EDGE_CURVE('',#1924,#1899,#154,.F.);
#1721=EDGE_CURVE('',#1925,#1898,#656,.T.);
#1722=EDGE_CURVE('',#2043,#1907,#657,.F.);
#1723=EDGE_CURVE('',#1918,#1907,#658,.F.);
#1724=EDGE_CURVE('',#1919,#1906,#155,.T.);
#1725=EDGE_CURVE('',#1912,#1905,#156,.T.);
#1726=EDGE_CURVE('',#1913,#1904,#157,.T.);
#1727=EDGE_CURVE('',#1864,#1903,#158,.T.);
#1728=EDGE_CURVE('',#1865,#1902,#659,.T.);
#1729=EDGE_CURVE('',#1900,#1842,#159,.F.);
#1730=EDGE_CURVE('',#1901,#1841,#660,.F.);
#1731=EDGE_CURVE('',#2044,#1902,#661,.T.);
#1732=EDGE_CURVE('',#1840,#1851,#160,.F.);
#1733=EDGE_CURVE('',#1828,#1850,#161,.F.);
#1734=EDGE_CURVE('',#1849,#2046,#2093,.T.);
#1735=EDGE_CURVE('',#2046,#1829,#2094,.T.);
#1736=EDGE_CURVE('',#2047,#2048,#2095,.T.);
#1737=EDGE_CURVE('',#2048,#1847,#662,.T.);
#1738=EDGE_CURVE('',#1855,#2049,#663,.T.);
#1739=EDGE_CURVE('',#2049,#2050,#2096,.T.);
#1740=EDGE_CURVE('',#2050,#2047,#2097,.T.);
#1741=EDGE_CURVE('',#2051,#2052,#2098,.T.);
#1742=EDGE_CURVE('',#2052,#1873,#664,.F.);
#1743=EDGE_CURVE('',#1881,#2053,#665,.F.);
#1744=EDGE_CURVE('',#2053,#2054,#2099,.T.);
#1745=EDGE_CURVE('',#2054,#2051,#2100,.T.);
#1746=EDGE_CURVE('',#1877,#2009,#162,.F.);
#1747=EDGE_CURVE('',#1878,#2008,#163,.T.);
#1748=EDGE_CURVE('',#2045,#2055,#2101,.T.);
#1749=EDGE_CURVE('',#2055,#1879,#2102,.T.);
#1750=EDGE_CURVE('',#1875,#2056,#2103,.T.);
#1751=EDGE_CURVE('',#2056,#1989,#164,.F.);
#1752=EDGE_CURVE('',#1988,#1876,#165,.F.);
#1753=EDGE_CURVE('',#1990,#2057,#166,.F.);
#1754=EDGE_CURVE('',#2057,#1853,#2104,.T.);
#1755=EDGE_CURVE('',#1852,#1991,#167,.F.);
#1756=EDGE_CURVE('',#2012,#2004,#168,.F.);
#1757=EDGE_CURVE('',#1997,#2013,#169,.F.);
#1758=EDGE_CURVE('',#1839,#1951,#360,.T.);
#1759=EDGE_CURVE('',#1952,#2014,#361,.T.);
#1760=EDGE_CURVE('',#1953,#2013,#362,.T.);
#1761=EDGE_CURVE('',#1840,#1950,#363,.T.);
#1762=EDGE_CURVE('',#1954,#1997,#364,.T.);
#1763=EDGE_CURVE('',#1851,#1949,#365,.T.);
#1764=EDGE_CURVE('',#1955,#1996,#366,.T.);
#1765=EDGE_CURVE('',#1852,#1948,#367,.T.);
#1766=EDGE_CURVE('',#1956,#1843,#368,.T.);
#1767=EDGE_CURVE('',#1991,#1947,#369,.T.);
#1768=EDGE_CURVE('',#1957,#1842,#370,.T.);
#1769=EDGE_CURVE('',#1936,#1946,#371,.F.);
#1770=EDGE_CURVE('',#1958,#1900,#372,.T.);
#1771=EDGE_CURVE('',#1934,#1945,#373,.T.);
#1772=EDGE_CURVE('',#1959,#1899,#374,.T.);
#1773=EDGE_CURVE('',#1988,#1944,#375,.T.);
#1774=EDGE_CURVE('',#1960,#1924,#376,.T.);
#1775=EDGE_CURVE('',#1876,#1943,#377,.T.);
#1776=EDGE_CURVE('',#1961,#1923,#378,.T.);
#1777=EDGE_CURVE('',#1877,#1942,#379,.T.);
#1778=EDGE_CURVE('',#1962,#2005,#380,.T.);
#1779=EDGE_CURVE('',#2009,#1941,#381,.T.);
#1780=EDGE_CURVE('',#1937,#2004,#382,.T.);
#1781=EDGE_CURVE('',#2010,#1940,#383,.T.);
#1782=EDGE_CURVE('',#1938,#2012,#384,.T.);
#1783=EDGE_CURVE('',#2011,#1939,#385,.T.);
#1784=EDGE_CURVE('',#2034,#2058,#2105,.T.);
#1785=EDGE_CURVE('',#2058,#2059,#2106,.T.);
#1786=EDGE_CURVE('',#2059,#1861,#2107,.T.);
#1787=EDGE_CURVE('',#1860,#2038,#666,.F.);
#1788=EDGE_CURVE('',#1916,#2060,#2108,.T.);
#1789=EDGE_CURVE('',#2060,#2061,#2109,.T.);
#1790=EDGE_CURVE('',#2061,#2018,#2110,.T.);
#1791=EDGE_CURVE('',#2022,#1917,#667,.T.);
#1792=EDGE_CURVE('',#2037,#1829,#170,.T.);
#1793=EDGE_CURVE('',#2029,#2046,#171,.T.);
#1794=EDGE_CURVE('',#2030,#1849,#172,.T.);
#1795=EDGE_CURVE('',#2031,#1848,#173,.T.);
#1796=EDGE_CURVE('',#2033,#1847,#174,.T.);
#1797=EDGE_CURVE('',#2034,#2048,#175,.T.);
#1798=EDGE_CURVE('',#1861,#2049,#176,.T.);
#1799=EDGE_CURVE('',#1862,#1855,#177,.T.);
#1800=EDGE_CURVE('',#1863,#1854,#178,.T.);
#1801=EDGE_CURVE('',#2015,#1853,#179,.T.);
#1802=EDGE_CURVE('',#1914,#2057,#180,.T.);
#1803=EDGE_CURVE('',#1915,#1990,#181,.T.);
#1804=EDGE_CURVE('',#1935,#1908,#668,.F.);
#1805=EDGE_CURVE('',#2045,#2027,#182,.T.);
#1806=EDGE_CURVE('',#2055,#2026,#183,.T.);
#1807=EDGE_CURVE('',#1879,#2025,#184,.T.);
#1808=EDGE_CURVE('',#1880,#2020,#185,.T.);
#1809=EDGE_CURVE('',#1881,#2019,#186,.T.);
#1810=EDGE_CURVE('',#2053,#2018,#187,.T.);
#1811=EDGE_CURVE('',#2052,#1916,#188,.T.);
#1812=EDGE_CURVE('',#1873,#1921,#189,.T.);
#1813=EDGE_CURVE('',#1874,#1920,#190,.T.);
#1814=EDGE_CURVE('',#1875,#2016,#191,.T.);
#1815=EDGE_CURVE('',#2056,#1911,#192,.T.);
#1816=EDGE_CURVE('',#1989,#1910,#193,.T.);
#1817=EDGE_CURVE('',#1909,#1933,#669,.F.);
#1818=EDGE_CURVE('',#1967,#1963,#2111,.T.);
#1819=EDGE_CURVE('',#1964,#1968,#2112,.T.);
#1820=EDGE_CURVE('',#2041,#2042,#2113,.T.);
#1821=EDGE_CURVE('',#1965,#1966,#2114,.T.);
#1822=VERTEX_POINT('',#3722);
#1823=VERTEX_POINT('',#3723);
#1824=VERTEX_POINT('',#3725);
#1825=VERTEX_POINT('',#3733);
#1826=VERTEX_POINT('',#3735);
#1827=VERTEX_POINT('',#3741);
#1828=VERTEX_POINT('',#3759);
#1829=VERTEX_POINT('',#3760);
#1830=VERTEX_POINT('',#3765);
#1831=VERTEX_POINT('',#3769);
#1832=VERTEX_POINT('',#3770);
#1833=VERTEX_POINT('',#3772);
#1834=VERTEX_POINT('',#3780);
#1835=VERTEX_POINT('',#3782);
#1836=VERTEX_POINT('',#3784);
#1837=VERTEX_POINT('',#3786);
#1838=VERTEX_POINT('',#3788);
#1839=VERTEX_POINT('',#3790);
#1840=VERTEX_POINT('',#3792);
#1841=VERTEX_POINT('',#3796);
#1842=VERTEX_POINT('',#3797);
#1843=VERTEX_POINT('',#3799);
#1844=VERTEX_POINT('',#3801);
#1845=VERTEX_POINT('',#3803);
#1846=VERTEX_POINT('',#3805);
#1847=VERTEX_POINT('',#3809);
#1848=VERTEX_POINT('',#3810);
#1849=VERTEX_POINT('',#3812);
#1850=VERTEX_POINT('',#3817);
#1851=VERTEX_POINT('',#3819);
#1852=VERTEX_POINT('',#3821);
#1853=VERTEX_POINT('',#3823);
#1854=VERTEX_POINT('',#3825);
#1855=VERTEX_POINT('',#3827);
#1856=VERTEX_POINT('',#3831);
#1857=VERTEX_POINT('',#3833);
#1858=VERTEX_POINT('',#3836);
#1859=VERTEX_POINT('',#3837);
#1860=VERTEX_POINT('',#3839);
#1861=VERTEX_POINT('',#3841);
#1862=VERTEX_POINT('',#3843);
#1863=VERTEX_POINT('',#3845);
#1864=VERTEX_POINT('',#3847);
#1865=VERTEX_POINT('',#3849);
#1866=VERTEX_POINT('',#3851);
#1867=VERTEX_POINT('',#3853);
#1868=VERTEX_POINT('',#3857);
#1869=VERTEX_POINT('',#3859);
#1870=VERTEX_POINT('',#3862);
#1871=VERTEX_POINT('',#3863);
#1872=VERTEX_POINT('',#3866);
#1873=VERTEX_POINT('',#3870);
#1874=VERTEX_POINT('',#3871);
#1875=VERTEX_POINT('',#3873);
#1876=VERTEX_POINT('',#3875);
#1877=VERTEX_POINT('',#3877);
#1878=VERTEX_POINT('',#3879);
#1879=VERTEX_POINT('',#3884);
#1880=VERTEX_POINT('',#3886);
#1881=VERTEX_POINT('',#3888);
#1882=VERTEX_POINT('',#3892);
#1883=VERTEX_POINT('',#3893);
#1884=VERTEX_POINT('',#3895);
#1885=VERTEX_POINT('',#3897);
#1886=VERTEX_POINT('',#3899);
#1887=VERTEX_POINT('',#3901);
#1888=VERTEX_POINT('',#3905);
#1889=VERTEX_POINT('',#3907);
#1890=VERTEX_POINT('',#3912);
#1891=VERTEX_POINT('',#3914);
#1892=VERTEX_POINT('',#3916);
#1893=VERTEX_POINT('',#3917);
#1894=VERTEX_POINT('',#3919);
#1895=VERTEX_POINT('',#3921);
#1896=VERTEX_POINT('',#3923);
#1897=VERTEX_POINT('',#3925);
#1898=VERTEX_POINT('',#3928);
#1899=VERTEX_POINT('',#3929);
#1900=VERTEX_POINT('',#3931);
#1901=VERTEX_POINT('',#3933);
#1902=VERTEX_POINT('',#3935);
#1903=VERTEX_POINT('',#3937);
#1904=VERTEX_POINT('',#3939);
#1905=VERTEX_POINT('',#3941);
#1906=VERTEX_POINT('',#3943);
#1907=VERTEX_POINT('',#3945);
#1908=VERTEX_POINT('',#3949);
#1909=VERTEX_POINT('',#3950);
#1910=VERTEX_POINT('',#3952);
#1911=VERTEX_POINT('',#3954);
#1912=VERTEX_POINT('',#3956);
#1913=VERTEX_POINT('',#3958);
#1914=VERTEX_POINT('',#3960);
#1915=VERTEX_POINT('',#3962);
#1916=VERTEX_POINT('',#3966);
#1917=VERTEX_POINT('',#3967);
#1918=VERTEX_POINT('',#3971);
#1919=VERTEX_POINT('',#3973);
#1920=VERTEX_POINT('',#3975);
#1921=VERTEX_POINT('',#3977);
#1922=VERTEX_POINT('',#3981);
#1923=VERTEX_POINT('',#3982);
#1924=VERTEX_POINT('',#3984);
#1925=VERTEX_POINT('',#3986);
#1926=VERTEX_POINT('',#3991);
#1927=VERTEX_POINT('',#3992);
#1928=VERTEX_POINT('',#3994);
#1929=VERTEX_POINT('',#3996);
#1930=VERTEX_POINT('',#3999);
#1931=VERTEX_POINT('',#4001);
#1932=VERTEX_POINT('',#4003);
#1933=VERTEX_POINT('',#4005);
#1934=VERTEX_POINT('',#4006);
#1935=VERTEX_POINT('',#4008);
#1936=VERTEX_POINT('',#4010);
#1937=VERTEX_POINT('',#4014);
#1938=VERTEX_POINT('',#4015);
#1939=VERTEX_POINT('',#4017);
#1940=VERTEX_POINT('',#4019);
#1941=VERTEX_POINT('',#4021);
#1942=VERTEX_POINT('',#4023);
#1943=VERTEX_POINT('',#4025);
#1944=VERTEX_POINT('',#4027);
#1945=VERTEX_POINT('',#4029);
#1946=VERTEX_POINT('',#4031);
#1947=VERTEX_POINT('',#4033);
#1948=VERTEX_POINT('',#4035);
#1949=VERTEX_POINT('',#4037);
#1950=VERTEX_POINT('',#4039);
#1951=VERTEX_POINT('',#4041);
#1952=VERTEX_POINT('',#4043);
#1953=VERTEX_POINT('',#4045);
#1954=VERTEX_POINT('',#4047);
#1955=VERTEX_POINT('',#4049);
#1956=VERTEX_POINT('',#4051);
#1957=VERTEX_POINT('',#4053);
#1958=VERTEX_POINT('',#4055);
#1959=VERTEX_POINT('',#4057);
#1960=VERTEX_POINT('',#4059);
#1961=VERTEX_POINT('',#4061);
#1962=VERTEX_POINT('',#4063);
#1963=VERTEX_POINT('',#4067);
#1964=VERTEX_POINT('',#4068);
#1965=VERTEX_POINT('',#4073);
#1966=VERTEX_POINT('',#4075);
#1967=VERTEX_POINT('',#4080);
#1968=VERTEX_POINT('',#4082);
#1969=VERTEX_POINT('',#4087);
#1970=VERTEX_POINT('',#4089);
#1971=VERTEX_POINT('',#4091);
#1972=VERTEX_POINT('',#4093);
#1973=VERTEX_POINT('',#4095);
#1974=VERTEX_POINT('',#4097);
#1975=VERTEX_POINT('',#4104);
#1976=VERTEX_POINT('',#4105);
#1977=VERTEX_POINT('',#4110);
#1978=VERTEX_POINT('',#4112);
#1979=VERTEX_POINT('',#4119);
#1980=VERTEX_POINT('',#4121);
#1981=VERTEX_POINT('',#4124);
#1982=VERTEX_POINT('',#4128);
#1983=VERTEX_POINT('',#4130);
#1984=VERTEX_POINT('',#4133);
#1985=VERTEX_POINT('',#4137);
#1986=VERTEX_POINT('',#4139);
#1987=VERTEX_POINT('',#4142);
#1988=VERTEX_POINT('',#4146);
#1989=VERTEX_POINT('',#4147);
#1990=VERTEX_POINT('',#4152);
#1991=VERTEX_POINT('',#4154);
#1992=VERTEX_POINT('',#4158);
#1993=VERTEX_POINT('',#4159);
#1994=VERTEX_POINT('',#4161);
#1995=VERTEX_POINT('',#4163);
#1996=VERTEX_POINT('',#4169);
#1997=VERTEX_POINT('',#4171);
#1998=VERTEX_POINT('',#4175);
#1999=VERTEX_POINT('',#4176);
#2000=VERTEX_POINT('',#4178);
#2001=VERTEX_POINT('',#4180);
#2002=VERTEX_POINT('',#4183);
#2003=VERTEX_POINT('',#4185);
#2004=VERTEX_POINT('',#4189);
#2005=VERTEX_POINT('',#4191);
#2006=VERTEX_POINT('',#4195);
#2007=VERTEX_POINT('',#4200);
#2008=VERTEX_POINT('',#4202);
#2009=VERTEX_POINT('',#4204);
#2010=VERTEX_POINT('',#4206);
#2011=VERTEX_POINT('',#4211);
#2012=VERTEX_POINT('',#4213);
#2013=VERTEX_POINT('',#4217);
#2014=VERTEX_POINT('',#4219);
#2015=VERTEX_POINT('',#4232);
#2016=VERTEX_POINT('',#4243);
#2017=VERTEX_POINT('',#4248);
#2018=VERTEX_POINT('',#4249);
#2019=VERTEX_POINT('',#4251);
#2020=VERTEX_POINT('',#4253);
#2021=VERTEX_POINT('',#4255);
#2022=VERTEX_POINT('',#4259);
#2023=VERTEX_POINT('',#4262);
#2024=VERTEX_POINT('',#4264);
#2025=VERTEX_POINT('',#4272);
#2026=VERTEX_POINT('',#4277);
#2027=VERTEX_POINT('',#4284);
#2028=VERTEX_POINT('',#4291);
#2029=VERTEX_POINT('',#4292);
#2030=VERTEX_POINT('',#4297);
#2031=VERTEX_POINT('',#4299);
#2032=VERTEX_POINT('',#4301);
#2033=VERTEX_POINT('',#4305);
#2034=VERTEX_POINT('',#4307);
#2035=VERTEX_POINT('',#4309);
#2036=VERTEX_POINT('',#4313);
#2037=VERTEX_POINT('',#4318);
#2038=VERTEX_POINT('',#4325);
#2039=VERTEX_POINT('',#4332);
#2040=VERTEX_POINT('',#4334);
#2041=VERTEX_POINT('',#4371);
#2042=VERTEX_POINT('',#4373);
#2043=VERTEX_POINT('',#4384);
#2044=VERTEX_POINT('',#4388);
#2045=VERTEX_POINT('',#4438);
#2046=VERTEX_POINT('',#4525);
#2047=VERTEX_POINT('',#4535);
#2048=VERTEX_POINT('',#4536);
#2049=VERTEX_POINT('',#4539);
#2050=VERTEX_POINT('',#4544);
#2051=VERTEX_POINT('',#4555);
#2052=VERTEX_POINT('',#4556);
#2053=VERTEX_POINT('',#4559);
#2054=VERTEX_POINT('',#4564);
#2055=VERTEX_POINT('',#4589);
#2056=VERTEX_POINT('',#4599);
#2057=VERTEX_POINT('',#4604);
#2058=VERTEX_POINT('',#4671);
#2059=VERTEX_POINT('',#4677);
#2060=VERTEX_POINT('',#4688);
#2061=VERTEX_POINT('',#4694);
#2062=B_SPLINE_CURVE_WITH_KNOTS('',3,(#3717,#3718,#3719,#3720,#3721),
 .UNSPECIFIED.,.F.,.F.,(4,1,4),(-4.61522488328543E-6,0.000733186119930834,
0.00147098746474495),.UNSPECIFIED.);
#2063=B_SPLINE_CURVE_WITH_KNOTS('',3,(#3726,#3727,#3728,#3729,#3730,#3731,
#3732),.UNSPECIFIED.,.F.,.F.,(4,1,1,1,4),(0.,0.000684661309053571,0.00136932261810714,
0.00205398392716071,0.00273864523621428),.UNSPECIFIED.);
#2064=B_SPLINE_CURVE_WITH_KNOTS('',3,(#3736,#3737,#3738,#3739,#3740),
 .UNSPECIFIED.,.F.,.F.,(4,1,4),(1.55158384577955E-17,0.000739304660323384,
0.00147860932064675),.UNSPECIFIED.);
#2065=B_SPLINE_CURVE_WITH_KNOTS('',3,(#3755,#3756,#3757,#3758),
 .UNSPECIFIED.,.F.,.F.,(4,4),(0.,0.000169324525107456),.UNSPECIFIED.);
#2066=B_SPLINE_CURVE_WITH_KNOTS('',3,(#3761,#3762,#3763,#3764),
 .UNSPECIFIED.,.F.,.F.,(4,4),(1.67774605156814E-15,0.000501066442019216),
 .UNSPECIFIED.);
#2067=B_SPLINE_CURVE_WITH_KNOTS('',3,(#3776,#3777,#3778,#3779),
 .UNSPECIFIED.,.F.,.F.,(4,4),(-2.09009404127071E-5,0.000849300215481325),
 .UNSPECIFIED.);
#2068=B_SPLINE_CURVE_WITH_KNOTS('',3,(#3813,#3814,#3815,#3816),
 .UNSPECIFIED.,.F.,.F.,(4,4),(0.000400077243356855,0.000664566114155773),
 .UNSPECIFIED.);
#2069=B_SPLINE_CURVE_WITH_KNOTS('',3,(#3880,#3881,#3882,#3883),
 .UNSPECIFIED.,.F.,.F.,(4,4),(0.,0.000265466421705485),.UNSPECIFIED.);
#2070=B_SPLINE_CURVE_WITH_KNOTS('',3,(#4069,#4070,#4071,#4072),
 .UNSPECIFIED.,.F.,.F.,(4,4),(2.42239447492012E-16,0.00011815888285013),
 .UNSPECIFIED.);
#2071=B_SPLINE_CURVE_WITH_KNOTS('',3,(#4076,#4077,#4078,#4079),
 .UNSPECIFIED.,.F.,.F.,(4,4),(0.,0.000118177464874279),.UNSPECIFIED.);
#2072=B_SPLINE_CURVE_WITH_KNOTS('',3,(#4083,#4084,#4085,#4086),
 .UNSPECIFIED.,.F.,.F.,(4,4),(0.,3.38146013090381E-5),.UNSPECIFIED.);
#2073=B_SPLINE_CURVE_WITH_KNOTS('',3,(#4098,#4099,#4100,#4101),
 .UNSPECIFIED.,.F.,.F.,(4,4),(0.,3.37979718931576E-5),.UNSPECIFIED.);
#2074=B_SPLINE_CURVE_WITH_KNOTS('',3,(#4196,#4197,#4198,#4199),
 .UNSPECIFIED.,.F.,.F.,(4,4),(0.004916185927117,0.00578773708723028),
 .UNSPECIFIED.);
#2075=B_SPLINE_CURVE_WITH_KNOTS('',3,(#4223,#4224,#4225,#4226,#4227,#4228,
#4229),.UNSPECIFIED.,.F.,.F.,(4,1,1,1,4),(0.,0.000684661309029201,0.0013693226180584,
0.0020539839270876,0.0027386452361168),.UNSPECIFIED.);
#2076=B_SPLINE_CURVE_WITH_KNOTS('',3,(#4233,#4234,#4235,#4236),
 .UNSPECIFIED.,.F.,.F.,(4,4),(0.,0.000531172239485888),.UNSPECIFIED.);
#2077=B_SPLINE_CURVE_WITH_KNOTS('',3,(#4239,#4240,#4241,#4242),
 .UNSPECIFIED.,.F.,.F.,(4,4),(0.,0.000531172239485865),.UNSPECIFIED.);
#2078=B_SPLINE_CURVE_WITH_KNOTS('',3,(#4265,#4266,#4267,#4268),
 .UNSPECIFIED.,.F.,.F.,(4,4),(0.,0.000601970462716343),.UNSPECIFIED.);
#2079=B_SPLINE_CURVE_WITH_KNOTS('',3,(#4273,#4274,#4275,#4276),
 .UNSPECIFIED.,.F.,.F.,(4,4),(0.,0.000666907619545723),.UNSPECIFIED.);
#2080=B_SPLINE_CURVE_WITH_KNOTS('',3,(#4280,#4281,#4282,#4283),
 .UNSPECIFIED.,.F.,.F.,(4,4),(0.,0.000574665047864088),.UNSPECIFIED.);
#2081=B_SPLINE_CURVE_WITH_KNOTS('',3,(#4285,#4286,#4287,#4288),
 .UNSPECIFIED.,.F.,.F.,(4,4),(2.94392336003208E-17,0.000973032918902631),
 .UNSPECIFIED.);
#2082=B_SPLINE_CURVE_WITH_KNOTS('',3,(#4293,#4294,#4295,#4296),
 .UNSPECIFIED.,.F.,.F.,(4,4),(0.,0.00066686439049735),.UNSPECIFIED.);
#2083=B_SPLINE_CURVE_WITH_KNOTS('',3,(#4314,#4315,#4316,#4317),
 .UNSPECIFIED.,.F.,.F.,(4,4),(0.,0.000973032918890386),.UNSPECIFIED.);
#2084=B_SPLINE_CURVE_WITH_KNOTS('',3,(#4319,#4320,#4321,#4322),
 .UNSPECIFIED.,.F.,.F.,(4,4),(0.,0.000574665047824151),.UNSPECIFIED.);
#2085=B_SPLINE_CURVE_WITH_KNOTS('',3,(#4327,#4328,#4329,#4330,#4331),
 .UNSPECIFIED.,.F.,.F.,(4,1,4),(0.,0.000737813038778245,0.00147562607755649),
 .UNSPECIFIED.);
#2086=B_SPLINE_CURVE_WITH_KNOTS('',3,(#4335,#4336,#4337,#4338,#4339),
 .UNSPECIFIED.,.F.,.F.,(4,1,4),(0.,0.000739221667449304,0.00147844333489861),
 .UNSPECIFIED.);
#2087=B_SPLINE_CURVE_WITH_KNOTS('',3,(#4340,#4341,#4342,#4343),
 .UNSPECIFIED.,.F.,.F.,(4,4),(0.000105029206426772,0.000709031927713445),
 .UNSPECIFIED.);
#2088=B_SPLINE_CURVE_WITH_KNOTS('',3,(#4357,#4358,#4359,#4360),
 .UNSPECIFIED.,.F.,.F.,(4,4),(-5.68775286371516E-6,0.000836906526417862),
 .UNSPECIFIED.);
#2089=B_SPLINE_CURVE_WITH_KNOTS('',3,(#4367,#4368,#4369,#4370),
 .UNSPECIFIED.,.F.,.F.,(4,4),(0.,0.000130577040536335),.UNSPECIFIED.);
#2090=B_SPLINE_CURVE_WITH_KNOTS('',3,(#4374,#4375,#4376,#4377),
 .UNSPECIFIED.,.F.,.F.,(4,4),(0.,0.000130593658187788),.UNSPECIFIED.);
#2091=B_SPLINE_CURVE_WITH_KNOTS('',3,(#4434,#4435,#4436,#4437),
 .UNSPECIFIED.,.F.,.F.,(4,4),(0.000897654558100872,0.00139968715851064),
 .UNSPECIFIED.);
#2092=B_SPLINE_CURVE_WITH_KNOTS('',3,(#4439,#4440,#4441,#4442),
 .UNSPECIFIED.,.F.,.F.,(4,4),(0.000635006677055836,0.000802624323106903),
 .UNSPECIFIED.);
#2093=B_SPLINE_CURVE_WITH_KNOTS('',3,(#4521,#4522,#4523,#4524),
 .UNSPECIFIED.,.F.,.F.,(4,4),(1.73472347597681E-18,0.000924554500655789),
 .UNSPECIFIED.);
#2094=B_SPLINE_CURVE_WITH_KNOTS('',3,(#4526,#4527,#4528,#4529),
 .UNSPECIFIED.,.F.,.F.,(4,4),(7.80539305117586E-16,0.000716152662110074),
 .UNSPECIFIED.);
#2095=B_SPLINE_CURVE_WITH_KNOTS('',3,(#4531,#4532,#4533,#4534),
 .UNSPECIFIED.,.F.,.F.,(4,4),(0.,0.000215340011498483),.UNSPECIFIED.);
#2096=B_SPLINE_CURVE_WITH_KNOTS('',3,(#4540,#4541,#4542,#4543),
 .UNSPECIFIED.,.F.,.F.,(4,4),(0.,0.00029848544352765),.UNSPECIFIED.);
#2097=B_SPLINE_CURVE_WITH_KNOTS('',3,(#4545,#4546,#4547,#4548,#4549),
 .UNSPECIFIED.,.F.,.F.,(4,1,4),(0.,0.000386960301230704,0.000773920602461408),
 .UNSPECIFIED.);
#2098=B_SPLINE_CURVE_WITH_KNOTS('',3,(#4551,#4552,#4553,#4554),
 .UNSPECIFIED.,.F.,.F.,(4,4),(0.,0.000302488114684646),.UNSPECIFIED.);
#2099=B_SPLINE_CURVE_WITH_KNOTS('',3,(#4560,#4561,#4562,#4563),
 .UNSPECIFIED.,.F.,.F.,(4,4),(0.,0.000215340011627243),.UNSPECIFIED.);
#2100=B_SPLINE_CURVE_WITH_KNOTS('',3,(#4565,#4566,#4567,#4568,#4569),
 .UNSPECIFIED.,.F.,.F.,(4,1,4),(0.,0.000386960301094278,0.000773920602188557),
 .UNSPECIFIED.);
#2101=B_SPLINE_CURVE_WITH_KNOTS('',3,(#4585,#4586,#4587,#4588),
 .UNSPECIFIED.,.F.,.F.,(4,4),(0.,0.000716152662163086),.UNSPECIFIED.);
#2102=B_SPLINE_CURVE_WITH_KNOTS('',3,(#4590,#4591,#4592,#4593),
 .UNSPECIFIED.,.F.,.F.,(4,4),(0.,0.000924697071702321),.UNSPECIFIED.);
#2103=B_SPLINE_CURVE_WITH_KNOTS('',3,(#4595,#4596,#4597,#4598),
 .UNSPECIFIED.,.F.,.F.,(4,4),(0.,0.000611645457449792),.UNSPECIFIED.);
#2104=B_SPLINE_CURVE_WITH_KNOTS('',3,(#4605,#4606,#4607,#4608),
 .UNSPECIFIED.,.F.,.F.,(4,4),(0.,0.000611645457449813),.UNSPECIFIED.);
#2105=B_SPLINE_CURVE_WITH_KNOTS('',3,(#4667,#4668,#4669,#4670),
 .UNSPECIFIED.,.F.,.F.,(4,4),(0.,0.000291274335006826),.UNSPECIFIED.);
#2106=B_SPLINE_CURVE_WITH_KNOTS('',3,(#4672,#4673,#4674,#4675,#4676),
 .UNSPECIFIED.,.F.,.F.,(4,1,4),(0.,0.000605653890651905,0.00121130778130381),
 .UNSPECIFIED.);
#2107=B_SPLINE_CURVE_WITH_KNOTS('',3,(#4678,#4679,#4680,#4681),
 .UNSPECIFIED.,.F.,.F.,(4,4),(0.,0.000399235982294138),.UNSPECIFIED.);
#2108=B_SPLINE_CURVE_WITH_KNOTS('',3,(#4684,#4685,#4686,#4687),
 .UNSPECIFIED.,.F.,.F.,(4,4),(0.,0.000399235982484848),.UNSPECIFIED.);
#2109=B_SPLINE_CURVE_WITH_KNOTS('',3,(#4689,#4690,#4691,#4692,#4693),
 .UNSPECIFIED.,.F.,.F.,(4,1,4),(0.,0.000605653890456449,0.0012113077809129),
 .UNSPECIFIED.);
#2110=B_SPLINE_CURVE_WITH_KNOTS('',3,(#4695,#4696,#4697,#4698),
 .UNSPECIFIED.,.F.,.F.,(4,4),(0.,0.00029127433519332),.UNSPECIFIED.);
#2111=B_SPLINE_CURVE_WITH_KNOTS('',3,(#4928,#4929,#4930,#4931,#4932,#4933,
#4934),.UNSPECIFIED.,.F.,.F.,(4,1,1,1,4),(0.,0.000325103917652303,0.000650207835304606,
0.000975311752956908,0.00130041567060921),.UNSPECIFIED.);
#2112=B_SPLINE_CURVE_WITH_KNOTS('',3,(#4935,#4936,#4937,#4938,#4939),
 .UNSPECIFIED.,.F.,.F.,(4,1,4),(0.,0.000618205490377274,0.00123641098075455),
 .UNSPECIFIED.);
#2113=B_SPLINE_CURVE_WITH_KNOTS('',3,(#4941,#4942,#4943,#4944,#4945),
 .UNSPECIFIED.,.F.,.F.,(4,1,4),(0.,0.000533243499880817,0.00106648699976163),
 .UNSPECIFIED.);
#2114=B_SPLINE_CURVE_WITH_KNOTS('',3,(#4947,#4948,#4949,#4950,#4951,#4952,
#4953,#4954,#4955),.UNSPECIFIED.,.F.,.F.,(4,1,1,1,1,1,4),(0.,0.00015303498439783,
0.00030606996879566,0.000612139937591319,0.000918209906386979,0.00107124489078481,
0.00122427987518264),.UNSPECIFIED.);
#2115=EDGE_LOOP('',(#670,#671,#672,#673,#674,#675));
#2116=EDGE_LOOP('',(#676,#677,#678));
#2117=EDGE_LOOP('',(#679,#680,#681,#682,#683));
#2118=EDGE_LOOP('',(#684,#685,#686,#687,#688,#689,#690,#691,#692));
#2119=EDGE_LOOP('',(#693,#694,#695,#696,#697,#698));
#2120=EDGE_LOOP('',(#699,#700,#701,#702,#703,#704,#705,#706,#707));
#2121=EDGE_LOOP('',(#708));
#2122=EDGE_LOOP('',(#709));
#2123=EDGE_LOOP('',(#710,#711,#712,#713,#714,#715,#716,#717,#718,#719));
#2124=EDGE_LOOP('',(#720));
#2125=EDGE_LOOP('',(#721));
#2126=EDGE_LOOP('',(#722,#723,#724,#725,#726));
#2127=EDGE_LOOP('',(#727,#728,#729,#730,#731,#732,#733,#734,#735));
#2128=EDGE_LOOP('',(#736,#737,#738,#739,#740,#741));
#2129=EDGE_LOOP('',(#742));
#2130=EDGE_LOOP('',(#743,#744,#745,#746,#747,#748));
#2131=EDGE_LOOP('',(#749));
#2132=EDGE_LOOP('',(#750));
#2133=EDGE_LOOP('',(#751));
#2134=EDGE_LOOP('',(#752,#753,#754,#755,#756,#757));
#2135=EDGE_LOOP('',(#758,#759,#760,#761,#762,#763,#764,#765,#766,#767));
#2136=EDGE_LOOP('',(#768,#769,#770,#771,#772,#773,#774,#775));
#2137=EDGE_LOOP('',(#776,#777,#778,#779,#780,#781,#782,#783,#784,#785));
#2138=EDGE_LOOP('',(#786,#787,#788,#789,#790,#791));
#2139=EDGE_LOOP('',(#792,#793,#794,#795));
#2140=EDGE_LOOP('',(#796));
#2141=EDGE_LOOP('',(#797));
#2142=EDGE_LOOP('',(#798));
#2143=EDGE_LOOP('',(#799,#800,#801,#802));
#2144=EDGE_LOOP('',(#803,#804,#805,#806,#807,#808,#809,#810,#811,#812,#813,
#814,#815,#816,#817,#818,#819,#820,#821,#822,#823,#824,#825,#826,#827,#828));
#2145=EDGE_LOOP('',(#829,#830,#831,#832,#833,#834,#835,#836,#837,#838,#839,
#840));
#2146=EDGE_LOOP('',(#841,#842,#843,#844));
#2147=EDGE_LOOP('',(#845,#846,#847,#848));
#2148=EDGE_LOOP('',(#849,#850,#851,#852));
#2149=EDGE_LOOP('',(#853));
#2150=EDGE_LOOP('',(#854));
#2151=EDGE_LOOP('',(#855));
#2152=EDGE_LOOP('',(#856));
#2153=EDGE_LOOP('',(#857));
#2154=EDGE_LOOP('',(#858));
#2155=EDGE_LOOP('',(#859));
#2156=EDGE_LOOP('',(#860));
#2157=EDGE_LOOP('',(#861));
#2158=EDGE_LOOP('',(#862));
#2159=EDGE_LOOP('',(#863));
#2160=EDGE_LOOP('',(#864));
#2161=EDGE_LOOP('',(#865));
#2162=EDGE_LOOP('',(#866));
#2163=EDGE_LOOP('',(#867));
#2164=EDGE_LOOP('',(#868));
#2165=EDGE_LOOP('',(#869));
#2166=EDGE_LOOP('',(#870));
#2167=EDGE_LOOP('',(#871,#872,#873,#874));
#2168=EDGE_LOOP('',(#875,#876,#877,#878));
#2169=EDGE_LOOP('',(#879,#880,#881,#882,#883,#884,#885,#886,#887));
#2170=EDGE_LOOP('',(#888,#889,#890,#891));
#2171=EDGE_LOOP('',(#892,#893,#894,#895,#896,#897,#898,#899,#900));
#2172=EDGE_LOOP('',(#901,#902,#903,#904));
#2173=EDGE_LOOP('',(#905,#906,#907,#908,#909,#910,#911,#912,#913));
#2174=EDGE_LOOP('',(#914,#915,#916,#917));
#2175=EDGE_LOOP('',(#918,#919,#920,#921));
#2176=EDGE_LOOP('',(#922,#923,#924,#925,#926,#927));
#2177=EDGE_LOOP('',(#928,#929,#930,#931,#932,#933));
#2178=EDGE_LOOP('',(#934,#935,#936,#937,#938));
#2179=EDGE_LOOP('',(#939,#940,#941,#942,#943));
#2180=EDGE_LOOP('',(#944,#945,#946,#947,#948));
#2181=EDGE_LOOP('',(#949,#950,#951,#952,#953,#954,#955,#956,#957,#958,#959));
#2182=EDGE_LOOP('',(#960));
#2183=EDGE_LOOP('',(#961,#962,#963,#964,#965));
#2184=EDGE_LOOP('',(#966,#967,#968,#969));
#2185=EDGE_LOOP('',(#970,#971,#972,#973,#974));
#2186=EDGE_LOOP('',(#975,#976,#977,#978,#979));
#2187=EDGE_LOOP('',(#980,#981,#982,#983));
#2188=EDGE_LOOP('',(#984,#985,#986,#987,#988,#989,#990,#991,#992,#993,#994));
#2189=EDGE_LOOP('',(#995));
#2190=EDGE_LOOP('',(#996,#997,#998,#999));
#2191=EDGE_LOOP('',(#1000,#1001,#1002,#1003));
#2192=EDGE_LOOP('',(#1004,#1005,#1006,#1007));
#2193=EDGE_LOOP('',(#1008,#1009,#1010,#1011));
#2194=EDGE_LOOP('',(#1012,#1013,#1014,#1015));
#2195=EDGE_LOOP('',(#1016,#1017,#1018,#1019));
#2196=EDGE_LOOP('',(#1020));
#2197=EDGE_LOOP('',(#1021,#1022));
#2198=EDGE_LOOP('',(#1023,#1024,#1025,#1026));
#2199=EDGE_LOOP('',(#1027,#1028,#1029,#1030));
#2200=EDGE_LOOP('',(#1031,#1032,#1033,#1034,#1035,#1036,#1037,#1038,#1039,
#1040));
#2201=EDGE_LOOP('',(#1041,#1042,#1043,#1044));
#2202=EDGE_LOOP('',(#1045));
#2203=EDGE_LOOP('',(#1046));
#2204=EDGE_LOOP('',(#1047));
#2205=EDGE_LOOP('',(#1048));
#2206=EDGE_LOOP('',(#1049,#1050,#1051,#1052));
#2207=EDGE_LOOP('',(#1053,#1054,#1055,#1056));
#2208=EDGE_LOOP('',(#1057,#1058,#1059,#1060));
#2209=EDGE_LOOP('',(#1061,#1062,#1063,#1064));
#2210=EDGE_LOOP('',(#1065,#1066,#1067,#1068));
#2211=EDGE_LOOP('',(#1069,#1070,#1071,#1072));
#2212=EDGE_LOOP('',(#1073,#1074));
#2213=EDGE_LOOP('',(#1075,#1076));
#2214=EDGE_LOOP('',(#1077,#1078,#1079,#1080,#1081,#1082));
#2215=EDGE_LOOP('',(#1083,#1084,#1085));
#2216=EDGE_LOOP('',(#1086,#1087,#1088,#1089));
#2217=EDGE_LOOP('',(#1090,#1091,#1092,#1093));
#2218=EDGE_LOOP('',(#1094,#1095,#1096));
#2219=EDGE_LOOP('',(#1097,#1098,#1099,#1100));
#2220=EDGE_LOOP('',(#1101,#1102,#1103,#1104));
#2221=EDGE_LOOP('',(#1105,#1106,#1107,#1108));
#2222=EDGE_LOOP('',(#1109,#1110,#1111,#1112));
#2223=EDGE_LOOP('',(#1113,#1114,#1115,#1116));
#2224=EDGE_LOOP('',(#1117,#1118,#1119,#1120));
#2225=EDGE_LOOP('',(#1121,#1122,#1123));
#2226=EDGE_LOOP('',(#1124,#1125,#1126,#1127));
#2227=EDGE_LOOP('',(#1128,#1129,#1130,#1131));
#2228=EDGE_LOOP('',(#1132,#1133,#1134,#1135,#1136));
#2229=EDGE_LOOP('',(#1137,#1138,#1139,#1140,#1141,#1142));
#2230=EDGE_LOOP('',(#1143,#1144,#1145,#1146,#1147,#1148));
#2231=EDGE_LOOP('',(#1149,#1150,#1151,#1152));
#2232=EDGE_LOOP('',(#1153,#1154,#1155,#1156,#1157));
#2233=EDGE_LOOP('',(#1158,#1159,#1160,#1161,#1162));
#2234=EDGE_LOOP('',(#1163,#1164,#1165,#1166,#1167));
#2235=EDGE_LOOP('',(#1168,#1169,#1170,#1171));
#2236=EDGE_LOOP('',(#1172,#1173,#1174,#1175));
#2237=EDGE_LOOP('',(#1176,#1177,#1178,#1179));
#2238=EDGE_LOOP('',(#1180,#1181,#1182,#1183));
#2239=EDGE_LOOP('',(#1184,#1185,#1186,#1187));
#2240=EDGE_LOOP('',(#1188,#1189,#1190,#1191));
#2241=EDGE_LOOP('',(#1192,#1193,#1194,#1195));
#2242=EDGE_LOOP('',(#1196,#1197,#1198,#1199));
#2243=EDGE_LOOP('',(#1200,#1201,#1202,#1203));
#2244=EDGE_LOOP('',(#1204,#1205,#1206,#1207));
#2245=EDGE_LOOP('',(#1208,#1209,#1210,#1211));
#2246=EDGE_LOOP('',(#1212,#1213,#1214,#1215));
#2247=EDGE_LOOP('',(#1216,#1217,#1218,#1219));
#2248=EDGE_LOOP('',(#1220,#1221,#1222,#1223));
#2249=EDGE_LOOP('',(#1224,#1225,#1226,#1227));
#2250=EDGE_LOOP('',(#1228,#1229,#1230,#1231));
#2251=EDGE_LOOP('',(#1232,#1233,#1234,#1235));
#2252=EDGE_LOOP('',(#1236,#1237,#1238,#1239));
#2253=EDGE_LOOP('',(#1240,#1241,#1242,#1243));
#2254=EDGE_LOOP('',(#1244,#1245,#1246,#1247));
#2255=EDGE_LOOP('',(#1248,#1249,#1250,#1251));
#2256=EDGE_LOOP('',(#1252,#1253,#1254,#1255));
#2257=EDGE_LOOP('',(#1256,#1257,#1258,#1259));
#2258=EDGE_LOOP('',(#1260,#1261,#1262,#1263));
#2259=EDGE_LOOP('',(#1264,#1265,#1266,#1267));
#2260=EDGE_LOOP('',(#1268,#1269,#1270,#1271));
#2261=EDGE_LOOP('',(#1272,#1273,#1274,#1275));
#2262=EDGE_LOOP('',(#1276,#1277,#1278,#1279));
#2263=EDGE_LOOP('',(#1280,#1281,#1282,#1283,#1284,#1285,#1286));
#2264=EDGE_LOOP('',(#1287,#1288,#1289,#1290,#1291,#1292,#1293));
#2265=EDGE_LOOP('',(#1294,#1295,#1296,#1297,#1298));
#2266=EDGE_LOOP('',(#1299,#1300,#1301,#1302));
#2267=EDGE_LOOP('',(#1303,#1304,#1305,#1306));
#2268=EDGE_LOOP('',(#1307,#1308,#1309,#1310));
#2269=EDGE_LOOP('',(#1311,#1312,#1313,#1314));
#2270=EDGE_LOOP('',(#1315,#1316,#1317,#1318));
#2271=EDGE_LOOP('',(#1319,#1320,#1321,#1322,#1323,#1324,#1325,#1326));
#2272=EDGE_LOOP('',(#1327,#1328,#1329,#1330));
#2273=EDGE_LOOP('',(#1331,#1332,#1333,#1334));
#2274=EDGE_LOOP('',(#1335,#1336,#1337,#1338));
#2275=EDGE_LOOP('',(#1339,#1340,#1341,#1342));
#2276=EDGE_LOOP('',(#1343,#1344,#1345,#1346));
#2277=EDGE_LOOP('',(#1347,#1348,#1349,#1350));
#2278=EDGE_LOOP('',(#1351,#1352,#1353,#1354,#1355));
#2279=EDGE_LOOP('',(#1356,#1357,#1358,#1359));
#2280=EDGE_LOOP('',(#1360,#1361,#1362,#1363));
#2281=EDGE_LOOP('',(#1364,#1365,#1366,#1367));
#2282=EDGE_LOOP('',(#1368,#1369,#1370,#1371));
#2283=EDGE_LOOP('',(#1372,#1373,#1374,#1375));
#2284=EDGE_LOOP('',(#1376,#1377,#1378,#1379,#1380,#1381,#1382,#1383));
#2285=EDGE_LOOP('',(#1384,#1385,#1386,#1387));
#2286=EDGE_LOOP('',(#1388,#1389,#1390,#1391));
#2287=EDGE_LOOP('',(#1392,#1393,#1394,#1395));
#2288=EDGE_LOOP('',(#1396,#1397,#1398,#1399));
#2289=EDGE_LOOP('',(#1400,#1401,#1402,#1403));
#2290=EDGE_LOOP('',(#1404,#1405,#1406,#1407));
#2291=EDGE_LOOP('',(#1408,#1409,#1410,#1411));
#2292=EDGE_LOOP('',(#1412,#1413,#1414,#1415));
#2293=EDGE_LOOP('',(#1416,#1417,#1418,#1419));
#2294=EDGE_LOOP('',(#1420,#1421,#1422,#1423));
#2295=EDGE_LOOP('',(#1424,#1425));
#2296=EDGE_LOOP('',(#1426,#1427));
#2297=EDGE_LOOP('',(#1428,#1429,#1430,#1431));
#2298=EDGE_LOOP('',(#1432,#1433,#1434,#1435,#1436,#1437));
#2299=FACE_BOUND('',#2115,.T.);
#2300=FACE_BOUND('',#2116,.T.);
#2301=FACE_BOUND('',#2117,.T.);
#2302=FACE_BOUND('',#2118,.T.);
#2303=FACE_BOUND('',#2119,.T.);
#2304=FACE_BOUND('',#2120,.T.);
#2305=FACE_BOUND('',#2121,.T.);
#2306=FACE_BOUND('',#2122,.T.);
#2307=FACE_BOUND('',#2123,.T.);
#2308=FACE_BOUND('',#2124,.T.);
#2309=FACE_BOUND('',#2125,.T.);
#2310=FACE_BOUND('',#2126,.T.);
#2311=FACE_BOUND('',#2127,.T.);
#2312=FACE_BOUND('',#2128,.T.);
#2313=FACE_BOUND('',#2129,.T.);
#2314=FACE_BOUND('',#2130,.T.);
#2315=FACE_BOUND('',#2131,.T.);
#2316=FACE_BOUND('',#2132,.T.);
#2317=FACE_BOUND('',#2133,.T.);
#2318=FACE_BOUND('',#2134,.T.);
#2319=FACE_BOUND('',#2135,.T.);
#2320=FACE_BOUND('',#2136,.T.);
#2321=FACE_BOUND('',#2137,.T.);
#2322=FACE_BOUND('',#2138,.T.);
#2323=FACE_BOUND('',#2139,.T.);
#2324=FACE_BOUND('',#2140,.T.);
#2325=FACE_BOUND('',#2141,.T.);
#2326=FACE_BOUND('',#2142,.T.);
#2327=FACE_BOUND('',#2143,.T.);
#2328=FACE_BOUND('',#2144,.T.);
#2329=FACE_BOUND('',#2145,.T.);
#2330=FACE_BOUND('',#2146,.T.);
#2331=FACE_BOUND('',#2147,.T.);
#2332=FACE_BOUND('',#2148,.T.);
#2333=FACE_BOUND('',#2149,.T.);
#2334=FACE_BOUND('',#2150,.T.);
#2335=FACE_BOUND('',#2151,.T.);
#2336=FACE_BOUND('',#2152,.T.);
#2337=FACE_BOUND('',#2153,.T.);
#2338=FACE_BOUND('',#2154,.T.);
#2339=FACE_BOUND('',#2155,.T.);
#2340=FACE_BOUND('',#2156,.T.);
#2341=FACE_BOUND('',#2157,.T.);
#2342=FACE_BOUND('',#2158,.T.);
#2343=FACE_BOUND('',#2159,.T.);
#2344=FACE_BOUND('',#2160,.T.);
#2345=FACE_BOUND('',#2161,.T.);
#2346=FACE_BOUND('',#2162,.T.);
#2347=FACE_BOUND('',#2163,.T.);
#2348=FACE_BOUND('',#2164,.T.);
#2349=FACE_BOUND('',#2165,.T.);
#2350=FACE_BOUND('',#2166,.T.);
#2351=FACE_BOUND('',#2167,.T.);
#2352=FACE_BOUND('',#2168,.T.);
#2353=FACE_BOUND('',#2169,.T.);
#2354=FACE_BOUND('',#2170,.T.);
#2355=FACE_BOUND('',#2171,.T.);
#2356=FACE_BOUND('',#2172,.T.);
#2357=FACE_BOUND('',#2173,.T.);
#2358=FACE_BOUND('',#2174,.T.);
#2359=FACE_BOUND('',#2175,.T.);
#2360=FACE_BOUND('',#2176,.T.);
#2361=FACE_BOUND('',#2177,.T.);
#2362=FACE_BOUND('',#2178,.T.);
#2363=FACE_BOUND('',#2179,.T.);
#2364=FACE_BOUND('',#2180,.T.);
#2365=FACE_BOUND('',#2181,.T.);
#2366=FACE_BOUND('',#2182,.T.);
#2367=FACE_BOUND('',#2183,.T.);
#2368=FACE_BOUND('',#2184,.T.);
#2369=FACE_BOUND('',#2185,.T.);
#2370=FACE_BOUND('',#2186,.T.);
#2371=FACE_BOUND('',#2187,.T.);
#2372=FACE_BOUND('',#2188,.T.);
#2373=FACE_BOUND('',#2189,.T.);
#2374=FACE_BOUND('',#2190,.T.);
#2375=FACE_BOUND('',#2191,.T.);
#2376=FACE_BOUND('',#2192,.T.);
#2377=FACE_BOUND('',#2193,.T.);
#2378=FACE_BOUND('',#2194,.T.);
#2379=FACE_BOUND('',#2195,.T.);
#2380=FACE_BOUND('',#2196,.T.);
#2381=FACE_BOUND('',#2197,.T.);
#2382=FACE_BOUND('',#2198,.T.);
#2383=FACE_BOUND('',#2199,.T.);
#2384=FACE_BOUND('',#2200,.T.);
#2385=FACE_BOUND('',#2201,.T.);
#2386=FACE_BOUND('',#2202,.T.);
#2387=FACE_BOUND('',#2203,.T.);
#2388=FACE_BOUND('',#2204,.T.);
#2389=FACE_BOUND('',#2205,.T.);
#2390=FACE_BOUND('',#2206,.T.);
#2391=FACE_BOUND('',#2207,.T.);
#2392=FACE_BOUND('',#2208,.T.);
#2393=FACE_BOUND('',#2209,.T.);
#2394=FACE_BOUND('',#2210,.T.);
#2395=FACE_BOUND('',#2211,.T.);
#2396=FACE_BOUND('',#2212,.T.);
#2397=FACE_BOUND('',#2213,.T.);
#2398=FACE_BOUND('',#2214,.T.);
#2399=FACE_BOUND('',#2215,.T.);
#2400=FACE_BOUND('',#2216,.T.);
#2401=FACE_BOUND('',#2217,.T.);
#2402=FACE_BOUND('',#2218,.T.);
#2403=FACE_BOUND('',#2219,.T.);
#2404=FACE_BOUND('',#2220,.T.);
#2405=FACE_BOUND('',#2221,.T.);
#2406=FACE_BOUND('',#2222,.T.);
#2407=FACE_BOUND('',#2223,.T.);
#2408=FACE_BOUND('',#2224,.T.);
#2409=FACE_BOUND('',#2225,.T.);
#2410=FACE_BOUND('',#2226,.T.);
#2411=FACE_BOUND('',#2227,.T.);
#2412=FACE_BOUND('',#2228,.T.);
#2413=FACE_BOUND('',#2229,.T.);
#2414=FACE_BOUND('',#2230,.T.);
#2415=FACE_BOUND('',#2231,.T.);
#2416=FACE_BOUND('',#2232,.T.);
#2417=FACE_BOUND('',#2233,.T.);
#2418=FACE_BOUND('',#2234,.T.);
#2419=FACE_BOUND('',#2235,.T.);
#2420=FACE_BOUND('',#2236,.T.);
#2421=FACE_BOUND('',#2237,.T.);
#2422=FACE_BOUND('',#2238,.T.);
#2423=FACE_BOUND('',#2239,.T.);
#2424=FACE_BOUND('',#2240,.T.);
#2425=FACE_BOUND('',#2241,.T.);
#2426=FACE_BOUND('',#2242,.T.);
#2427=FACE_BOUND('',#2243,.T.);
#2428=FACE_BOUND('',#2244,.T.);
#2429=FACE_BOUND('',#2245,.T.);
#2430=FACE_BOUND('',#2246,.T.);
#2431=FACE_BOUND('',#2247,.T.);
#2432=FACE_BOUND('',#2248,.T.);
#2433=FACE_BOUND('',#2249,.T.);
#2434=FACE_BOUND('',#2250,.T.);
#2435=FACE_BOUND('',#2251,.T.);
#2436=FACE_BOUND('',#2252,.T.);
#2437=FACE_BOUND('',#2253,.T.);
#2438=FACE_BOUND('',#2254,.T.);
#2439=FACE_BOUND('',#2255,.T.);
#2440=FACE_BOUND('',#2256,.T.);
#2441=FACE_BOUND('',#2257,.T.);
#2442=FACE_BOUND('',#2258,.T.);
#2443=FACE_BOUND('',#2259,.T.);
#2444=FACE_BOUND('',#2260,.T.);
#2445=FACE_BOUND('',#2261,.T.);
#2446=FACE_BOUND('',#2262,.T.);
#2447=FACE_BOUND('',#2263,.T.);
#2448=FACE_BOUND('',#2264,.T.);
#2449=FACE_BOUND('',#2265,.T.);
#2450=FACE_BOUND('',#2266,.T.);
#2451=FACE_BOUND('',#2267,.T.);
#2452=FACE_BOUND('',#2268,.T.);
#2453=FACE_BOUND('',#2269,.T.);
#2454=FACE_BOUND('',#2270,.T.);
#2455=FACE_BOUND('',#2271,.T.);
#2456=FACE_BOUND('',#2272,.T.);
#2457=FACE_BOUND('',#2273,.T.);
#2458=FACE_BOUND('',#2274,.T.);
#2459=FACE_BOUND('',#2275,.T.);
#2460=FACE_BOUND('',#2276,.T.);
#2461=FACE_BOUND('',#2277,.T.);
#2462=FACE_BOUND('',#2278,.T.);
#2463=FACE_BOUND('',#2279,.T.);
#2464=FACE_BOUND('',#2280,.T.);
#2465=FACE_BOUND('',#2281,.T.);
#2466=FACE_BOUND('',#2282,.T.);
#2467=FACE_BOUND('',#2283,.T.);
#2468=FACE_BOUND('',#2284,.T.);
#2469=FACE_BOUND('',#2285,.T.);
#2470=FACE_BOUND('',#2286,.T.);
#2471=FACE_BOUND('',#2287,.T.);
#2472=FACE_BOUND('',#2288,.T.);
#2473=FACE_BOUND('',#2289,.T.);
#2474=FACE_BOUND('',#2290,.T.);
#2475=FACE_BOUND('',#2291,.T.);
#2476=FACE_BOUND('',#2292,.T.);
#2477=FACE_BOUND('',#2293,.T.);
#2478=FACE_BOUND('',#2294,.T.);
#2479=FACE_BOUND('',#2295,.T.);
#2480=FACE_BOUND('',#2296,.T.);
#2481=FACE_BOUND('',#2297,.T.);
#2482=FACE_BOUND('',#2298,.T.);
#2483=(
BOUNDED_SURFACE()
B_SPLINE_SURFACE(3,2,((#3696,#3697,#3698),(#3699,#3700,#3701),(#3702,#3703,
#3704),(#3705,#3706,#3707),(#3708,#3709,#3710),(#3711,#3712,#3713),(#3714,
#3715,#3716)),.UNSPECIFIED.,.F.,.F.,.F.)
B_SPLINE_SURFACE_WITH_KNOTS((4,1,1,1,4),(3,3),(2.23546642062949,2.68852953710965,
3.14159265358981,3.59465577006997,4.04771888655013),(0.,1.),
 .UNSPECIFIED.)
GEOMETRIC_REPRESENTATION_ITEM()
RATIONAL_B_SPLINE_SURFACE(((1.,0.847391026130322,1.),(1.,0.872189201503784,
1.),(1.,0.91070395172561,1.),(1.,0.930467322904117,1.),(1.,0.910703951725643,
1.),(1.,0.872189201503696,1.),(1.,0.847391026130316,1.)))
REPRESENTATION_ITEM('')
SURFACE()
);
#2484=(
BOUNDED_SURFACE()
B_SPLINE_SURFACE(3,2,((#3743,#3744,#3745),(#3746,#3747,#3748),(#3749,#3750,
#3751),(#3752,#3753,#3754)),.UNSPECIFIED.,.F.,.F.,.F.)
B_SPLINE_SURFACE_WITH_KNOTS((4,4),(3,3),(1.94027352829683,2.05983666989621),
(0.,0.0948335683095115),.PIECEWISE_BEZIER_KNOTS.)
GEOMETRIC_REPRESENTATION_ITEM()
RATIONAL_B_SPLINE_SURFACE(((1.,0.980299400697449,0.964335357654291),(1.,
0.981085814500619,0.965759028406387),(1.,0.981841644569998,0.967127332420116),
(1.,0.982564332130259,0.968435637460412)))
REPRESENTATION_ITEM('')
SURFACE()
);
#2485=(
BOUNDED_SURFACE()
B_SPLINE_SURFACE(3,2,((#4401,#4402,#4403),(#4404,#4405,#4406),(#4407,#4408,
#4409),(#4410,#4411,#4412),(#4413,#4414,#4415),(#4416,#4417,#4418),(#4419,
#4420,#4421)),.UNSPECIFIED.,.F.,.F.,.F.)
B_SPLINE_SURFACE_WITH_KNOTS((4,1,1,1,4),(3,3),(2.23546642061166,2.68852953710073,
3.14159265358979,3.59465577007886,4.04771888656793),(0.,1.),
 .UNSPECIFIED.)
GEOMETRIC_REPRESENTATION_ITEM()
RATIONAL_B_SPLINE_SURFACE(((1.,0.847391026127394,1.),(1.,0.872189201501533,
1.),(1.,0.910703951725206,1.),(1.,0.930467322904322,1.),(1.,0.910703951725224,
1.),(1.,0.872189201501492,1.),(1.,0.847391026127394,1.)))
REPRESENTATION_ITEM('')
SURFACE()
);
#2486=(
BOUNDED_SURFACE()
B_SPLINE_SURFACE(3,2,((#4422,#4423,#4424),(#4425,#4426,#4427),(#4428,#4429,
#4430),(#4431,#4432,#4433)),.UNSPECIFIED.,.F.,.F.,.F.)
B_SPLINE_SURFACE_WITH_KNOTS((4,4),(3,3),(1.94027352831166,2.05983666989712),
(0.905166431701919,1.),.PIECEWISE_BEZIER_KNOTS.)
GEOMETRIC_REPRESENTATION_ITEM()
RATIONAL_B_SPLINE_SURFACE(((0.964335357658669,0.980299400700116,1.),(0.965759028410381,
0.981085814503064,1.),(0.967127332423814,0.98184164457227,1.),(0.968435637463848,
0.982564332132377,1.)))
REPRESENTATION_ITEM('')
SURFACE()
);
#2487=(
BOUNDED_SURFACE()
B_SPLINE_SURFACE(3,2,((#4448,#4449,#4450),(#4451,#4452,#4453),(#4454,#4455,
#4456),(#4457,#4458,#4459),(#4460,#4461,#4462),(#4463,#4464,#4465),(#4466,
#4467,#4468)),.UNSPECIFIED.,.F.,.F.,.F.)
B_SPLINE_SURFACE_WITH_KNOTS((4,1,1,1,4),(3,3),(6.28318530717959,6.67588438887831,
7.06858347057703,7.46128255227576,7.85398163397448),(0.,1.),
 .UNSPECIFIED.)
GEOMETRIC_REPRESENTATION_ITEM()
RATIONAL_B_SPLINE_SURFACE(((1.,0.615902037500911,1.),(1.,0.615902039851215,
1.),(1.,0.672813977578377,1.),(1.,0.835695189671569,1.),(1.,0.967179165525344,
1.),(1.,0.999999999918842,1.),(1.,1.,1.)))
REPRESENTATION_ITEM('')
SURFACE()
);
#2488=(
BOUNDED_SURFACE()
B_SPLINE_SURFACE(3,2,((#4483,#4484,#4485),(#4486,#4487,#4488),(#4489,#4490,
#4491),(#4492,#4493,#4494),(#4495,#4496,#4497),(#4498,#4499,#4500),(#4501,
#4502,#4503)),.UNSPECIFIED.,.F.,.F.,.F.)
B_SPLINE_SURFACE_WITH_KNOTS((4,1,1,1,4),(3,3),(1.5707963267949,1.96349540849362,
2.35619449019234,2.74889357189107,3.14159265358979),(0.,1.),
 .UNSPECIFIED.)
GEOMETRIC_REPRESENTATION_ITEM()
RATIONAL_B_SPLINE_SURFACE(((1.,1.,1.),(1.,0.999999999918836,1.),(1.,0.967179165525369,
1.),(1.,0.835695189671546,1.),(1.,0.672813977578524,1.),(1.,0.615902039850935,
1.),(1.,0.615902037500925,1.)))
REPRESENTATION_ITEM('')
SURFACE()
);
#2489=(
BOUNDED_SURFACE()
B_SPLINE_SURFACE(3,2,((#4509,#4510,#4511),(#4512,#4513,#4514),(#4515,#4516,
#4517),(#4518,#4519,#4520)),.UNSPECIFIED.,.F.,.F.,.F.)
B_SPLINE_SURFACE_WITH_KNOTS((4,4),(3,3),(0.0162832503115482,0.0166476686986492),
(0.,1.),.PIECEWISE_BEZIER_KNOTS.)
GEOMETRIC_REPRESENTATION_ITEM()
RATIONAL_B_SPLINE_SURFACE(((1.,0.923879532511283,1.),(1.,0.921862849521679,
1.),(1.,0.919300962192146,1.),(1.,0.91625908083282,1.)))
REPRESENTATION_ITEM('')
SURFACE()
);
#2490=(
BOUNDED_SURFACE()
B_SPLINE_SURFACE(3,2,((#4573,#4574,#4575),(#4576,#4577,#4578),(#4579,#4580,
#4581),(#4582,#4583,#4584)),.UNSPECIFIED.,.F.,.F.,.F.)
B_SPLINE_SURFACE_WITH_KNOTS((4,4),(3,3),(0.0166538575343244,0.017010447051735),
(0.,1.),.PIECEWISE_BEZIER_KNOTS.)
GEOMETRIC_REPRESENTATION_ITEM()
RATIONAL_B_SPLINE_SURFACE(((1.,0.916258776541771,1.),(1.,0.919317781697204,
1.),(1.,0.92187718935029,1.),(1.,0.923879532511287,1.)))
REPRESENTATION_ITEM('')
SURFACE()
);
#2491=(
BOUNDED_SURFACE()
B_SPLINE_SURFACE(3,2,((#4700,#4701,#4702),(#4703,#4704,#4705),(#4706,#4707,
#4708),(#4709,#4710,#4711)),.UNSPECIFIED.,.F.,.F.,.F.)
B_SPLINE_SURFACE_WITH_KNOTS((4,4),(3,3),(-7.80625564189563E-18,0.0014159559762804),
(0.,1.),.PIECEWISE_BEZIER_KNOTS.)
GEOMETRIC_REPRESENTATION_ITEM()
RATIONAL_B_SPLINE_SURFACE(((1.,0.666640588732115,1.),(1.,0.701677267654343,
1.),(1.,0.744045607094478,1.),(1.,0.785621151946781,1.)))
REPRESENTATION_ITEM('')
SURFACE()
);
#2492=(
BOUNDED_SURFACE()
B_SPLINE_SURFACE(3,2,((#4713,#4714,#4715),(#4716,#4717,#4718),(#4719,#4720,
#4721),(#4722,#4723,#4724)),.UNSPECIFIED.,.F.,.F.,.F.)
B_SPLINE_SURFACE_WITH_KNOTS((4,4),(3,3),(1.33356867215717E-17,0.00057466504782425),
(0.,1.),.PIECEWISE_BEZIER_KNOTS.)
GEOMETRIC_REPRESENTATION_ITEM()
RATIONAL_B_SPLINE_SURFACE(((1.,0.666640588732056,1.),(1.,0.67515563863948,
1.),(1.,0.6825877822781,1.),(1.,0.688847487287439,1.)))
REPRESENTATION_ITEM('')
SURFACE()
);
#2493=(
BOUNDED_SURFACE()
B_SPLINE_SURFACE(3,2,((#4726,#4727,#4728),(#4729,#4730,#4731),(#4732,#4733,
#4734),(#4735,#4736,#4737)),.UNSPECIFIED.,.F.,.F.,.F.)
B_SPLINE_SURFACE_WITH_KNOTS((4,4),(3,3),(1.37693675905659E-17,0.000739834122523233),
(0.,1.),.PIECEWISE_BEZIER_KNOTS.)
GEOMETRIC_REPRESENTATION_ITEM()
RATIONAL_B_SPLINE_SURFACE(((1.,0.707106781186545,1.),(1.,0.712589835662644,
1.),(1.,0.707540130706743,1.),(1.,0.688847487287438,1.)))
REPRESENTATION_ITEM('')
SURFACE()
);
#2494=(
BOUNDED_SURFACE()
B_SPLINE_SURFACE(3,2,((#4743,#4744,#4745),(#4746,#4747,#4748),(#4749,#4750,
#4751),(#4752,#4753,#4754)),.UNSPECIFIED.,.F.,.F.,.F.)
B_SPLINE_SURFACE_WITH_KNOTS((4,4),(3,3),(4.71238898038469,5.32164019306063),
(0.,1.),.PIECEWISE_BEZIER_KNOTS.)
GEOMETRIC_REPRESENTATION_ITEM()
RATIONAL_B_SPLINE_SURFACE(((1.,0.707106781186549,1.),(1.,0.753259540778057,
1.),(1.,0.794631834593451,1.),(1.,0.826993801780788,1.)))
REPRESENTATION_ITEM('')
SURFACE()
);
#2495=(
BOUNDED_SURFACE()
B_SPLINE_SURFACE(3,2,((#4756,#4757,#4758),(#4759,#4760,#4761),(#4762,#4763,
#4764),(#4765,#4766,#4767),(#4768,#4769,#4770),(#4771,#4772,#4773),(#4774,
#4775,#4776)),.UNSPECIFIED.,.F.,.F.,.F.)
B_SPLINE_SURFACE_WITH_KNOTS((4,1,1,1,4),(3,3),(0.00208706167554908,0.00238279532267288,
0.00267852896979668,0.00297426261692047,0.00326999626404427),(0.,1.),
 .UNSPECIFIED.)
GEOMETRIC_REPRESENTATION_ITEM()
RATIONAL_B_SPLINE_SURFACE(((1.,0.826993801780795,1.),(1.,0.854625001744517,
1.),(1.,0.905659708772958,1.),(1.,0.935845537447083,1.),(1.,0.889718638600937,
1.),(1.,0.835388172963146,1.),(1.,0.807109205534811,1.)))
REPRESENTATION_ITEM('')
SURFACE()
);
#2496=(
BOUNDED_SURFACE()
B_SPLINE_SURFACE(3,2,((#4778,#4779,#4780),(#4781,#4782,#4783),(#4784,#4785,
#4786),(#4787,#4788,#4789)),.UNSPECIFIED.,.F.,.F.,.F.)
B_SPLINE_SURFACE_WITH_KNOTS((4,4),(3,3),(4.14064992871893,4.71238898038469),
(0.,1.),.PIECEWISE_BEZIER_KNOTS.)
GEOMETRIC_REPRESENTATION_ITEM()
RATIONAL_B_SPLINE_SURFACE(((1.,0.80710920553481,1.),(1.,0.779323919138804,
1.),(1.,0.744819356899168,1.),(1.,0.707106781186548,1.)))
REPRESENTATION_ITEM('')
SURFACE()
);
#2497=(
BOUNDED_SURFACE()
B_SPLINE_SURFACE(3,2,((#4795,#4796,#4797),(#4798,#4799,#4800),(#4801,#4802,
#4803),(#4804,#4805,#4806)),.UNSPECIFIED.,.F.,.F.,.F.)
B_SPLINE_SURFACE_WITH_KNOTS((4,4),(3,3),(-1.0842021724855E-18,0.000489554459226768),
(0.,1.),.PIECEWISE_BEZIER_KNOTS.)
GEOMETRIC_REPRESENTATION_ITEM()
RATIONAL_B_SPLINE_SURFACE(((1.,0.707106781186548,1.),(1.,0.703290424276103,
1.),(1.,0.703448344196231,1.),(1.,0.707106781186547,1.)))
REPRESENTATION_ITEM('')
SURFACE()
);
#2498=(
BOUNDED_SURFACE()
B_SPLINE_SURFACE(3,2,((#4812,#4813,#4814),(#4815,#4816,#4817),(#4818,#4819,
#4820),(#4821,#4822,#4823)),.UNSPECIFIED.,.F.,.F.,.F.)
B_SPLINE_SURFACE_WITH_KNOTS((4,4),(3,3),(1.17093834628434E-17,0.00141595597629362),
(0.,1.),.PIECEWISE_BEZIER_KNOTS.)
GEOMETRIC_REPRESENTATION_ITEM()
RATIONAL_B_SPLINE_SURFACE(((1.,0.666640588736119,1.),(1.,0.701677267662739,
1.),(1.,0.744045607100293,1.),(1.,0.785621151952701,1.)))
REPRESENTATION_ITEM('')
SURFACE()
);
#2499=(
BOUNDED_SURFACE()
B_SPLINE_SURFACE(3,2,((#4825,#4826,#4827),(#4828,#4829,#4830),(#4831,#4832,
#4833),(#4834,#4835,#4836)),.UNSPECIFIED.,.F.,.F.,.F.)
B_SPLINE_SURFACE_WITH_KNOTS((4,4),(3,3),(-2.65629532258949E-17,0.000574665047864069),
(0.,1.),.PIECEWISE_BEZIER_KNOTS.)
GEOMETRIC_REPRESENTATION_ITEM()
RATIONAL_B_SPLINE_SURFACE(((1.,0.666640588736063,1.),(1.,0.675155638643341,
1.),(1.,0.682587782281854,1.),(1.,0.688847487290649,1.)))
REPRESENTATION_ITEM('')
SURFACE()
);
#2500=(
BOUNDED_SURFACE()
B_SPLINE_SURFACE(3,2,((#4838,#4839,#4840),(#4841,#4842,#4843),(#4844,#4845,
#4846),(#4847,#4848,#4849)),.UNSPECIFIED.,.F.,.F.,.F.)
B_SPLINE_SURFACE_WITH_KNOTS((4,4),(3,3),(-7.18175519054398E-16,0.000739924311121164),
(0.,1.),.PIECEWISE_BEZIER_KNOTS.)
GEOMETRIC_REPRESENTATION_ITEM()
RATIONAL_B_SPLINE_SURFACE(((1.,0.688847487290644,1.),(1.,0.70753392202906,
1.),(1.,0.712589837827415,1.),(1.,0.707106781186549,1.)))
REPRESENTATION_ITEM('')
SURFACE()
);
#2501=(
BOUNDED_SURFACE()
B_SPLINE_SURFACE(3,2,((#4855,#4856,#4857),(#4858,#4859,#4860),(#4861,#4862,
#4863),(#4864,#4865,#4866)),.UNSPECIFIED.,.F.,.F.,.F.)
B_SPLINE_SURFACE_WITH_KNOTS((4,4),(3,3),(4.71238898038469,5.32164019300848),
(0.,1.),.PIECEWISE_BEZIER_KNOTS.)
GEOMETRIC_REPRESENTATION_ITEM()
RATIONAL_B_SPLINE_SURFACE(((1.,0.707106781186547,1.),(1.,0.753259540775978,
1.),(1.,0.794631834585635,1.),(1.,0.826993801772795,1.)))
REPRESENTATION_ITEM('')
SURFACE()
);
#2502=(
BOUNDED_SURFACE()
B_SPLINE_SURFACE(3,2,((#4868,#4869,#4870),(#4871,#4872,#4873),(#4874,#4875,
#4876),(#4877,#4878,#4879),(#4880,#4881,#4882),(#4883,#4884,#4885),(#4886,
#4887,#4888)),.UNSPECIFIED.,.F.,.F.,.F.)
B_SPLINE_SURFACE_WITH_KNOTS((4,1,1,1,4),(3,3),(-1.0842021724855E-18,0.000296941493887746,
0.000593882987775492,0.000890824481663239,0.00118776597555099),(0.,1.),
 .UNSPECIFIED.)
GEOMETRIC_REPRESENTATION_ITEM()
RATIONAL_B_SPLINE_SURFACE(((1.,0.826993801772795,1.),(1.,0.854610001309033,
1.),(1.,0.905759878290308,1.),(1.,0.93580212763366,1.),(1.,0.889590560924991,
1.),(1.,0.835201350021132,1.),(1.,0.807109205526451,1.)))
REPRESENTATION_ITEM('')
SURFACE()
);
#2503=(
BOUNDED_SURFACE()
B_SPLINE_SURFACE(3,2,((#4890,#4891,#4892),(#4893,#4894,#4895),(#4896,#4897,
#4898),(#4899,#4900,#4901)),.UNSPECIFIED.,.F.,.F.,.F.)
B_SPLINE_SURFACE_WITH_KNOTS((4,4),(3,3),(4.1406499287722,4.71238898038469),
(0.,1.),.PIECEWISE_BEZIER_KNOTS.)
GEOMETRIC_REPRESENTATION_ITEM()
RATIONAL_B_SPLINE_SURFACE(((1.,0.807109205526449,1.),(1.,0.779323919133083,
1.),(1.,0.744819356895847,1.),(1.,0.707106781186544,1.)))
REPRESENTATION_ITEM('')
SURFACE()
);
#2504=(
BOUNDED_SURFACE()
B_SPLINE_SURFACE(3,2,((#4907,#4908,#4909),(#4910,#4911,#4912),(#4913,#4914,
#4915),(#4916,#4917,#4918)),.UNSPECIFIED.,.F.,.F.,.F.)
B_SPLINE_SURFACE_WITH_KNOTS((4,4),(3,3),(1.0842021724855E-17,0.000489554459226763),
(0.,1.),.PIECEWISE_BEZIER_KNOTS.)
GEOMETRIC_REPRESENTATION_ITEM()
RATIONAL_B_SPLINE_SURFACE(((1.,0.707106781186548,1.),(1.,0.703290424276076,
1.),(1.,0.703448344196187,1.),(1.,0.707106781186549,1.)))
REPRESENTATION_ITEM('')
SURFACE()
);
#2505=(
BOUNDED_SURFACE()
B_SPLINE_SURFACE(3,2,((#4956,#4957,#4958),(#4959,#4960,#4961),(#4962,#4963,
#4964),(#4965,#4966,#4967),(#4968,#4969,#4970),(#4971,#4972,#4973),(#4974,
#4975,#4976)),.UNSPECIFIED.,.F.,.F.,.F.)
B_SPLINE_SURFACE_WITH_KNOTS((4,1,1,1,4),(3,3),(0.000858433320267721,0.00120431453467969,
0.00155019574909165,0.00189607696350361,0.00224195817791558),(0.,1.),
 .UNSPECIFIED.)
GEOMETRIC_REPRESENTATION_ITEM()
RATIONAL_B_SPLINE_SURFACE(((1.,0.986153993555959,1.),(1.,0.986788992899982,
1.),(1.,0.961853614370782,1.),(1.,0.947770588469549,1.),(1.,0.961886864260032,
1.),(1.,0.986786042024856,1.),(1.,0.986154167697507,1.)))
REPRESENTATION_ITEM('')
SURFACE()
);
#2506=(
BOUNDED_SURFACE()
B_SPLINE_SURFACE(3,2,((#4977,#4978,#4979),(#4980,#4981,#4982),(#4983,#4984,
#4985),(#4986,#4987,#4988),(#4989,#4990,#4991)),.UNSPECIFIED.,.F.,.F.,.F.)
B_SPLINE_SURFACE_WITH_KNOTS((4,1,4),(3,3),(0.00139984775867086,0.0019544251764938,
0.00250900259431674),(0.,1.),.UNSPECIFIED.)
GEOMETRIC_REPRESENTATION_ITEM()
RATIONAL_B_SPLINE_SURFACE(((1.,0.946731473595402,1.),(1.,0.927145971186406,
1.),(1.,0.896473075992874,1.),(1.,0.927078275275057,1.),(1.,0.946734298851589,
1.)))
REPRESENTATION_ITEM('')
SURFACE()
);
#2507=ADVANCED_FACE('',(#2299),#2483,.F.);
#2508=ADVANCED_FACE('',(#2300),#2484,.F.);
#2509=ADVANCED_FACE('',(#2301),#578,.T.);
#2510=ADVANCED_FACE('',(#2302),#579,.F.);
#2511=ADVANCED_FACE('',(#2303),#580,.F.);
#2512=ADVANCED_FACE('',(#2304),#581,.T.);
#2513=ADVANCED_FACE('',(#2305,#2306),#35,.F.);
#2514=ADVANCED_FACE('',(#2307),#582,.T.);
#2515=ADVANCED_FACE('',(#2308,#2309),#36,.F.);
#2516=ADVANCED_FACE('',(#2310),#583,.F.);
#2517=ADVANCED_FACE('',(#2311),#584,.T.);
#2518=ADVANCED_FACE('',(#2312,#2313),#585,.F.);
#2519=ADVANCED_FACE('',(#2314,#2315),#586,.F.);
#2520=ADVANCED_FACE('',(#2316,#2317,#2318,#2319),#587,.T.);
#2521=ADVANCED_FACE('',(#2320),#588,.T.);
#2522=ADVANCED_FACE('',(#2321),#589,.F.);
#2523=ADVANCED_FACE('',(#2322),#590,.F.);
#2524=ADVANCED_FACE('',(#2323,#2324,#2325,#2326,#2327),#591,.T.);
#2525=ADVANCED_FACE('',(#2328),#592,.T.);
#2526=ADVANCED_FACE('',(#2329),#593,.T.);
#2527=ADVANCED_FACE('',(#2330),#594,.T.);
#2528=ADVANCED_FACE('',(#2331),#595,.F.);
#2529=ADVANCED_FACE('',(#2332),#596,.F.);
#2530=ADVANCED_FACE('',(#2333,#2334),#37,.F.);
#2531=ADVANCED_FACE('',(#2335,#2336),#597,.F.);
#2532=ADVANCED_FACE('',(#2337,#2338),#38,.F.);
#2533=ADVANCED_FACE('',(#2339,#2340),#39,.F.);
#2534=ADVANCED_FACE('',(#2341,#2342),#598,.F.);
#2535=ADVANCED_FACE('',(#2343,#2344),#40,.F.);
#2536=ADVANCED_FACE('',(#2345,#2346),#41,.F.);
#2537=ADVANCED_FACE('',(#2347,#2348),#42,.F.);
#2538=ADVANCED_FACE('',(#2349,#2350),#599,.F.);
#2539=ADVANCED_FACE('',(#2351),#600,.F.);
#2540=ADVANCED_FACE('',(#2352),#601,.T.);
#2541=ADVANCED_FACE('',(#2353),#602,.F.);
#2542=ADVANCED_FACE('',(#2354),#603,.T.);
#2543=ADVANCED_FACE('',(#2355),#604,.T.);
#2544=ADVANCED_FACE('',(#2356),#605,.T.);
#2545=ADVANCED_FACE('',(#2357),#606,.T.);
#2546=ADVANCED_FACE('',(#2358),#607,.F.);
#2547=ADVANCED_FACE('',(#2359),#608,.T.);
#2548=ADVANCED_FACE('',(#2360),#609,.T.);
#2549=ADVANCED_FACE('',(#2361),#610,.F.);
#2550=ADVANCED_FACE('',(#2362),#43,.T.);
#2551=ADVANCED_FACE('',(#2363),#44,.T.);
#2552=ADVANCED_FACE('',(#2364),#611,.F.);
#2553=ADVANCED_FACE('',(#2365,#2366),#612,.T.);
#2554=ADVANCED_FACE('',(#2367),#45,.F.);
#2555=ADVANCED_FACE('',(#2368),#613,.F.);
#2556=ADVANCED_FACE('',(#2369),#46,.F.);
#2557=ADVANCED_FACE('',(#2370),#614,.T.);
#2558=ADVANCED_FACE('',(#2371),#615,.T.);
#2559=ADVANCED_FACE('',(#2372,#2373),#616,.T.);
#2560=ADVANCED_FACE('',(#2374),#47,.F.);
#2561=ADVANCED_FACE('',(#2375),#48,.F.);
#2562=ADVANCED_FACE('',(#2376),#49,.T.);
#2563=ADVANCED_FACE('',(#2377),#50,.T.);
#2564=ADVANCED_FACE('',(#2378),#51,.T.);
#2565=ADVANCED_FACE('',(#2379),#52,.T.);
#2566=ADVANCED_FACE('',(#2380,#2381),#24,.T.);
#2567=ADVANCED_FACE('',(#2382),#53,.T.);
#2568=ADVANCED_FACE('',(#2383),#54,.T.);
#2569=ADVANCED_FACE('',(#2384),#55,.T.);
#2570=ADVANCED_FACE('',(#2385),#56,.T.);
#2571=ADVANCED_FACE('',(#2386,#2387),#25,.T.);
#2572=ADVANCED_FACE('',(#2388,#2389),#26,.T.);
#2573=ADVANCED_FACE('',(#2390),#617,.T.);
#2574=ADVANCED_FACE('',(#2391),#618,.F.);
#2575=ADVANCED_FACE('',(#2392),#57,.T.);
#2576=ADVANCED_FACE('',(#2393),#58,.T.);
#2577=ADVANCED_FACE('',(#2394),#59,.T.);
#2578=ADVANCED_FACE('',(#2395),#60,.T.);
#2579=ADVANCED_FACE('',(#2396),#61,.T.);
#2580=ADVANCED_FACE('',(#2397),#62,.T.);
#2581=ADVANCED_FACE('',(#2398),#2485,.F.);
#2582=ADVANCED_FACE('',(#2399),#2486,.F.);
#2583=ADVANCED_FACE('',(#2400),#63,.T.);
#2584=ADVANCED_FACE('',(#2401),#64,.T.);
#2585=ADVANCED_FACE('',(#2402),#2487,.T.);
#2586=ADVANCED_FACE('',(#2403),#65,.T.);
#2587=ADVANCED_FACE('',(#2404),#27,.T.);
#2588=ADVANCED_FACE('',(#2405),#66,.T.);
#2589=ADVANCED_FACE('',(#2406),#28,.T.);
#2590=ADVANCED_FACE('',(#2407),#67,.T.);
#2591=ADVANCED_FACE('',(#2408),#68,.T.);
#2592=ADVANCED_FACE('',(#2409),#2488,.T.);
#2593=ADVANCED_FACE('',(#2410),#69,.T.);
#2594=ADVANCED_FACE('',(#2411),#70,.T.);
#2595=ADVANCED_FACE('',(#2412),#2489,.T.);
#2596=ADVANCED_FACE('',(#2413),#71,.T.);
#2597=ADVANCED_FACE('',(#2414),#72,.T.);
#2598=ADVANCED_FACE('',(#2415),#73,.T.);
#2599=ADVANCED_FACE('',(#2416),#2490,.T.);
#2600=ADVANCED_FACE('',(#2417),#74,.T.);
#2601=ADVANCED_FACE('',(#2418),#75,.T.);
#2602=ADVANCED_FACE('',(#2419),#76,.T.);
#2603=ADVANCED_FACE('',(#2420),#77,.T.);
#2604=ADVANCED_FACE('',(#2421),#12,.T.);
#2605=ADVANCED_FACE('',(#2422),#619,.F.);
#2606=ADVANCED_FACE('',(#2423),#620,.T.);
#2607=ADVANCED_FACE('',(#2424),#13,.T.);
#2608=ADVANCED_FACE('',(#2425),#14,.T.);
#2609=ADVANCED_FACE('',(#2426),#621,.F.);
#2610=ADVANCED_FACE('',(#2427),#622,.F.);
#2611=ADVANCED_FACE('',(#2428),#15,.F.);
#2612=ADVANCED_FACE('',(#2429),#16,.T.);
#2613=ADVANCED_FACE('',(#2430),#623,.T.);
#2614=ADVANCED_FACE('',(#2431),#624,.F.);
#2615=ADVANCED_FACE('',(#2432),#17,.T.);
#2616=ADVANCED_FACE('',(#2433),#625,.F.);
#2617=ADVANCED_FACE('',(#2434),#626,.F.);
#2618=ADVANCED_FACE('',(#2435),#627,.T.);
#2619=ADVANCED_FACE('',(#2436),#18,.T.);
#2620=ADVANCED_FACE('',(#2437),#19,.T.);
#2621=ADVANCED_FACE('',(#2438),#628,.T.);
#2622=ADVANCED_FACE('',(#2439),#629,.F.);
#2623=ADVANCED_FACE('',(#2440),#20,.F.);
#2624=ADVANCED_FACE('',(#2441),#21,.T.);
#2625=ADVANCED_FACE('',(#2442),#630,.F.);
#2626=ADVANCED_FACE('',(#2443),#631,.F.);
#2627=ADVANCED_FACE('',(#2444),#22,.T.);
#2628=ADVANCED_FACE('',(#2445),#23,.T.);
#2629=ADVANCED_FACE('',(#2446),#632,.T.);
#2630=ADVANCED_FACE('',(#2447),#78,.T.);
#2631=ADVANCED_FACE('',(#2448),#79,.T.);
#2632=ADVANCED_FACE('',(#2449),#2491,.T.);
#2633=ADVANCED_FACE('',(#2450),#2492,.T.);
#2634=ADVANCED_FACE('',(#2451),#2493,.T.);
#2635=ADVANCED_FACE('',(#2452),#29,.T.);
#2636=ADVANCED_FACE('',(#2453),#80,.T.);
#2637=ADVANCED_FACE('',(#2454),#2494,.T.);
#2638=ADVANCED_FACE('',(#2455),#2495,.T.);
#2639=ADVANCED_FACE('',(#2456),#2496,.T.);
#2640=ADVANCED_FACE('',(#2457),#81,.T.);
#2641=ADVANCED_FACE('',(#2458),#30,.T.);
#2642=ADVANCED_FACE('',(#2459),#2497,.T.);
#2643=ADVANCED_FACE('',(#2460),#31,.T.);
#2644=ADVANCED_FACE('',(#2461),#82,.T.);
#2645=ADVANCED_FACE('',(#2462),#2498,.T.);
#2646=ADVANCED_FACE('',(#2463),#2499,.T.);
#2647=ADVANCED_FACE('',(#2464),#2500,.T.);
#2648=ADVANCED_FACE('',(#2465),#32,.T.);
#2649=ADVANCED_FACE('',(#2466),#83,.T.);
#2650=ADVANCED_FACE('',(#2467),#2501,.T.);
#2651=ADVANCED_FACE('',(#2468),#2502,.T.);
#2652=ADVANCED_FACE('',(#2469),#2503,.T.);
#2653=ADVANCED_FACE('',(#2470),#84,.T.);
#2654=ADVANCED_FACE('',(#2471),#33,.T.);
#2655=ADVANCED_FACE('',(#2472),#2504,.T.);
#2656=ADVANCED_FACE('',(#2473),#34,.T.);
#2657=ADVANCED_FACE('',(#2474),#85,.T.);
#2658=ADVANCED_FACE('',(#2475),#633,.F.);
#2659=ADVANCED_FACE('',(#2476),#634,.T.);
#2660=ADVANCED_FACE('',(#2477),#635,.F.);
#2661=ADVANCED_FACE('',(#2478),#86,.T.);
#2662=ADVANCED_FACE('',(#2479),#87,.F.);
#2663=ADVANCED_FACE('',(#2480),#88,.F.);
#2664=ADVANCED_FACE('',(#2481),#2505,.T.);
#2665=ADVANCED_FACE('',(#2482),#2506,.T.);
#2666=CLOSED_SHELL('',(#2507,#2508,#2509,#2510,#2511,#2512,#2513,#2514,
#2515,#2516,#2517,#2518,#2519,#2520,#2521,#2522,#2523,#2524,#2525,#2526,
#2527,#2528,#2529,#2530,#2531,#2532,#2533,#2534,#2535,#2536,#2537,#2538,
#2539,#2540,#2541,#2542,#2543,#2544,#2545,#2546,#2547,#2548,#2549,#2550,
#2551,#2552,#2553,#2554,#2555,#2556,#2557,#2558,#2559,#2560,#2561,#2562,
#2563,#2564,#2565,#2566,#2567,#2568,#2569,#2570,#2571,#2572,#2573,#2574,
#2575,#2576,#2577,#2578,#2579,#2580,#2581,#2582,#2583,#2584,#2585,#2586,
#2587,#2588,#2589,#2590,#2591,#2592,#2593,#2594,#2595,#2596,#2597,#2598,
#2599,#2600,#2601,#2602,#2603,#2604,#2605,#2606,#2607,#2608,#2609,#2610,
#2611,#2612,#2613,#2614,#2615,#2616,#2617,#2618,#2619,#2620,#2621,#2622,
#2623,#2624,#2625,#2626,#2627,#2628,#2629,#2630,#2631,#2632,#2633,#2634,
#2635,#2636,#2637,#2638,#2639,#2640,#2641,#2642,#2643,#2644,#2645,#2646,
#2647,#2648,#2649,#2650,#2651,#2652,#2653,#2654,#2655,#2656,#2657,#2658,
#2659,#2660,#2661,#2662,#2663,#2664,#2665));
#2667=STYLED_ITEM('',(#2668),#2675);
#2668=PRESENTATION_STYLE_ASSIGNMENT((#2669));
#2669=SURFACE_STYLE_USAGE(.BOTH.,#2670);
#2670=SURFACE_SIDE_STYLE('',(#2671));
#2671=SURFACE_STYLE_FILL_AREA(#2672);
#2672=FILL_AREA_STYLE('',(#2673));
#2673=FILL_AREA_STYLE_COLOUR('',#2674);
#2674=COLOUR_RGB('',0.188235294117647,0.188235294117647,0.188235294117647);
#2675=MANIFOLD_SOLID_BREP('Klicky_PCB_Module',#2666);
#2676=SHAPE_DEFINITION_REPRESENTATION(#4998,#2677);
#2677=SHAPE_REPRESENTATION('Klicky_PCB_Module',(#2678),#4993);
#2678=AXIS2_PLACEMENT_3D('',#3695,#2953,#2954);
#2679=AXIS2_PLACEMENT_3D('',#3724,#2955,#2956);
#2680=AXIS2_PLACEMENT_3D('',#3734,#2957,#2958);
#2681=AXIS2_PLACEMENT_3D('',#3742,#2959,#2960);
#2682=AXIS2_PLACEMENT_3D('',#3766,#2961,#2962);
#2683=AXIS2_PLACEMENT_3D('',#3767,#2963,#2964);
#2684=AXIS2_PLACEMENT_3D('',#3775,#2969,#2970);
#2685=AXIS2_PLACEMENT_3D('',#3783,#2972,#2973);
#2686=AXIS2_PLACEMENT_3D('',#3794,#2979,#2980);
#2687=AXIS2_PLACEMENT_3D('',#3807,#2987,#2988);
#2688=AXIS2_PLACEMENT_3D('',#3811,#2990,#2991);
#2689=AXIS2_PLACEMENT_3D('',#3824,#2995,#2996);
#2690=AXIS2_PLACEMENT_3D('',#3829,#2999,#3000);
#2691=AXIS2_PLACEMENT_3D('',#3830,#3001,#3002);
#2692=AXIS2_PLACEMENT_3D('',#3832,#3003,#3004);
#2693=AXIS2_PLACEMENT_3D('',#3834,#3005,#3006);
#2694=AXIS2_PLACEMENT_3D('',#3842,#3010,#3011);
#2695=AXIS2_PLACEMENT_3D('',#3855,#3018,#3019);
#2696=AXIS2_PLACEMENT_3D('',#3856,#3020,#3021);
#2697=AXIS2_PLACEMENT_3D('',#3858,#3022,#3023);
#2698=AXIS2_PLACEMENT_3D('',#3860,#3024,#3025);
#2699=AXIS2_PLACEMENT_3D('',#3867,#3029,#3030);
#2700=AXIS2_PLACEMENT_3D('',#3868,#3031,#3032);
#2701=AXIS2_PLACEMENT_3D('',#3872,#3034,#3035);
#2702=AXIS2_PLACEMENT_3D('',#3885,#3039,#3040);
#2703=AXIS2_PLACEMENT_3D('',#3890,#3043,#3044);
#2704=AXIS2_PLACEMENT_3D('',#3896,#3047,#3048);
#2705=AXIS2_PLACEMENT_3D('',#3903,#3052,#3053);
#2706=AXIS2_PLACEMENT_3D('',#3909,#3057,#3058);
#2707=AXIS2_PLACEMENT_3D('',#3910,#3059,#3060);
#2708=AXIS2_PLACEMENT_3D('',#3911,#3061,#3062);
#2709=AXIS2_PLACEMENT_3D('',#3913,#3063,#3064);
#2710=AXIS2_PLACEMENT_3D('',#3922,#3068,#3069);
#2711=AXIS2_PLACEMENT_3D('',#3938,#3077,#3078);
#2712=AXIS2_PLACEMENT_3D('',#3942,#3080,#3081);
#2713=AXIS2_PLACEMENT_3D('',#3947,#3084,#3085);
#2714=AXIS2_PLACEMENT_3D('',#3953,#3088,#3089);
#2715=AXIS2_PLACEMENT_3D('',#3961,#3093,#3094);
#2716=AXIS2_PLACEMENT_3D('',#3964,#3096,#3097);
#2717=AXIS2_PLACEMENT_3D('',#3978,#3105,#3106);
#2718=AXIS2_PLACEMENT_3D('',#3979,#3107,#3108);
#2719=AXIS2_PLACEMENT_3D('',#3989,#3114,#3115);
#2720=AXIS2_PLACEMENT_3D('',#3998,#3120,#3121);
#2721=AXIS2_PLACEMENT_3D('',#4000,#3122,#3123);
#2722=AXIS2_PLACEMENT_3D('',#4002,#3124,#3125);
#2723=AXIS2_PLACEMENT_3D('',#4012,#3130,#3131);
#2724=AXIS2_PLACEMENT_3D('',#4013,#3132,#3133);
#2725=AXIS2_PLACEMENT_3D('',#4018,#3135,#3136);
#2726=AXIS2_PLACEMENT_3D('',#4022,#3138,#3139);
#2727=AXIS2_PLACEMENT_3D('',#4026,#3141,#3142);
#2728=AXIS2_PLACEMENT_3D('',#4034,#3146,#3147);
#2729=AXIS2_PLACEMENT_3D('',#4038,#3149,#3150);
#2730=AXIS2_PLACEMENT_3D('',#4042,#3152,#3153);
#2731=AXIS2_PLACEMENT_3D('',#4046,#3155,#3156);
#2732=AXIS2_PLACEMENT_3D('',#4050,#3158,#3159);
#2733=AXIS2_PLACEMENT_3D('',#4054,#3161,#3162);
#2734=AXIS2_PLACEMENT_3D('',#4058,#3164,#3165);
#2735=AXIS2_PLACEMENT_3D('',#4062,#3167,#3168);
#2736=AXIS2_PLACEMENT_3D('',#4065,#3170,#3171);
#2737=AXIS2_PLACEMENT_3D('',#4102,#3180,#3181);
#2738=AXIS2_PLACEMENT_3D('',#4108,#3185,#3186);
#2739=AXIS2_PLACEMENT_3D('',#4114,#3190,#3191);
#2740=AXIS2_PLACEMENT_3D('',#4117,#3194,#3195);
#2741=AXIS2_PLACEMENT_3D('',#4118,#3196,#3197);
#2742=AXIS2_PLACEMENT_3D('',#4120,#3198,#3199);
#2743=AXIS2_PLACEMENT_3D('',#4122,#3200,#3201);
#2744=AXIS2_PLACEMENT_3D('',#4123,#3202,#3203);
#2745=AXIS2_PLACEMENT_3D('',#4125,#3204,#3205);
#2746=AXIS2_PLACEMENT_3D('',#4126,#3206,#3207);
#2747=AXIS2_PLACEMENT_3D('',#4127,#3208,#3209);
#2748=AXIS2_PLACEMENT_3D('',#4129,#3210,#3211);
#2749=AXIS2_PLACEMENT_3D('',#4131,#3212,#3213);
#2750=AXIS2_PLACEMENT_3D('',#4132,#3214,#3215);
#2751=AXIS2_PLACEMENT_3D('',#4134,#3216,#3217);
#2752=AXIS2_PLACEMENT_3D('',#4135,#3218,#3219);
#2753=AXIS2_PLACEMENT_3D('',#4136,#3220,#3221);
#2754=AXIS2_PLACEMENT_3D('',#4138,#3222,#3223);
#2755=AXIS2_PLACEMENT_3D('',#4140,#3224,#3225);
#2756=AXIS2_PLACEMENT_3D('',#4141,#3226,#3227);
#2757=AXIS2_PLACEMENT_3D('',#4143,#3228,#3229);
#2758=AXIS2_PLACEMENT_3D('',#4144,#3230,#3231);
#2759=AXIS2_PLACEMENT_3D('',#4150,#3235,#3236);
#2760=AXIS2_PLACEMENT_3D('',#4156,#3240,#3241);
#2761=AXIS2_PLACEMENT_3D('',#4160,#3243,#3244);
#2762=AXIS2_PLACEMENT_3D('',#4164,#3246,#3247);
#2763=AXIS2_PLACEMENT_3D('',#4166,#3249,#3250);
#2764=AXIS2_PLACEMENT_3D('',#4167,#3251,#3252);
#2765=AXIS2_PLACEMENT_3D('',#4173,#3256,#3257);
#2766=AXIS2_PLACEMENT_3D('',#4177,#3259,#3260);
#2767=AXIS2_PLACEMENT_3D('',#4181,#3262,#3263);
#2768=AXIS2_PLACEMENT_3D('',#4186,#3266,#3267);
#2769=AXIS2_PLACEMENT_3D('',#4187,#3268,#3269);
#2770=AXIS2_PLACEMENT_3D('',#4193,#3273,#3274);
#2771=AXIS2_PLACEMENT_3D('',#4201,#3276,#3277);
#2772=AXIS2_PLACEMENT_3D('',#4209,#3282,#3283);
#2773=AXIS2_PLACEMENT_3D('',#4215,#3287,#3288);
#2774=AXIS2_PLACEMENT_3D('',#4221,#3292,#3293);
#2775=AXIS2_PLACEMENT_3D('',#4222,#3294,#3295);
#2776=AXIS2_PLACEMENT_3D('',#4230,#3296,#3297);
#2777=AXIS2_PLACEMENT_3D('',#4231,#3298,#3299);
#2778=AXIS2_PLACEMENT_3D('',#4237,#3300,#3301);
#2779=AXIS2_PLACEMENT_3D('',#4238,#3302,#3303);
#2780=AXIS2_PLACEMENT_3D('',#4244,#3304,#3305);
#2781=AXIS2_PLACEMENT_3D('',#4245,#3306,#3307);
#2782=AXIS2_PLACEMENT_3D('',#4246,#3308,#3309);
#2783=AXIS2_PLACEMENT_3D('',#4250,#3311,#3312);
#2784=AXIS2_PLACEMENT_3D('',#4257,#3316,#3317);
#2785=AXIS2_PLACEMENT_3D('',#4260,#3319,#3320);
#2786=AXIS2_PLACEMENT_3D('',#4261,#3321,#3322);
#2787=AXIS2_PLACEMENT_3D('',#4269,#3324,#3325);
#2788=AXIS2_PLACEMENT_3D('',#4270,#3326,#3327);
#2789=AXIS2_PLACEMENT_3D('',#4271,#3328,#3329);
#2790=AXIS2_PLACEMENT_3D('',#4279,#3331,#3332);
#2791=AXIS2_PLACEMENT_3D('',#4289,#3333,#3334);
#2792=AXIS2_PLACEMENT_3D('',#4298,#3336,#3337);
#2793=AXIS2_PLACEMENT_3D('',#4302,#3339,#3340);
#2794=AXIS2_PLACEMENT_3D('',#4303,#3341,#3342);
#2795=AXIS2_PLACEMENT_3D('',#4306,#3344,#3345);
#2796=AXIS2_PLACEMENT_3D('',#4311,#3348,#3349);
#2797=AXIS2_PLACEMENT_3D('',#4323,#3351,#3352);
#2798=AXIS2_PLACEMENT_3D('',#4324,#3353,#3354);
#2799=AXIS2_PLACEMENT_3D('',#4333,#3356,#3357);
#2800=AXIS2_PLACEMENT_3D('',#4344,#3358,#3359);
#2801=AXIS2_PLACEMENT_3D('',#4345,#3360,#3361);
#2802=AXIS2_PLACEMENT_3D('',#4346,#3362,#3363);
#2803=AXIS2_PLACEMENT_3D('',#4347,#3364,#3365);
#2804=AXIS2_PLACEMENT_3D('',#4348,#3366,#3367);
#2805=AXIS2_PLACEMENT_3D('',#4349,#3368,#3369);
#2806=AXIS2_PLACEMENT_3D('',#4350,#3370,#3371);
#2807=AXIS2_PLACEMENT_3D('',#4351,#3372,#3373);
#2808=AXIS2_PLACEMENT_3D('',#4352,#3374,#3375);
#2809=AXIS2_PLACEMENT_3D('',#4353,#3376,#3377);
#2810=AXIS2_PLACEMENT_3D('',#4354,#3378,#3379);
#2811=AXIS2_PLACEMENT_3D('',#4355,#3380,#3381);
#2812=AXIS2_PLACEMENT_3D('',#4356,#3382,#3383);
#2813=AXIS2_PLACEMENT_3D('',#4361,#3384,#3385);
#2814=AXIS2_PLACEMENT_3D('',#4362,#3386,#3387);
#2815=AXIS2_PLACEMENT_3D('',#4363,#3388,#3389);
#2816=AXIS2_PLACEMENT_3D('',#4364,#3390,#3391);
#2817=AXIS2_PLACEMENT_3D('',#4365,#3392,#3393);
#2818=AXIS2_PLACEMENT_3D('',#4366,#3394,#3395);
#2819=AXIS2_PLACEMENT_3D('',#4378,#3397,#3398);
#2820=AXIS2_PLACEMENT_3D('',#4379,#3399,#3400);
#2821=AXIS2_PLACEMENT_3D('',#4380,#3401,#3402);
#2822=AXIS2_PLACEMENT_3D('',#4381,#3403,#3404);
#2823=AXIS2_PLACEMENT_3D('',#4382,#3405,#3406);
#2824=AXIS2_PLACEMENT_3D('',#4386,#3409,#3410);
#2825=AXIS2_PLACEMENT_3D('',#4390,#3413,#3414);
#2826=AXIS2_PLACEMENT_3D('',#4391,#3415,#3416);
#2827=AXIS2_PLACEMENT_3D('',#4392,#3417,#3418);
#2828=AXIS2_PLACEMENT_3D('',#4393,#3419,#3420);
#2829=AXIS2_PLACEMENT_3D('',#4394,#3421,#3422);
#2830=AXIS2_PLACEMENT_3D('',#4395,#3423,#3424);
#2831=AXIS2_PLACEMENT_3D('',#4396,#3425,#3426);
#2832=AXIS2_PLACEMENT_3D('',#4397,#3427,#3428);
#2833=AXIS2_PLACEMENT_3D('',#4398,#3429,#3430);
#2834=AXIS2_PLACEMENT_3D('',#4399,#3431,#3432);
#2835=AXIS2_PLACEMENT_3D('',#4400,#3433,#3434);
#2836=AXIS2_PLACEMENT_3D('',#4443,#3435,#3436);
#2837=AXIS2_PLACEMENT_3D('',#4444,#3437,#3438);
#2838=AXIS2_PLACEMENT_3D('',#4445,#3439,#3440);
#2839=AXIS2_PLACEMENT_3D('',#4446,#3441,#3442);
#2840=AXIS2_PLACEMENT_3D('',#4447,#3443,#3444);
#2841=AXIS2_PLACEMENT_3D('',#4469,#3445,#3446);
#2842=AXIS2_PLACEMENT_3D('',#4470,#3447,#3448);
#2843=AXIS2_PLACEMENT_3D('',#4471,#3449,#3450);
#2844=AXIS2_PLACEMENT_3D('',#4472,#3451,#3452);
#2845=AXIS2_PLACEMENT_3D('',#4473,#3453,#3454);
#2846=AXIS2_PLACEMENT_3D('',#4474,#3455,#3456);
#2847=AXIS2_PLACEMENT_3D('',#4475,#3457,#3458);
#2848=AXIS2_PLACEMENT_3D('',#4476,#3459,#3460);
#2849=AXIS2_PLACEMENT_3D('',#4477,#3461,#3462);
#2850=AXIS2_PLACEMENT_3D('',#4478,#3463,#3464);
#2851=AXIS2_PLACEMENT_3D('',#4479,#3465,#3466);
#2852=AXIS2_PLACEMENT_3D('',#4480,#3467,#3468);
#2853=AXIS2_PLACEMENT_3D('',#4481,#3469,#3470);
#2854=AXIS2_PLACEMENT_3D('',#4482,#3471,#3472);
#2855=AXIS2_PLACEMENT_3D('',#4504,#3473,#3474);
#2856=AXIS2_PLACEMENT_3D('',#4505,#3475,#3476);
#2857=AXIS2_PLACEMENT_3D('',#4506,#3477,#3478);
#2858=AXIS2_PLACEMENT_3D('',#4507,#3479,#3480);
#2859=AXIS2_PLACEMENT_3D('',#4508,#3481,#3482);
#2860=AXIS2_PLACEMENT_3D('',#4530,#3483,#3484);
#2861=AXIS2_PLACEMENT_3D('',#4537,#3485,#3486);
#2862=AXIS2_PLACEMENT_3D('',#4538,#3487,#3488);
#2863=AXIS2_PLACEMENT_3D('',#4550,#3489,#3490);
#2864=AXIS2_PLACEMENT_3D('',#4557,#3491,#3492);
#2865=AXIS2_PLACEMENT_3D('',#4558,#3493,#3494);
#2866=AXIS2_PLACEMENT_3D('',#4570,#3495,#3496);
#2867=AXIS2_PLACEMENT_3D('',#4571,#3497,#3498);
#2868=AXIS2_PLACEMENT_3D('',#4572,#3499,#3500);
#2869=AXIS2_PLACEMENT_3D('',#4594,#3501,#3502);
#2870=AXIS2_PLACEMENT_3D('',#4600,#3503,#3504);
#2871=AXIS2_PLACEMENT_3D('',#4601,#3505,#3506);
#2872=AXIS2_PLACEMENT_3D('',#4602,#3507,#3508);
#2873=AXIS2_PLACEMENT_3D('',#4603,#3509,#3510);
#2874=AXIS2_PLACEMENT_3D('',#4609,#3511,#3512);
#2875=AXIS2_PLACEMENT_3D('',#4610,#3513,#3514);
#2876=AXIS2_PLACEMENT_3D('',#4611,#3515,#3516);
#2877=AXIS2_PLACEMENT_3D('',#4612,#3517,#3518);
#2878=AXIS2_PLACEMENT_3D('',#4613,#3519,#3520);
#2879=AXIS2_PLACEMENT_3D('',#4614,#3521,#3522);
#2880=AXIS2_PLACEMENT_3D('',#4617,#3525,#3526);
#2881=AXIS2_PLACEMENT_3D('',#4619,#3528,#3529);
#2882=AXIS2_PLACEMENT_3D('',#4621,#3531,#3532);
#2883=AXIS2_PLACEMENT_3D('',#4623,#3534,#3535);
#2884=AXIS2_PLACEMENT_3D('',#4625,#3537,#3538);
#2885=AXIS2_PLACEMENT_3D('',#4627,#3540,#3541);
#2886=AXIS2_PLACEMENT_3D('',#4629,#3543,#3544);
#2887=AXIS2_PLACEMENT_3D('',#4631,#3546,#3547);
#2888=AXIS2_PLACEMENT_3D('',#4633,#3549,#3550);
#2889=AXIS2_PLACEMENT_3D('',#4635,#3552,#3553);
#2890=AXIS2_PLACEMENT_3D('',#4637,#3555,#3556);
#2891=AXIS2_PLACEMENT_3D('',#4639,#3558,#3559);
#2892=AXIS2_PLACEMENT_3D('',#4641,#3561,#3562);
#2893=AXIS2_PLACEMENT_3D('',#4643,#3564,#3565);
#2894=AXIS2_PLACEMENT_3D('',#4645,#3567,#3568);
#2895=AXIS2_PLACEMENT_3D('',#4647,#3570,#3571);
#2896=AXIS2_PLACEMENT_3D('',#4649,#3573,#3574);
#2897=AXIS2_PLACEMENT_3D('',#4651,#3576,#3577);
#2898=AXIS2_PLACEMENT_3D('',#4653,#3579,#3580);
#2899=AXIS2_PLACEMENT_3D('',#4655,#3582,#3583);
#2900=AXIS2_PLACEMENT_3D('',#4657,#3585,#3586);
#2901=AXIS2_PLACEMENT_3D('',#4659,#3588,#3589);
#2902=AXIS2_PLACEMENT_3D('',#4661,#3591,#3592);
#2903=AXIS2_PLACEMENT_3D('',#4663,#3594,#3595);
#2904=AXIS2_PLACEMENT_3D('',#4665,#3597,#3598);
#2905=AXIS2_PLACEMENT_3D('',#4666,#3599,#3600);
#2906=AXIS2_PLACEMENT_3D('',#4682,#3601,#3602);
#2907=AXIS2_PLACEMENT_3D('',#4683,#3603,#3604);
#2908=AXIS2_PLACEMENT_3D('',#4699,#3605,#3606);
#2909=AXIS2_PLACEMENT_3D('',#4712,#3607,#3608);
#2910=AXIS2_PLACEMENT_3D('',#4725,#3609,#3610);
#2911=AXIS2_PLACEMENT_3D('',#4738,#3611,#3612);
#2912=AXIS2_PLACEMENT_3D('',#4739,#3613,#3614);
#2913=AXIS2_PLACEMENT_3D('',#4740,#3615,#3616);
#2914=AXIS2_PLACEMENT_3D('',#4741,#3617,#3618);
#2915=AXIS2_PLACEMENT_3D('',#4742,#3619,#3620);
#2916=AXIS2_PLACEMENT_3D('',#4755,#3621,#3622);
#2917=AXIS2_PLACEMENT_3D('',#4777,#3623,#3624);
#2918=AXIS2_PLACEMENT_3D('',#4790,#3625,#3626);
#2919=AXIS2_PLACEMENT_3D('',#4791,#3627,#3628);
#2920=AXIS2_PLACEMENT_3D('',#4792,#3629,#3630);
#2921=AXIS2_PLACEMENT_3D('',#4793,#3631,#3632);
#2922=AXIS2_PLACEMENT_3D('',#4794,#3633,#3634);
#2923=AXIS2_PLACEMENT_3D('',#4807,#3635,#3636);
#2924=AXIS2_PLACEMENT_3D('',#4808,#3637,#3638);
#2925=AXIS2_PLACEMENT_3D('',#4809,#3639,#3640);
#2926=AXIS2_PLACEMENT_3D('',#4810,#3641,#3642);
#2927=AXIS2_PLACEMENT_3D('',#4811,#3643,#3644);
#2928=AXIS2_PLACEMENT_3D('',#4824,#3645,#3646);
#2929=AXIS2_PLACEMENT_3D('',#4837,#3647,#3648);
#2930=AXIS2_PLACEMENT_3D('',#4850,#3649,#3650);
#2931=AXIS2_PLACEMENT_3D('',#4851,#3651,#3652);
#2932=AXIS2_PLACEMENT_3D('',#4852,#3653,#3654);
#2933=AXIS2_PLACEMENT_3D('',#4853,#3655,#3656);
#2934=AXIS2_PLACEMENT_3D('',#4854,#3657,#3658);
#2935=AXIS2_PLACEMENT_3D('',#4867,#3659,#3660);
#2936=AXIS2_PLACEMENT_3D('',#4889,#3661,#3662);
#2937=AXIS2_PLACEMENT_3D('',#4902,#3663,#3664);
#2938=AXIS2_PLACEMENT_3D('',#4903,#3665,#3666);
#2939=AXIS2_PLACEMENT_3D('',#4904,#3667,#3668);
#2940=AXIS2_PLACEMENT_3D('',#4905,#3669,#3670);
#2941=AXIS2_PLACEMENT_3D('',#4906,#3671,#3672);
#2942=AXIS2_PLACEMENT_3D('',#4919,#3673,#3674);
#2943=AXIS2_PLACEMENT_3D('',#4920,#3675,#3676);
#2944=AXIS2_PLACEMENT_3D('',#4921,#3677,#3678);
#2945=AXIS2_PLACEMENT_3D('',#4922,#3679,#3680);
#2946=AXIS2_PLACEMENT_3D('',#4923,#3681,#3682);
#2947=AXIS2_PLACEMENT_3D('',#4924,#3683,#3684);
#2948=AXIS2_PLACEMENT_3D('',#4925,#3685,#3686);
#2949=AXIS2_PLACEMENT_3D('',#4926,#3687,#3688);
#2950=AXIS2_PLACEMENT_3D('',#4927,#3689,#3690);
#2951=AXIS2_PLACEMENT_3D('',#4940,#3691,#3692);
#2952=AXIS2_PLACEMENT_3D('',#4946,#3693,#3694);
#2953=DIRECTION('',(0.,0.,1.));
#2954=DIRECTION('',(1.,0.,0.));
#2955=DIRECTION('',(-0.707106781186547,0.707106781186548,-1.29272455191769E-12));
#2956=DIRECTION('',(0.707106781186548,0.707106781186547,1.29272455191769E-12));
#2957=DIRECTION('',(-0.707106781186547,0.707106781186548,-1.29272455191769E-12));
#2958=DIRECTION('',(0.707106781186548,0.707106781186547,1.29272455191769E-12));
#2959=DIRECTION('',(0.803742065263723,-0.594977892467952,1.46939207601989E-12));
#2960=DIRECTION('',(0.594977892467952,0.803742065263723,1.08780717231102E-12));
#2961=DIRECTION('',(-0.707106781186546,-0.707106781186549,-1.69926382441828E-12));
#2962=DIRECTION('',(-0.707106781186549,0.707106781186547,-1.69926382441829E-12));
#2963=DIRECTION('',(-0.707106781186547,0.707106781186548,-1.29272455191769E-12));
#2964=DIRECTION('',(-2.1156552701385E-12,-2.87466676403818E-13,1.));
#2965=DIRECTION('',(0.638074716535132,0.638074716535919,0.430953956051245));
#2966=DIRECTION('',(0.66193258575135,0.661932585750706,-0.351696607663361));
#2967=DIRECTION('',(1.82818859373468E-12,0.,-1.));
#2968=DIRECTION('',(-1.82818859373468E-12,3.78653234506085E-29,1.));
#2969=DIRECTION('',(-0.707106781186546,-0.707106781186549,-1.69926382441828E-12));
#2970=DIRECTION('',(2.1156552701385E-12,2.87466676403818E-13,-1.));
#2971=DIRECTION('',(2.40312194654232E-12,0.,-1.));
#2972=DIRECTION('',(-0.707106781186546,-0.707106781186549,-1.69926382441828E-12));
#2973=DIRECTION('',(-0.707106781186549,0.707106781186547,-1.69926382441829E-12));
#2974=DIRECTION('',(-2.40312194654232E-12,2.08259278978347E-28,1.));
#2975=DIRECTION('',(-0.707106781186549,0.707106781186547,8.77628435896638E-15));
#2976=DIRECTION('',(2.40312194654232E-12,-3.78653234506085E-28,-1.));
#2977=DIRECTION('',(0.707106781186549,-0.707106781186547,5.04870979341448E-29));
#2978=DIRECTION('',(2.40312194654232E-12,-3.78653234506085E-28,-1.));
#2979=DIRECTION('',(-1.,1.65660155262193E-13,-4.25617126904787E-12));
#2980=DIRECTION('',(-1.65660155262368E-13,-1.,4.13836134797878E-14));
#2981=DIRECTION('',(-4.25617126904787E-12,0.,1.));
#2982=DIRECTION('',(1.65660155262193E-13,1.,0.));
#2983=DIRECTION('',(-4.25617126904787E-12,0.,1.));
#2984=DIRECTION('',(1.65660155262193E-13,1.,-2.0573492408164E-27));
#2985=DIRECTION('',(-4.25617126904787E-12,0.,1.));
#2986=DIRECTION('',(2.25236016820326E-28,1.,0.));
#2987=DIRECTION('',(2.25236016820326E-28,1.,0.));
#2988=DIRECTION('',(1.,-2.25236016820326E-28,-1.24115403676931E-14));
#2989=DIRECTION('',(-0.766044443118978,1.73549399148623E-28,-0.642787609686539));
#2990=DIRECTION('',(2.25236016820326E-28,1.,0.));
#2991=DIRECTION('',(1.24115403676931E-14,0.,1.));
#2992=DIRECTION('',(-2.40312194654232E-12,0.,1.));
#2993=DIRECTION('',(-1.,2.25236016820326E-28,-3.05771272979859E-41));
#2994=DIRECTION('',(-1.24115403676931E-14,0.,-1.));
#2995=DIRECTION('',(2.25236016820326E-28,1.,0.));
#2996=DIRECTION('',(1.24115403676931E-14,0.,1.));
#2997=DIRECTION('',(-0.828695958948678,1.86171173632159E-28,0.559699033072357));
#2998=DIRECTION('',(-2.40312194654232E-12,0.,1.));
#2999=DIRECTION('',(-2.25236016820326E-28,-1.,-6.31088724176809E-30));
#3000=DIRECTION('',(-1.24115403676931E-14,6.31088724176809E-30,-1.));
#3001=DIRECTION('',(-2.25236016820326E-28,-1.,0.));
#3002=DIRECTION('',(1.24115403676931E-14,0.,1.));
#3003=DIRECTION('',(2.25236016820326E-28,1.,0.));
#3004=DIRECTION('',(1.24115403676931E-14,0.,1.));
#3005=DIRECTION('',(0.559699033072357,-1.26217744835362E-28,0.828695958948678));
#3006=DIRECTION('',(-0.828695958948678,2.31623684500704E-14,0.559699033072357));
#3007=DIRECTION('',(0.638074716535868,-0.638074716534831,-0.430953956051765));
#3008=DIRECTION('',(-0.828695958948678,1.89326617253043E-28,0.559699033072357));
#3009=DIRECTION('',(2.2810923481338E-28,1.,6.31088724176809E-30));
#3010=DIRECTION('',(0.559699033072357,-1.26217744835362E-28,0.828695958948678));
#3011=DIRECTION('',(-0.828695958948678,3.88119565368738E-28,0.559699033072357));
#3012=DIRECTION('',(-0.828695958948678,1.89326617253043E-28,0.559699033072357));
#3013=DIRECTION('',(2.25236016820326E-28,1.,0.));
#3014=DIRECTION('',(-0.828695958948678,1.89326617253043E-28,0.559699033072357));
#3015=DIRECTION('',(2.19963759352154E-28,1.,6.31088724176809E-30));
#3016=DIRECTION('',(-0.828695958948678,1.86171173632159E-28,0.559699033072357));
#3017=DIRECTION('',(5.56948352716991E-15,-1.,-3.76161427023756E-15));
#3018=DIRECTION('',(-2.25236016820326E-28,-1.,-6.31088724176809E-30));
#3019=DIRECTION('',(-1.24115403676931E-14,6.31088724176809E-30,-1.));
#3020=DIRECTION('',(2.25236016820326E-28,1.,0.));
#3021=DIRECTION('',(1.24115403676931E-14,0.,1.));
#3022=DIRECTION('',(2.25236016820326E-28,1.,0.));
#3023=DIRECTION('',(1.24115403676931E-14,0.,1.));
#3024=DIRECTION('',(-0.707106781186546,-0.707106781186549,-1.69926382441828E-12));
#3025=DIRECTION('',(2.1156552701385E-12,2.87466676403818E-13,-1.));
#3026=DIRECTION('',(2.40312194654232E-12,0.,-1.));
#3027=DIRECTION('',(0.661932585750279,-0.661932585751122,0.351696607664593));
#3028=DIRECTION('',(-2.40312194654232E-12,2.08259278978347E-28,1.));
#3029=DIRECTION('',(-0.707106781186546,-0.707106781186549,-1.69926382441828E-12));
#3030=DIRECTION('',(-0.707106781186549,0.707106781186547,-1.69926382441829E-12));
#3031=DIRECTION('',(2.25236016820326E-28,1.,0.));
#3032=DIRECTION('',(1.,-2.25236016820326E-28,-1.24115403676931E-14));
#3033=DIRECTION('',(0.828695958948692,-1.86171173632159E-28,0.559699033072337));
#3034=DIRECTION('',(2.25236016820326E-28,1.,0.));
#3035=DIRECTION('',(1.24115403676931E-14,0.,1.));
#3036=DIRECTION('',(-1.24115403676931E-14,0.,-1.));
#3037=DIRECTION('',(-1.,2.25236016820326E-28,-3.05771272979859E-41));
#3038=DIRECTION('',(-1.82818859373468E-12,0.,1.));
#3039=DIRECTION('',(2.25236016820326E-28,1.,0.));
#3040=DIRECTION('',(1.24115403676931E-14,0.,1.));
#3041=DIRECTION('',(0.766044443120153,-1.73549399148623E-28,-0.642787609685139));
#3042=DIRECTION('',(-1.82818859373468E-12,0.,1.));
#3043=DIRECTION('',(2.25236016820326E-28,1.,0.));
#3044=DIRECTION('',(1.,-2.25236016820326E-28,-1.24115403676931E-14));
#3045=DIRECTION('',(-2.48805047513415E-14,0.,-1.));
#3046=DIRECTION('',(-0.74314482547453,1.67238511906855E-28,0.669130606362039));
#3047=DIRECTION('',(2.25236016820326E-28,1.,0.));
#3048=DIRECTION('',(1.24115403676931E-14,0.,1.));
#3049=DIRECTION('',(0.828695958948692,-1.86171173632159E-28,0.559699033072337));
#3050=DIRECTION('',(1.82818859373468E-12,0.,-1.));
#3051=DIRECTION('',(1.,-2.25236016820326E-28,-1.24115403676931E-14));
#3052=DIRECTION('',(2.25236016820326E-28,1.,0.));
#3053=DIRECTION('',(1.,-2.25236016820326E-28,-1.24115403676931E-14));
#3054=DIRECTION('',(0.743144825474547,-1.64083068285971E-28,0.66913060636202));
#3055=DIRECTION('',(-1.,2.25236016820326E-28,1.24115403676931E-14));
#3056=DIRECTION('',(-2.40312194654232E-12,0.,1.));
#3057=DIRECTION('',(2.25236016820326E-28,1.,0.));
#3058=DIRECTION('',(1.24115403676931E-14,0.,1.));
#3059=DIRECTION('',(-2.25236016820326E-28,-1.,0.));
#3060=DIRECTION('',(1.,-5.29398727292137E-23,-4.00710061833586E-13));
#3061=DIRECTION('',(-2.25236016820326E-28,-1.,0.));
#3062=DIRECTION('',(-1.24115403676931E-14,0.,-1.));
#3063=DIRECTION('',(-2.25236016820326E-28,-1.,0.));
#3064=DIRECTION('',(-1.24115403676931E-14,0.,-1.));
#3065=DIRECTION('',(-1.24115403676931E-14,0.,-1.));
#3066=DIRECTION('',(1.,-2.25236016820326E-28,-1.24115403676931E-14));
#3067=DIRECTION('',(-1.24115403676931E-14,0.,-1.));
#3068=DIRECTION('',(-2.25236016820326E-28,-1.,0.));
#3069=DIRECTION('',(-1.24115403676931E-14,0.,-1.));
#3070=DIRECTION('',(-1.24115403676931E-14,0.,-1.));
#3071=DIRECTION('',(1.,-2.25236016820326E-28,-1.24115403676931E-14));
#3072=DIRECTION('',(-2.48805047513415E-14,0.,-1.));
#3073=DIRECTION('',(1.,-2.25236016820326E-28,3.05771272979859E-41));
#3074=DIRECTION('',(-4.25617126904787E-12,0.,1.));
#3075=DIRECTION('',(0.743144825474547,-1.67238511906855E-28,0.66913060636202));
#3076=DIRECTION('',(-0.828695958948678,1.86171173632159E-28,0.559699033072357));
#3077=DIRECTION('',(-2.25236016820326E-28,-1.,0.));
#3078=DIRECTION('',(-1.24115403676931E-14,0.,-1.));
#3079=DIRECTION('',(1.,-2.25236016820326E-28,-1.25181514119153E-14));
#3080=DIRECTION('',(-2.25236016820326E-28,-1.,0.));
#3081=DIRECTION('',(-1.24115403676931E-14,0.,-1.));
#3082=DIRECTION('',(-0.828695958948692,1.86171173632159E-28,-0.559699033072337));
#3083=DIRECTION('',(-0.74314482547453,1.67238511906855E-28,0.669130606362039));
#3084=DIRECTION('',(1.25181514119153E-14,4.13558579048751E-14,1.));
#3085=DIRECTION('',(-1.,3.81111673643685E-16,1.25181514119153E-14));
#3086=DIRECTION('',(-1.,2.25236016820326E-28,1.25181514119153E-14));
#3087=DIRECTION('',(2.88053883006612E-28,-1.,4.13558579048751E-14));
#3088=DIRECTION('',(1.25181514119153E-14,4.13558579048751E-14,1.));
#3089=DIRECTION('',(-1.,4.41195024684308E-30,1.25181514119153E-14));
#3090=DIRECTION('',(2.25236016820326E-28,1.,0.));
#3091=DIRECTION('',(1.,-2.25236016820326E-28,-1.25181514119153E-14));
#3092=DIRECTION('',(2.25236016820326E-28,1.,0.));
#3093=DIRECTION('',(1.25181514119153E-14,4.13558579048751E-14,1.));
#3094=DIRECTION('',(-1.,4.41195024684308E-30,1.25181514119153E-14));
#3095=DIRECTION('',(2.88053883006612E-28,-1.,4.13558579048751E-14));
#3096=DIRECTION('',(0.559699033072337,-1.19906857593594E-28,-0.828695958948692));
#3097=DIRECTION('',(0.828695958948692,2.31623684500704E-14,0.559699033072337));
#3098=DIRECTION('',(-2.20340513218317E-28,-1.,0.));
#3099=DIRECTION('',(-0.828695958948692,1.83015730011275E-28,-0.559699033072337));
#3100=DIRECTION('',(-2.46807477620909E-15,-1.,-1.66693109924994E-15));
#3101=DIRECTION('',(2.24036497082767E-28,1.,6.31088724176809E-30));
#3102=DIRECTION('',(-0.828695958948692,1.83015730011275E-28,-0.559699033072337));
#3103=DIRECTION('',(2.25236016820326E-28,1.,0.));
#3104=DIRECTION('',(0.828695958948692,-1.83015730011275E-28,0.559699033072337));
#3105=DIRECTION('',(0.559699033072337,-1.19906857593594E-28,-0.828695958948692));
#3106=DIRECTION('',(0.828695958948692,9.46633086265214E-30,0.559699033072337));
#3107=DIRECTION('',(1.,1.65660155262368E-13,-2.48805047513415E-14));
#3108=DIRECTION('',(1.65660155262369E-13,-1.,4.13836134804888E-14));
#3109=DIRECTION('',(2.48805047513415E-14,0.,1.));
#3110=DIRECTION('',(1.65660155262368E-13,-1.,0.));
#3111=DIRECTION('',(-2.48805047513415E-14,0.,-1.));
#3112=DIRECTION('',(2.25236016820326E-28,1.,0.));
#3113=DIRECTION('',(-1.65660155262368E-13,1.,2.0573492408164E-27));
#3114=DIRECTION('',(2.25236016820326E-28,1.,0.));
#3115=DIRECTION('',(1.16163996753198E-13,2.40634294611685E-22,1.));
#3116=DIRECTION('',(-1.,2.25236016820326E-28,1.24115403676931E-14));
#3117=DIRECTION('',(1.24115403676931E-14,0.,1.));
#3118=DIRECTION('',(-1.,2.25236016820326E-28,1.24115403676931E-14));
#3119=DIRECTION('',(1.24115403676931E-14,0.,1.));
#3120=DIRECTION('',(2.25236016820326E-28,1.,0.));
#3121=DIRECTION('',(1.24115403676931E-14,0.,1.));
#3122=DIRECTION('',(2.25236016820326E-28,1.,0.));
#3123=DIRECTION('',(1.24115403676931E-14,0.,1.));
#3124=DIRECTION('',(2.25236016820326E-28,1.,0.));
#3125=DIRECTION('',(1.24115403676931E-14,0.,1.));
#3126=DIRECTION('',(-1.24115403676931E-14,0.,-1.));
#3127=DIRECTION('',(1.,-2.25236016820326E-28,-1.25181514119153E-14));
#3128=DIRECTION('',(-1.24115403676931E-14,0.,-1.));
#3129=DIRECTION('',(-1.,2.25236016820326E-28,-3.05771272979859E-41));
#3130=DIRECTION('',(-2.12560470360081E-41,0.,-1.));
#3131=DIRECTION('',(0.,1.,0.));
#3132=DIRECTION('',(-2.12560470360081E-41,0.,-1.));
#3133=DIRECTION('',(0.,1.,0.));
#3134=DIRECTION('',(-4.17230112495322E-15,1.,0.));
#3135=DIRECTION('',(-2.12560470360081E-41,0.,-1.));
#3136=DIRECTION('',(0.,1.,0.));
#3137=DIRECTION('',(0.707106781186548,0.707106781186547,-6.31088724176809E-30));
#3138=DIRECTION('',(-2.12560470360081E-41,0.,-1.));
#3139=DIRECTION('',(0.,1.,0.));
#3140=DIRECTION('',(1.,-2.25236016820326E-28,3.05771272979859E-41));
#3141=DIRECTION('',(-2.12560470360081E-41,0.,-1.));
#3142=DIRECTION('',(0.,1.,0.));
#3143=DIRECTION('',(-2.25236016820326E-28,-1.,0.));
#3144=DIRECTION('',(1.,-2.25236016820326E-28,3.05771272979859E-41));
#3145=DIRECTION('',(2.25236016820326E-28,1.,0.));
#3146=DIRECTION('',(-2.12560470360081E-41,0.,-1.));
#3147=DIRECTION('',(0.,1.,0.));
#3148=DIRECTION('',(1.,-2.25236016820326E-28,3.05771272979859E-41));
#3149=DIRECTION('',(-2.12560470360081E-41,0.,-1.));
#3150=DIRECTION('',(0.,1.,0.));
#3151=DIRECTION('',(0.707106781186549,-0.707106781186547,0.));
#3152=DIRECTION('',(-2.12560470360081E-41,0.,-1.));
#3153=DIRECTION('',(0.,1.,0.));
#3154=DIRECTION('',(7.58831287730361E-15,-1.,0.));
#3155=DIRECTION('',(-2.12560470360081E-41,0.,-1.));
#3156=DIRECTION('',(0.,1.,0.));
#3157=DIRECTION('',(-1.,2.25236016820326E-28,-3.05771272979859E-41));
#3158=DIRECTION('',(-2.12560470360081E-41,0.,-1.));
#3159=DIRECTION('',(0.,1.,0.));
#3160=DIRECTION('',(-1.65660155262193E-13,-1.,0.));
#3161=DIRECTION('',(-2.12560470360081E-41,0.,-1.));
#3162=DIRECTION('',(0.,1.,0.));
#3163=DIRECTION('',(-1.,2.25236016820326E-28,-3.05771272979859E-41));
#3164=DIRECTION('',(-2.12560470360081E-41,0.,-1.));
#3165=DIRECTION('',(0.,1.,0.));
#3166=DIRECTION('',(-1.65660155262368E-13,1.,0.));
#3167=DIRECTION('',(-2.12560470360081E-41,0.,-1.));
#3168=DIRECTION('',(0.,1.,0.));
#3169=DIRECTION('',(-1.,2.25236016820326E-28,-3.05771272979859E-41));
#3170=DIRECTION('',(-1.,2.25236016820326E-28,1.24115403676931E-14));
#3171=DIRECTION('',(2.88398372453794E-28,-1.,4.13836134804908E-14));
#3172=DIRECTION('',(-2.25236016820326E-28,-1.,0.));
#3173=DIRECTION('',(1.24115403676931E-14,0.,1.));
#3174=DIRECTION('',(-2.25236016820326E-28,-1.,0.));
#3175=DIRECTION('',(-1.24115403676931E-14,0.,-1.));
#3176=DIRECTION('',(-2.25236016820326E-28,-1.,0.));
#3177=DIRECTION('',(1.24115403676931E-14,0.,1.));
#3178=DIRECTION('',(-2.25236016820326E-28,-1.,0.));
#3179=DIRECTION('',(-1.24115403676931E-14,0.,-1.));
#3180=DIRECTION('',(-1.24115403676931E-14,0.,-1.));
#3181=DIRECTION('',(0.,1.,0.));
#3182=DIRECTION('',(-2.25236016820326E-28,-1.,0.));
#3183=DIRECTION('',(-1.,2.25236016820326E-28,1.24115403676931E-14));
#3184=DIRECTION('',(1.,-2.25236016820326E-28,-1.24115403676931E-14));
#3185=DIRECTION('',(-1.,2.25236016820326E-28,1.24115403676931E-14));
#3186=DIRECTION('',(2.88398372453794E-28,-1.,4.13836134804908E-14));
#3187=DIRECTION('',(-1.24115403676931E-14,0.,-1.));
#3188=DIRECTION('',(-2.25236016820326E-28,-1.,0.));
#3189=DIRECTION('',(1.24115403676931E-14,0.,1.));
#3190=DIRECTION('',(-1.24115403676931E-14,0.,-1.));
#3191=DIRECTION('',(0.,1.,0.));
#3192=DIRECTION('',(-1.,2.25236016820326E-28,1.24115403676931E-14));
#3193=DIRECTION('',(1.,-2.25236016820326E-28,-1.24115403676931E-14));
#3194=DIRECTION('',(-2.25236016820326E-28,-1.,0.));
#3195=DIRECTION('',(-1.24115403676931E-14,0.,-1.));
#3196=DIRECTION('',(-2.25236016820326E-28,-1.,0.));
#3197=DIRECTION('',(-1.24115403676931E-14,0.,-1.));
#3198=DIRECTION('',(2.25236016820326E-28,1.,0.));
#3199=DIRECTION('',(1.24115403676931E-14,0.,1.));
#3200=DIRECTION('',(2.25236016820326E-28,1.,0.));
#3201=DIRECTION('',(1.,-2.25236016820326E-28,-1.24115403676931E-14));
#3202=DIRECTION('',(2.25236016820326E-28,1.,0.));
#3203=DIRECTION('',(1.24115403676931E-14,0.,1.));
#3204=DIRECTION('',(2.25236016820326E-28,1.,0.));
#3205=DIRECTION('',(1.24115403676931E-14,0.,1.));
#3206=DIRECTION('',(-2.25236016820326E-28,-1.,0.));
#3207=DIRECTION('',(-1.24115403676931E-14,0.,-1.));
#3208=DIRECTION('',(-2.25236016820326E-28,-1.,0.));
#3209=DIRECTION('',(-1.24115403676931E-14,0.,-1.));
#3210=DIRECTION('',(2.25236016820326E-28,1.,0.));
#3211=DIRECTION('',(1.24115403676931E-14,0.,1.));
#3212=DIRECTION('',(2.25236016820326E-28,1.,0.));
#3213=DIRECTION('',(1.,-2.25236016820326E-28,-1.24115403676931E-14));
#3214=DIRECTION('',(2.25236016820326E-28,1.,0.));
#3215=DIRECTION('',(1.24115403676931E-14,0.,1.));
#3216=DIRECTION('',(2.25236016820326E-28,1.,0.));
#3217=DIRECTION('',(1.24115403676931E-14,0.,1.));
#3218=DIRECTION('',(-2.25236016820326E-28,-1.,0.));
#3219=DIRECTION('',(-1.24115403676931E-14,0.,-1.));
#3220=DIRECTION('',(-2.25236016820326E-28,-1.,0.));
#3221=DIRECTION('',(-1.24115403676931E-14,0.,-1.));
#3222=DIRECTION('',(2.25236016820326E-28,1.,0.));
#3223=DIRECTION('',(1.24115403676931E-14,0.,1.));
#3224=DIRECTION('',(2.25236016820326E-28,1.,0.));
#3225=DIRECTION('',(1.24115403676931E-14,0.,1.));
#3226=DIRECTION('',(2.25236016820326E-28,1.,0.));
#3227=DIRECTION('',(1.24115403676931E-14,0.,1.));
#3228=DIRECTION('',(2.25236016820326E-28,1.,0.));
#3229=DIRECTION('',(1.,-2.25236016820326E-28,-1.24115403676931E-14));
#3230=DIRECTION('',(-1.,2.25236016820326E-28,1.24115403676931E-14));
#3231=DIRECTION('',(2.88398372453794E-28,-1.,4.13836134804908E-14));
#3232=DIRECTION('',(-1.24115403676931E-14,0.,-1.));
#3233=DIRECTION('',(2.88053883006612E-28,-1.,4.13558579048751E-14));
#3234=DIRECTION('',(2.25236016820326E-28,1.,0.));
#3235=DIRECTION('',(-1.,2.25236016820326E-28,1.24115403676931E-14));
#3236=DIRECTION('',(2.88398372453794E-28,-1.,4.13836134804908E-14));
#3237=DIRECTION('',(2.88053883006612E-28,-1.,4.13558579048751E-14));
#3238=DIRECTION('',(-1.24115403676931E-14,0.,-1.));
#3239=DIRECTION('',(-2.25236016820326E-28,-1.,0.));
#3240=DIRECTION('',(-1.24115403676931E-14,0.,-1.));
#3241=DIRECTION('',(0.,1.,0.));
#3242=DIRECTION('',(-1.,2.25236016820326E-28,1.24115403676931E-14));
#3243=DIRECTION('',(-1.24115403676931E-14,0.,-1.));
#3244=DIRECTION('',(0.,1.,0.));
#3245=DIRECTION('',(-7.58831287730361E-15,1.,9.46633086265214E-29));
#3246=DIRECTION('',(-1.24115403676931E-14,0.,-1.));
#3247=DIRECTION('',(0.,1.,0.));
#3248=DIRECTION('',(-5.56948352716087E-15,1.,6.9419759659449E-29));
#3249=DIRECTION('',(-1.24115403676931E-14,0.,-1.));
#3250=DIRECTION('',(0.,1.,0.));
#3251=DIRECTION('',(-2.25236016820326E-28,-1.,0.));
#3252=DIRECTION('',(1.,-2.25236016820326E-28,-1.24115403676931E-14));
#3253=DIRECTION('',(-4.25617126904787E-12,0.,1.));
#3254=DIRECTION('',(1.,-2.25236016820326E-28,3.05771272979859E-41));
#3255=DIRECTION('',(-2.40312194654232E-12,0.,1.));
#3256=DIRECTION('',(1.24115403676931E-14,0.,1.));
#3257=DIRECTION('',(0.,-1.,0.));
#3258=DIRECTION('',(-4.17230112495322E-15,1.,5.04870979341448E-29));
#3259=DIRECTION('',(1.24115403676931E-14,0.,1.));
#3260=DIRECTION('',(0.,-1.,0.));
#3261=DIRECTION('',(1.,-2.25236016820326E-28,-1.24115403676931E-14));
#3262=DIRECTION('',(1.24115403676931E-14,0.,1.));
#3263=DIRECTION('',(0.,-1.,0.));
#3264=DIRECTION('',(2.46807477621213E-15,1.,-3.15544362088405E-29));
#3265=DIRECTION('',(0.707106781186548,0.707106781186547,-8.77628435896638E-15));
#3266=DIRECTION('',(1.24115403676931E-14,0.,1.));
#3267=DIRECTION('',(0.,-1.,0.));
#3268=DIRECTION('',(-2.25236016820326E-28,-1.,0.));
#3269=DIRECTION('',(1.,-2.25236016820326E-28,-1.24115403676931E-14));
#3270=DIRECTION('',(-1.82818859373468E-12,0.,1.));
#3271=DIRECTION('',(1.,-2.25236016820326E-28,3.05771272979859E-41));
#3272=DIRECTION('',(2.48805047513415E-14,0.,1.));
#3273=DIRECTION('',(-0.707106781186547,0.707106781186548,-1.29272455191769E-12));
#3274=DIRECTION('',(-2.1156552701385E-12,-2.87466676403818E-13,1.));
#3275=DIRECTION('',(1.82818859373468E-12,0.,-1.));
#3276=DIRECTION('',(-0.707106781186547,0.707106781186548,-1.29272455191769E-12));
#3277=DIRECTION('',(0.707106781186548,0.707106781186547,1.29272455191769E-12));
#3278=DIRECTION('',(-1.82818859373468E-12,1.45150406560666E-28,1.));
#3279=DIRECTION('',(-0.707106781186548,-0.707106781186547,-1.89326617253043E-29));
#3280=DIRECTION('',(1.82818859373468E-12,1.89326617253043E-28,-1.));
#3281=DIRECTION('',(-1.82818859373468E-12,3.78653234506085E-29,1.));
#3282=DIRECTION('',(1.,4.17230112495322E-15,1.82818859373468E-12));
#3283=DIRECTION('',(-1.82818859373468E-12,0.,1.));
#3284=DIRECTION('',(-1.82818859373468E-12,-3.40787911055477E-28,1.));
#3285=DIRECTION('',(-4.17230112495322E-15,1.,0.));
#3286=DIRECTION('',(1.82818859373468E-12,0.,-1.));
#3287=DIRECTION('',(1.,7.58831287730361E-15,2.40312194654232E-12));
#3288=DIRECTION('',(2.40312194654232E-12,-1.07285083110058E-28,-1.));
#3289=DIRECTION('',(-2.40312194654232E-12,0.,1.));
#3290=DIRECTION('',(-7.58831287730361E-15,1.,0.));
#3291=DIRECTION('',(-2.40312194654232E-12,1.76704842769506E-28,1.));
#3292=DIRECTION('',(-1.,2.46807477621213E-15,-1.82818859373468E-12));
#3293=DIRECTION('',(1.82818859373468E-12,0.,-1.));
#3294=DIRECTION('',(-1.,-5.56948352716087E-15,-2.40312194654232E-12));
#3295=DIRECTION('',(2.40312194654232E-12,0.,-1.));
#3296=DIRECTION('',(2.25236016820326E-28,1.,0.));
#3297=DIRECTION('',(1.24115403676931E-14,0.,1.));
#3298=DIRECTION('',(2.25236016820326E-28,1.,0.));
#3299=DIRECTION('',(1.24115403676931E-14,0.,1.));
#3300=DIRECTION('',(-2.25236016820326E-28,-1.,0.));
#3301=DIRECTION('',(-1.24115403676931E-14,0.,-1.));
#3302=DIRECTION('',(2.25236016820326E-28,1.,0.));
#3303=DIRECTION('',(1.24115403676931E-14,0.,1.));
#3304=DIRECTION('',(2.25236016820326E-28,1.,0.));
#3305=DIRECTION('',(1.24115403676931E-14,0.,1.));
#3306=DIRECTION('',(-2.25236016820326E-28,-1.,0.));
#3307=DIRECTION('',(-1.24115403676931E-14,0.,-1.));
#3308=DIRECTION('',(0.642787609685139,-1.45150406560666E-28,0.766044443120153));
#3309=DIRECTION('',(-0.766044443120153,2.6600873989258E-14,0.642787609685139));
#3310=DIRECTION('',(-2.20881053461883E-28,-1.,-6.31088724176809E-30));
#3311=DIRECTION('',(0.642787609685139,-1.45150406560666E-28,0.766044443120153));
#3312=DIRECTION('',(-0.766044443120153,3.40787911055477E-28,0.642787609685139));
#3313=DIRECTION('',(0.766044443120153,-1.70393955527739E-28,-0.642787609685139));
#3314=DIRECTION('',(2.25236016820326E-28,1.,-6.31088724176809E-30));
#3315=DIRECTION('',(0.766044443120153,-1.73549399148623E-28,-0.642787609685139));
#3316=DIRECTION('',(2.25236016820326E-28,1.,0.));
#3317=DIRECTION('',(1.,-2.25236016820326E-28,-1.24115403676931E-14));
#3318=DIRECTION('',(0.828695958948692,-1.86171173632159E-28,0.559699033072337));
#3319=DIRECTION('',(2.25236016820326E-28,1.,0.));
#3320=DIRECTION('',(1.24115403676931E-14,0.,1.));
#3321=DIRECTION('',(2.25236016820326E-28,1.,0.));
#3322=DIRECTION('',(1.24115403676931E-14,0.,1.));
#3323=DIRECTION('',(-1.,2.25236016820326E-28,-1.82813488407957E-12));
#3324=DIRECTION('',(2.25236016820326E-28,1.,0.));
#3325=DIRECTION('',(1.24115403676931E-14,0.,1.));
#3326=DIRECTION('',(2.25236016820326E-28,1.,-6.31088724176809E-30));
#3327=DIRECTION('',(1.24115403676931E-14,6.31088724176809E-30,1.));
#3328=DIRECTION('',(2.25236016820326E-28,1.,0.));
#3329=DIRECTION('',(1.24115403676931E-14,0.,1.));
#3330=DIRECTION('',(2.25236016820326E-28,1.,-6.31088724176809E-30));
#3331=DIRECTION('',(1.82813488407957E-12,-6.31088724176809E-30,-1.));
#3332=DIRECTION('',(1.,7.61684618222249E-26,1.82813488407957E-12));
#3333=DIRECTION('',(2.25236016820326E-28,1.,-6.31088724176809E-30));
#3334=DIRECTION('',(1.24115403676931E-14,6.31088724176809E-30,1.));
#3335=DIRECTION('',(2.25236016820326E-28,1.,-6.31088724176809E-30));
#3336=DIRECTION('',(2.25236016820326E-28,1.,0.));
#3337=DIRECTION('',(1.24115403676931E-14,0.,1.));
#3338=DIRECTION('',(2.25236016820326E-28,1.,-6.31088724176809E-30));
#3339=DIRECTION('',(2.25236016820326E-28,1.,0.));
#3340=DIRECTION('',(1.24115403676931E-14,0.,1.));
#3341=DIRECTION('',(0.642787609686539,-1.51461293802434E-28,-0.766044443118978));
#3342=DIRECTION('',(0.766044443118978,2.66008739893167E-14,0.642787609686539));
#3343=DIRECTION('',(-0.766044443118978,1.70393955527739E-28,-0.642787609686539));
#3344=DIRECTION('',(0.642787609686539,-1.51461293802434E-28,-0.766044443118978));
#3345=DIRECTION('',(0.766044443118978,-1.26217744835362E-29,0.642787609686539));
#3346=DIRECTION('',(2.31863477871635E-28,1.,0.));
#3347=DIRECTION('',(-0.766044443118978,1.73549399148623E-28,-0.642787609686539));
#3348=DIRECTION('',(-3.78772964476767E-17,6.31088724176809E-30,1.));
#3349=DIRECTION('',(8.96831017167883E-44,-1.,6.31088724176809E-30));
#3350=DIRECTION('',(1.,-2.25236016820326E-28,3.78772964476783E-17));
#3351=DIRECTION('',(2.25236016820326E-28,1.,0.));
#3352=DIRECTION('',(1.,-2.25236016820326E-28,-1.24115403676931E-14));
#3353=DIRECTION('',(2.25236016820326E-28,1.,0.));
#3354=DIRECTION('',(1.24115403676931E-14,0.,1.));
#3355=DIRECTION('',(0.828695958948678,-1.83015730011275E-28,-0.559699033072357));
#3356=DIRECTION('',(2.25236016820326E-28,1.,0.));
#3357=DIRECTION('',(1.24115403676931E-14,0.,1.));
#3358=DIRECTION('',(-4.25617126904787E-12,0.,1.));
#3359=DIRECTION('',(-1.,-1.76649381094321E-25,-4.25617126904787E-12));
#3360=DIRECTION('',(4.25500821051714E-12,-6.6891439611019E-15,-1.));
#3361=DIRECTION('',(1.,1.76601249529631E-25,4.25500821051714E-12));
#3362=DIRECTION('',(2.48805047513415E-14,0.,1.));
#3363=DIRECTION('',(0.,-1.,0.));
#3364=DIRECTION('',(-4.71060098872295E-14,-6.68914396095437E-15,-1.));
#3365=DIRECTION('',(-8.30225802966958E-29,1.,-6.68914396095437E-15));
#3366=DIRECTION('',(1.,-2.25236016820326E-28,-1.24115403676931E-14));
#3367=DIRECTION('',(-2.88398372453794E-28,1.,-4.13836134804908E-14));
#3368=DIRECTION('',(0.707106781186539,-1.57772181044202E-28,-0.707106781186556));
#3369=DIRECTION('',(0.707106781186556,-1.64083068285971E-28,0.707106781186539));
#3370=DIRECTION('',(0.707106781186556,-1.64083068285971E-28,0.707106781186539));
#3371=DIRECTION('',(0.707106781186539,-1.57772181044202E-28,-0.707106781186556));
#3372=DIRECTION('',(1.24115403676931E-14,0.,1.));
#3373=DIRECTION('',(0.,-1.,0.));
#3374=DIRECTION('',(-0.707106781186539,1.57772181044202E-28,0.707106781186556));
#3375=DIRECTION('',(-0.707106781186556,1.64083068285971E-28,-0.707106781186539));
#3376=DIRECTION('',(-1.24115403676931E-14,0.,-1.));
#3377=DIRECTION('',(0.,1.,0.));
#3378=DIRECTION('',(-0.707106781186556,1.64083068285971E-28,-0.707106781186539));
#3379=DIRECTION('',(-0.707106781186539,1.57772181044202E-28,0.707106781186556));
#3380=DIRECTION('',(-1.,2.25236016820326E-28,1.24115403676931E-14));
#3381=DIRECTION('',(2.88398372453794E-28,-1.,4.13836134804908E-14));
#3382=DIRECTION('',(-2.25236016820326E-28,-1.,0.));
#3383=DIRECTION('',(-1.24115403676931E-14,0.,-1.));
#3384=DIRECTION('',(-1.,2.25236016820326E-28,1.24115403676931E-14));
#3385=DIRECTION('',(2.88398372453794E-28,-1.,4.13836134804908E-14));
#3386=DIRECTION('',(-0.707106781186556,1.64083068285971E-28,-0.707106781186539));
#3387=DIRECTION('',(-0.707106781186539,1.57772181044202E-28,0.707106781186556));
#3388=DIRECTION('',(-0.707106781186539,1.57772181044202E-28,0.707106781186556));
#3389=DIRECTION('',(-0.707106781186556,1.64083068285971E-28,-0.707106781186539));
#3390=DIRECTION('',(1.24115403676931E-14,0.,1.));
#3391=DIRECTION('',(0.,-1.,0.));
#3392=DIRECTION('',(0.707106781186556,-1.64083068285971E-28,0.707106781186539));
#3393=DIRECTION('',(0.707106781186539,-1.57772181044202E-28,-0.707106781186556));
#3394=DIRECTION('',(-1.24115403676931E-14,0.,-1.));
#3395=DIRECTION('',(0.,1.,0.));
#3396=DIRECTION('',(-1.24115403676931E-14,0.,-1.));
#3397=DIRECTION('',(0.707106781186539,-1.57772181044202E-28,-0.707106781186556));
#3398=DIRECTION('',(0.707106781186556,-1.64083068285971E-28,0.707106781186539));
#3399=DIRECTION('',(1.,-2.25236016820326E-28,-1.24115403676931E-14));
#3400=DIRECTION('',(-2.88398372453794E-28,1.,-4.13836134804908E-14));
#3401=DIRECTION('',(-2.25236016820326E-28,-1.,0.));
#3402=DIRECTION('',(-1.24115403676931E-14,0.,-1.));
#3403=DIRECTION('',(-2.25236016820326E-28,-1.,0.));
#3404=DIRECTION('',(-1.24115403676931E-14,0.,-1.));
#3405=DIRECTION('',(-0.669130606362039,1.51461293802434E-28,-0.74314482547453));
#3406=DIRECTION('',(0.74314482547453,-2.76910423816527E-14,-0.669130606362039));
#3407=DIRECTION('',(-0.74314482547453,1.64083068285971E-28,0.669130606362039));
#3408=DIRECTION('',(2.17725609841E-28,1.,6.31088724176809E-30));
#3409=DIRECTION('',(-0.66913060636202,1.51461293802434E-28,0.743144825474547));
#3410=DIRECTION('',(-0.743144825474547,-2.76910423816527E-14,-0.66913060636202));
#3411=DIRECTION('',(2.27191940703651E-28,1.,6.31088724176809E-30));
#3412=DIRECTION('',(0.743144825474547,-1.70393955527739E-28,0.66913060636202));
#3413=DIRECTION('',(-2.23256992354127E-28,-1.,-6.31088724176809E-30));
#3414=DIRECTION('',(-1.24115403676931E-14,6.31088724176809E-30,-1.));
#3415=DIRECTION('',(-2.44684159100952E-15,1.,-6.23794856721258E-15));
#3416=DIRECTION('',(1.24115403676931E-14,6.23794856721261E-15,1.));
#3417=DIRECTION('',(-2.20005443583335E-28,-1.,-6.31088724176809E-30));
#3418=DIRECTION('',(-1.24115403676931E-14,6.31088724176809E-30,-1.));
#3419=DIRECTION('',(2.44684159100995E-15,1.,-6.23794856721284E-15));
#3420=DIRECTION('',(1.24115403676931E-14,6.23794856721281E-15,1.));
#3421=DIRECTION('',(-2.40312194654232E-12,1.76704842769506E-28,1.));
#3422=DIRECTION('',(-1.,-9.9963504171466E-26,-2.40312194654232E-12));
#3423=DIRECTION('',(2.39885409123599E-12,1.06580907987252E-14,-1.));
#3424=DIRECTION('',(1.,9.97868848970781E-26,2.39885409123599E-12));
#3425=DIRECTION('',(1.82818859373468E-12,3.40787911055477E-28,-1.));
#3426=DIRECTION('',(1.,7.61706845218321E-26,1.82818859373468E-12));
#3427=DIRECTION('',(1.8263953441711E-12,-6.68914396089095E-15,-1.));
#3428=DIRECTION('',(1.,7.60964733750188E-26,1.8263953441711E-12));
#3429=DIRECTION('',(2.25236016820326E-28,1.,0.));
#3430=DIRECTION('',(1.24115403676931E-14,0.,1.));
#3431=DIRECTION('',(2.25236016820326E-28,1.,0.));
#3432=DIRECTION('',(1.24115403676931E-14,0.,1.));
#3433=DIRECTION('',(0.803742065263722,0.594977892467952,1.9314901963945E-12));
#3434=DIRECTION('',(-0.594977892467952,0.803742065263722,-1.42992538708998E-12));
#3435=DIRECTION('',(2.48805047513415E-14,0.,1.));
#3436=DIRECTION('',(0.,-1.,0.));
#3437=DIRECTION('',(-1.24115403676931E-14,-6.68914396095445E-15,-1.));
#3438=DIRECTION('',(-8.30225802966967E-29,1.,-6.68914396095445E-15));
#3439=DIRECTION('',(-0.406736643073834,8.83524213847533E-29,0.913545457643476));
#3440=DIRECTION('',(-0.913545457643476,2.01948391736579E-28,-0.406736643073834));
#3441=DIRECTION('',(-0.74314482547453,1.67238511906855E-28,0.669130606362039));
#3442=DIRECTION('',(-0.669130606362039,-3.07540182174651E-14,-0.74314482547453));
#3443=DIRECTION('',(0.265527690904764,-5.67979851759129E-29,-0.964103233768451));
#3444=DIRECTION('',(-0.964103233768451,3.62544859641349E-15,-0.265527690904764));
#3445=DIRECTION('',(-0.396560342173355,8.83524213847533E-29,-0.918008657374946));
#3446=DIRECTION('',(-0.918008657374946,4.71994478204561E-15,0.396560342173355));
#3447=DIRECTION('',(0.828695958948692,-1.86171173632159E-28,0.559699033072337));
#3448=DIRECTION('',(-0.559699033072337,3.4294433257977E-14,0.828695958948692));
#3449=DIRECTION('',(0.828695958948692,-1.39784801580408E-16,0.559699033072337));
#3450=DIRECTION('',(-0.559699033072337,3.4294433257977E-14,0.828695958948692));
#3451=DIRECTION('',(-2.25236016820326E-28,-1.,0.));
#3452=DIRECTION('',(-1.24115403676931E-14,0.,-1.));
#3453=DIRECTION('',(1.,0.,-1.24115403676931E-14));
#3454=DIRECTION('',(-5.1363438927412E-28,1.,-4.13836134804908E-14));
#3455=DIRECTION('',(1.,-2.25236016820326E-28,-1.25181514119153E-14));
#3456=DIRECTION('',(1.25181514119153E-14,4.13836134804908E-14,1.));
#3457=DIRECTION('',(1.,0.,-1.24115403676931E-14));
#3458=DIRECTION('',(-5.1363438927412E-28,1.,-4.13836134804908E-14));
#3459=DIRECTION('',(-2.25236016820326E-28,-1.,0.));
#3460=DIRECTION('',(-1.24115403676931E-14,0.,-1.));
#3461=DIRECTION('',(0.828695958948678,1.39784801580408E-16,-0.559699033072357));
#3462=DIRECTION('',(0.559699033072357,3.4294433257977E-14,0.828695958948678));
#3463=DIRECTION('',(-0.828695958948678,1.86171173632159E-28,0.559699033072357));
#3464=DIRECTION('',(-0.559699033072357,-3.4294433257977E-14,-0.828695958948678));
#3465=DIRECTION('',(0.396560342173329,-8.83524213847533E-29,-0.918008657374958));
#3466=DIRECTION('',(-0.918008657374958,-4.71994478204552E-15,-0.396560342173329));
#3467=DIRECTION('',(4.25617126904787E-12,0.,-1.));
#3468=DIRECTION('',(1.,1.76649381094321E-25,4.25617126904787E-12));
#3469=DIRECTION('',(4.25500821051714E-12,-6.6891439611019E-15,-1.));
#3470=DIRECTION('',(1.,1.76601249529631E-25,4.25500821051714E-12));
#3471=DIRECTION('',(-0.406736643071912,9.46633086265214E-29,-0.913545457644332));
#3472=DIRECTION('',(-0.913545457644332,2.05103835357463E-28,0.406736643071912));
#3473=DIRECTION('',(-0.265527690904783,6.3108872417681E-29,-0.964103233768446));
#3474=DIRECTION('',(-0.964103233768446,-3.62544859641373E-15,0.265527690904783));
#3475=DIRECTION('',(-0.743144825474547,1.67238511906855E-28,-0.66913060636202));
#3476=DIRECTION('',(0.66913060636202,-3.07540182174651E-14,-0.743144825474547));
#3477=DIRECTION('',(-2.40312194654232E-12,1.07285083110058E-28,1.));
#3478=DIRECTION('',(-1.,-9.9963504171466E-26,-2.40312194654232E-12));
#3479=DIRECTION('',(2.41620132599985E-12,-6.68914396095437E-15,-1.));
#3480=DIRECTION('',(1.,1.00504776155501E-25,2.41620132599985E-12));
#3481=DIRECTION('',(2.29561923875513E-12,0.,-1.));
#3482=DIRECTION('',(1.,9.55146536642948E-26,2.29561923875513E-12));
#3483=DIRECTION('',(-2.40312194654232E-12,1.07285083110058E-28,1.));
#3484=DIRECTION('',(-1.,-9.9963504171466E-26,-2.40312194654232E-12));
#3485=DIRECTION('',(-0.55734899110667,1.45150406560666E-28,0.830278328099907));
#3486=DIRECTION('',(0.830278328099907,2.02623040682752E-17,0.55734899110667));
#3487=DIRECTION('',(-0.475365413856243,8.83524213847533E-29,-0.879788453725828));
#3488=DIRECTION('',(-0.879788453725828,1.3580623341853E-15,0.475365413856243));
#3489=DIRECTION('',(-1.82818859373468E-12,1.07285083110058E-28,1.));
#3490=DIRECTION('',(-1.,-7.61706845218321E-26,-1.82818859373468E-12));
#3491=DIRECTION('',(-0.475365413856589,1.26217744835362E-28,0.879788453725641));
#3492=DIRECTION('',(0.879788453725641,1.35806233416253E-15,0.475365413856589));
#3493=DIRECTION('',(-0.557348991105033,1.07285083110058E-28,-0.830278328101006));
#3494=DIRECTION('',(-0.830278328101006,2.02623040346413E-17,0.557348991105033));
#3495=DIRECTION('',(-1.82818859373468E-12,1.07285083110058E-28,1.));
#3496=DIRECTION('',(-1.,-7.61706845218321E-26,-1.82818859373468E-12));
#3497=DIRECTION('',(1.82639534417011E-12,-6.68914396090954E-15,-1.));
#3498=DIRECTION('',(1.,7.60964733749781E-26,1.82639534417011E-12));
#3499=DIRECTION('',(-1.82818859373468E-12,1.07285083110058E-28,1.));
#3500=DIRECTION('',(-1.,-7.61706845218321E-26,-1.82818859373468E-12));
#3501=DIRECTION('',(1.24115403676931E-14,0.,1.));
#3502=DIRECTION('',(0.,-1.,0.));
#3503=DIRECTION('',(1.25181514119153E-14,4.13558579048751E-14,1.));
#3504=DIRECTION('',(-1.,4.41195024684308E-30,1.25181514119153E-14));
#3505=DIRECTION('',(-1.24115403676931E-14,-6.68914396095437E-15,-1.));
#3506=DIRECTION('',(-8.30225802966958E-29,1.,-6.68914396095437E-15));
#3507=DIRECTION('',(-1.24115403676931E-14,0.,-1.));
#3508=DIRECTION('',(0.,1.,0.));
#3509=DIRECTION('',(1.25181514119153E-14,4.13558579048751E-14,1.));
#3510=DIRECTION('',(-1.,4.41195024684308E-30,1.25181514119153E-14));
#3511=DIRECTION('',(-1.24115403676931E-14,-6.68914396095482E-15,-1.));
#3512=DIRECTION('',(-8.30225802967014E-29,1.,-6.68914396095482E-15));
#3513=DIRECTION('',(-1.82818859373468E-12,0.,1.));
#3514=DIRECTION('',(-1.,-7.61706845218321E-26,-1.82818859373468E-12));
#3515=DIRECTION('',(1.82639534416774E-12,-6.6891439609543E-15,-1.));
#3516=DIRECTION('',(1.,7.60964733748799E-26,1.82639534416774E-12));
#3517=DIRECTION('',(-2.40312194654232E-12,0.,1.));
#3518=DIRECTION('',(-1.,-9.9963504171466E-26,-2.40312194654232E-12));
#3519=DIRECTION('',(2.3988540912343E-12,-6.68914396103758E-15,-1.));
#3520=DIRECTION('',(1.,9.97868848970087E-26,2.3988540912343E-12));
#3521=DIRECTION('',(-2.39885409123599E-12,-1.06580907987252E-14,1.));
#3522=DIRECTION('',(-1.,-9.97868848970781E-26,-2.39885409123599E-12));
#3523=DIRECTION('',(-0.499999999999842,-0.49999999999985,-0.707106781186765));
#3524=DIRECTION('',(0.707106781184851,4.72993905547154E-15,0.707106781188244));
#3525=DIRECTION('',(-0.707106781187402,-5.36574749331307E-15,0.707106781185693));
#3526=DIRECTION('',(7.58831287730361E-15,-1.,0.));
#3527=DIRECTION('',(0.707106781185692,4.72993905518881E-15,0.707106781187403));
#3528=DIRECTION('',(0.500000000000425,0.500000000000427,-0.707106781185945));
#3529=DIRECTION('',(-0.707106781186549,0.707106781186547,0.));
#3530=DIRECTION('',(-0.499999999999561,-0.499999999999582,-0.707106781187154));
#3531=DIRECTION('',(-2.3988540912343E-12,6.68914396103758E-15,1.));
#3532=DIRECTION('',(-1.,-9.97868848970087E-26,-2.3988540912343E-12));
#3533=DIRECTION('',(-3.49006297447128E-15,-0.707106781186543,0.707106781186552));
#3534=DIRECTION('',(-2.41620132599985E-12,6.68914396095437E-15,1.));
#3535=DIRECTION('',(-1.,-1.00504776155501E-25,-2.41620132599985E-12));
#3536=DIRECTION('',(3.49006297448918E-15,-0.707106781188973,-0.707106781184122));
#3537=DIRECTION('',(1.59031559549983E-28,0.707106781186549,0.707106781186546));
#3538=DIRECTION('',(1.,-2.25236016820326E-28,3.05771272979859E-41));
#3539=DIRECTION('',(-3.4900629745007E-15,-0.707106781186545,0.707106781186551));
#3540=DIRECTION('',(-1.60609281360398E-28,-0.707106781186544,0.707106781186551));
#3541=DIRECTION('',(-1.,2.25236016820326E-28,-3.05771272979859E-41));
#3542=DIRECTION('',(3.49006297450074E-15,-0.707106781186552,-0.707106781186544));
#3543=DIRECTION('',(4.25500821051714E-12,-6.6891439611019E-15,-1.));
#3544=DIRECTION('',(1.,1.76601249529631E-25,4.25500821051714E-12));
#3545=DIRECTION('',(0.707106781183536,-1.17933534280989E-13,0.707106781189559));
#3546=DIRECTION('',(1.24115403676931E-14,6.68914396095482E-15,1.));
#3547=DIRECTION('',(8.30225802967014E-29,-1.,6.68914396095482E-15));
#3548=DIRECTION('',(0.707106781186511,-4.72993905512561E-15,-0.707106781186584));
#3549=DIRECTION('',(0.707106781188054,-1.17139419158562E-13,-0.707106781185041));
#3550=DIRECTION('',(-1.65660155262193E-13,-1.,0.));
#3551=DIRECTION('',(0.707106781185043,-1.17933534279172E-13,0.707106781188052));
#3552=DIRECTION('',(0.707106781186549,-1.57772181044202E-28,0.707106781186546));
#3553=DIRECTION('',(-2.25236016820326E-28,-1.,0.));
#3554=DIRECTION('',(-0.577350269189622,0.57735026918963,0.577350269189625));
#3555=DIRECTION('',(-4.25500821051714E-12,6.6891439611019E-15,1.));
#3556=DIRECTION('',(-1.,-1.76601249529631E-25,-4.25500821051714E-12));
#3557=DIRECTION('',(-3.49006297444844E-15,-0.707106781186541,0.707106781186555));
#3558=DIRECTION('',(-1.59031559549956E-28,-0.707106781186544,0.707106781186551));
#3559=DIRECTION('',(-1.,2.25236016820326E-28,-3.05771272979859E-41));
#3560=DIRECTION('',(-0.577350269189628,-0.577350269189627,-0.577350269189622));
#3561=DIRECTION('',(1.59031559549983E-28,0.707106781186549,0.707106781186546));
#3562=DIRECTION('',(1.,-2.25236016820326E-28,3.05771272979859E-41));
#3563=DIRECTION('',(8.7762843589664E-15,-0.707106781186545,0.70710678118655));
#3564=DIRECTION('',(0.707106781186544,-1.57772181044202E-28,-0.707106781186551));
#3565=DIRECTION('',(2.25236016820326E-28,1.,0.));
#3566=DIRECTION('',(-0.707106781186551,-4.72993905512389E-15,-0.707106781186544));
#3567=DIRECTION('',(1.24115403676931E-14,6.68914396095445E-15,1.));
#3568=DIRECTION('',(8.30225802966967E-29,-1.,6.68914396095445E-15));
#3569=DIRECTION('',(-0.707106781186532,-1.05667186946078E-13,0.707106781186563));
#3570=DIRECTION('',(1.24115403676931E-14,6.68914396095437E-15,1.));
#3571=DIRECTION('',(8.30225802966958E-29,-1.,6.68914396095437E-15));
#3572=DIRECTION('',(-8.7762843589664E-15,-0.707106781186545,-0.70710678118655));
#3573=DIRECTION('',(-0.707106781186562,-1.1713941915844E-13,-0.707106781186533));
#3574=DIRECTION('',(-1.65660155262368E-13,1.,0.));
#3575=DIRECTION('',(-0.707106781186527,-1.17933534279549E-13,0.707106781186568));
#3576=DIRECTION('',(-1.60609281360398E-28,-0.707106781186544,0.707106781186551));
#3577=DIRECTION('',(-1.,2.25236016820326E-28,-3.05771272979859E-41));
#3578=DIRECTION('',(-8.77628435896632E-15,-0.707106781186552,-0.707106781186544));
#3579=DIRECTION('',(-4.71060098872295E-14,-6.68914396095437E-15,-1.));
#3580=DIRECTION('',(-8.30225802966958E-29,1.,-6.68914396095437E-15));
#3581=DIRECTION('',(8.77628435896658E-15,-0.70710678118653,0.707106781186564));
#3582=DIRECTION('',(-1.82639534417011E-12,6.68914396090954E-15,1.));
#3583=DIRECTION('',(-1.,-7.60964733749781E-26,-1.82639534417011E-12));
#3584=DIRECTION('',(0.500000000001935,-0.500000000001937,-0.70710678118381));
#3585=DIRECTION('',(1.59031559549983E-28,0.707106781186549,0.707106781186546));
#3586=DIRECTION('',(-1.,2.25236016820326E-28,-3.05771272979859E-41));
#3587=DIRECTION('',(8.7762843589664E-15,-0.707106781186545,0.707106781186551));
#3588=DIRECTION('',(0.499999999999683,-0.499999999999684,0.707106781186995));
#3589=DIRECTION('',(-0.707106781186548,-0.707106781186547,6.31088724176809E-30));
#3590=DIRECTION('',(0.500000000000312,-0.500000000000326,-0.707106781186097));
#3591=DIRECTION('',(-1.82639534416774E-12,6.6891439609543E-15,1.));
#3592=DIRECTION('',(-1.,-7.60964733748799E-26,-1.82639534416774E-12));
#3593=DIRECTION('',(-0.707106781187829,4.729939055059E-15,0.707106781185266));
#3594=DIRECTION('',(-1.8263953441711E-12,6.68914396089095E-15,1.));
#3595=DIRECTION('',(-1.,-7.60964733750188E-26,-1.8263953441711E-12));
#3596=DIRECTION('',(0.707106781188581,-4.72993905484091E-15,-0.707106781184514));
#3597=DIRECTION('',(-0.707106781185901,-2.95026241860399E-15,-0.707106781187194));
#3598=DIRECTION('',(4.17230112495322E-15,-1.,0.));
#3599=DIRECTION('',(2.2880498439699E-28,1.,6.31088724176809E-30));
#3600=DIRECTION('',(1.24115403676931E-14,-6.31088724176809E-30,1.));
#3601=DIRECTION('',(-0.395766981709017,-0.707106781186548,-0.585976532114498));
#3602=DIRECTION('',(-0.395766981709018,0.707106781186547,-0.5859765321145));
#3603=DIRECTION('',(-2.18958887906311E-28,-1.,0.));
#3604=DIRECTION('',(-1.24115403676931E-14,0.,-1.));
#3605=DIRECTION('',(-0.395766981709007,0.707106781186541,0.585976532114514));
#3606=DIRECTION('',(-0.395766981708999,-0.707106781186555,0.585976532114503));
#3607=DIRECTION('',(-0.683498242873651,0.729952157328569,-8.25629350932477E-15));
#3608=DIRECTION('',(-0.729952157328569,-0.683498242873651,3.7345457764846E-14));
#3609=DIRECTION('',(-0.895007235406689,0.446051620969675,-7.40118569934666E-15));
#3610=DIRECTION('',(-0.446051620969675,-0.89500723540669,4.25748211920532E-14));
#3611=DIRECTION('',(-0.97773802012441,1.74546399937277E-14,0.209829368781397));
#3612=DIRECTION('',(-0.209829368781397,-4.0462332310009E-14,-0.97773802012441));
#3613=DIRECTION('',(2.25236016820326E-28,1.,0.));
#3614=DIRECTION('',(1.24115403676931E-14,0.,1.));
#3615=DIRECTION('',(0.766044443118977,-1.27559492544027E-15,0.642787609686541));
#3616=DIRECTION('',(-0.642787609686541,3.17016871429133E-14,0.766044443118977));
#3617=DIRECTION('',(-0.766044443118978,1.73549399148623E-28,-0.642787609686539));
#3618=DIRECTION('',(0.642787609686539,-3.17016871429133E-14,-0.766044443118978));
#3619=DIRECTION('',(0.766044443118977,-1.27559492544076E-15,0.642787609686541));
#3620=DIRECTION('',(-0.642787609686541,3.17016871429133E-14,0.766044443118977));
#3621=DIRECTION('',(0.675580093316349,-0.471423088941545,0.566879007132462));
#3622=DIRECTION('',(-0.642787609686527,3.17016871429137E-14,0.766044443118989));
#3623=DIRECTION('',(-0.731241720373123,0.470499070093221,0.493878701127281));
#3624=DIRECTION('',(-0.559699033072369,-3.42944332579767E-14,-0.82869595894867));
#3625=DIRECTION('',(-0.82869595894868,-1.11070785373268E-15,0.559699033072353));
#3626=DIRECTION('',(-0.559699033072353,-3.42944332579772E-14,-0.82869595894868));
#3627=DIRECTION('',(-0.828695958948678,1.86171173632159E-28,0.559699033072357));
#3628=DIRECTION('',(-0.559699033072357,-3.4294433257977E-14,-0.828695958948678));
#3629=DIRECTION('',(-0.82869595894868,-1.11070785373311E-15,0.559699033072353));
#3630=DIRECTION('',(-0.559699033072353,-3.42944332579772E-14,-0.82869595894868));
#3631=DIRECTION('',(2.25236016820326E-28,1.,0.));
#3632=DIRECTION('',(1.24115403676931E-14,0.,1.));
#3633=DIRECTION('',(-0.994468700592236,-2.08435881069461E-16,0.105033344907178));
#3634=DIRECTION('',(-0.105033344907178,-4.11547083237551E-14,-0.994468700592236));
#3635=DIRECTION('',(-0.953317153795075,-0.301970866608118,1.38520609362978E-14));
#3636=DIRECTION('',(0.301970866608118,-0.953317153795075,3.57037850162031E-14));
#3637=DIRECTION('',(1.25181514119153E-14,4.13558579048751E-14,1.));
#3638=DIRECTION('',(-1.,4.41195024684308E-30,1.25181514119153E-14));
#3639=DIRECTION('',(5.1363438927412E-28,-1.,4.13836134804908E-14));
#3640=DIRECTION('',(1.,0.,-1.24115403676931E-14));
#3641=DIRECTION('',(2.88053883006612E-28,-1.,4.13558579048751E-14));
#3642=DIRECTION('',(-1.24115403676931E-14,-4.13558579048751E-14,-1.));
#3643=DIRECTION('',(-8.8516697512851E-15,-0.707106781186573,-0.707106781186522));
#3644=DIRECTION('',(8.85166975128542E-15,-0.707106781186522,0.707106781186573));
#3645=DIRECTION('',(0.683498242875637,0.729952157326709,1.24345525346992E-12));
#3646=DIRECTION('',(-0.729952157326709,0.683498242875637,-1.92257964306149E-14));
#3647=DIRECTION('',(0.895007235419482,0.446051620944006,1.65359721106736E-12));
#3648=DIRECTION('',(-0.446051620944006,0.895007235419482,-3.1502445793421E-14));
#3649=DIRECTION('',(0.977738020126637,2.31356868483687E-15,0.209829368771017));
#3650=DIRECTION('',(-0.209829368771017,4.0462332310101E-14,0.977738020126637));
#3651=DIRECTION('',(2.25236016820326E-28,1.,0.));
#3652=DIRECTION('',(1.24115403676931E-14,0.,1.));
#3653=DIRECTION('',(-0.766044443120163,-1.27559492543744E-15,0.642787609685128));
#3654=DIRECTION('',(-0.642787609685128,-3.1701687142963E-14,-0.766044443120163));
#3655=DIRECTION('',(-0.766044443120153,1.73549399148623E-28,0.642787609685139));
#3656=DIRECTION('',(-0.642787609685139,-3.17016871429626E-14,-0.766044443120153));
#3657=DIRECTION('',(-0.766044443120161,-1.27559492543744E-15,0.64278760968513));
#3658=DIRECTION('',(-0.64278760968513,-3.17016871429629E-14,-0.766044443120161));
#3659=DIRECTION('',(-0.67558009333438,-0.471423088900079,0.566879007145458));
#3660=DIRECTION('',(-0.642787609685107,-3.17016871429637E-14,-0.76604444312018));
#3661=DIRECTION('',(0.731241720391617,0.4704990700514,0.49387870113974));
#3662=DIRECTION('',(-0.559699033072344,3.42944332579769E-14,0.828695958948687));
#3663=DIRECTION('',(0.828695958948697,-1.11070785373267E-15,0.559699033072329));
#3664=DIRECTION('',(-0.559699033072329,3.42944332579773E-14,0.828695958948697));
#3665=DIRECTION('',(-0.828695958948692,1.86171173632159E-28,-0.559699033072337));
#3666=DIRECTION('',(0.559699033072337,-3.4294433257977E-14,-0.828695958948692));
#3667=DIRECTION('',(0.8286959589487,-1.11070785373267E-15,0.559699033072325));
#3668=DIRECTION('',(-0.559699033072325,3.42944332579774E-14,0.8286959589487));
#3669=DIRECTION('',(2.25236016820326E-28,1.,0.));
#3670=DIRECTION('',(1.24115403676931E-14,0.,1.));
#3671=DIRECTION('',(0.994468700592236,-2.08435881069574E-16,0.105033344907171));
#3672=DIRECTION('',(-0.105033344907171,4.1154708323755E-14,0.994468700592237));
#3673=DIRECTION('',(0.953317153795081,-0.301970866608097,-9.81220773878621E-15));
#3674=DIRECTION('',(0.301970866608097,0.953317153795081,-4.31996322177509E-14));
#3675=DIRECTION('',(1.25181514119153E-14,4.13558579048751E-14,1.));
#3676=DIRECTION('',(-1.,4.41195024684308E-30,1.25181514119153E-14));
#3677=DIRECTION('',(5.1363438927412E-28,-1.,4.13836134804908E-14));
#3678=DIRECTION('',(1.,0.,-1.24115403676931E-14));
#3679=DIRECTION('',(-2.88053883006612E-28,1.,-4.13558579048751E-14));
#3680=DIRECTION('',(1.24115403676931E-14,4.13558579048751E-14,1.));
#3681=DIRECTION('',(-8.8516697512851E-15,-0.707106781186573,-0.707106781186522));
#3682=DIRECTION('',(-8.85166975128542E-15,0.707106781186522,-0.707106781186573));
#3683=DIRECTION('',(-8.8516697512851E-15,-0.707106781186573,-0.707106781186522));
#3684=DIRECTION('',(-1.,2.25236016820326E-28,1.25181514119153E-14));
#3685=DIRECTION('',(-0.395766981709007,0.707106781186541,0.585976532114514));
#3686=DIRECTION('',(-0.828695958948692,1.86171173632159E-28,-0.559699033072337));
#3687=DIRECTION('',(-0.395766981709017,-0.707106781186548,-0.585976532114498));
#3688=DIRECTION('',(-0.828695958948678,1.86171173632159E-28,0.559699033072357));
#3689=DIRECTION('',(-2.25236016820326E-28,-1.,0.));
#3690=DIRECTION('',(-1.24115403676931E-14,0.,-1.));
#3691=DIRECTION('',(-1.24115403676931E-14,0.,-1.));
#3692=DIRECTION('',(0.,1.,0.));
#3693=DIRECTION('',(-1.24115403676931E-14,0.,-1.));
#3694=DIRECTION('',(0.,1.,0.));
#3695=CARTESIAN_POINT('',(0.,0.,0.));
#3696=CARTESIAN_POINT('',(-17.5578785477631,3.08952959913647,7.20017710532788));
#3697=CARTESIAN_POINT('',(-17.2528296029942,2.59716447198573,6.96113609676761));
#3698=CARTESIAN_POINT('',(-17.4675712570291,2.38242281794992,6.41305679141425));
#3699=CARTESIAN_POINT('',(-17.8966629758091,2.63187344195048,7.46565375343103));
#3700=CARTESIAN_POINT('',(-17.6694756841779,2.18051839080637,7.21538296504835));
#3701=CARTESIAN_POINT('',(-17.9252274142151,1.92476666076458,6.77168314060882));
#3702=CARTESIAN_POINT('',(-18.4515985332736,1.88222365380089,8.15252254926484));
#3703=CARTESIAN_POINT('',(-18.3839615049771,1.46603257000309,7.9446551235563));
#3704=CARTESIAN_POINT('',(-18.6748772023673,1.17511687261404,7.6995585314683));
#3705=CARTESIAN_POINT('',(-18.7492007333222,1.48019962917586,9.44346999997997));
#3706=CARTESIAN_POINT('',(-18.7801938835935,1.06980019139124,9.44346999997993));
#3707=CARTESIAN_POINT('',(-19.0769012269951,0.77309284798939,9.44346999997951));
#3708=CARTESIAN_POINT('',(-18.4515985332779,1.88222365380094,10.7344174506966));
#3709=CARTESIAN_POINT('',(-18.3839615049845,1.46603257000355,10.9422848764053));
#3710=CARTESIAN_POINT('',(-18.6748772023733,1.17511687261438,11.1873814684919));
#3711=CARTESIAN_POINT('',(-17.896662975817,2.6318734419506,11.4212862465315));
#3712=CARTESIAN_POINT('',(-17.6694756841809,2.18051839080557,11.6715570349153));
#3713=CARTESIAN_POINT('',(-17.9252274142254,1.92476666076404,12.1152568593546));
#3714=CARTESIAN_POINT('',(-17.5578785477712,3.08952959913658,11.6867628946365));
#3715=CARTESIAN_POINT('',(-17.2528296030032,2.59716447198584,11.9258039031979));
#3716=CARTESIAN_POINT('',(-17.46757125704,2.38242281795004,12.4738832085505));
#3717=CARTESIAN_POINT('',(-17.499994074979,2.35,6.4387461411073));
#3718=CARTESIAN_POINT('',(-17.4999940749795,2.35,6.69045470241443));
#3719=CARTESIAN_POINT('',(-17.6818479945766,2.35,7.16128086147949));
#3720=CARTESIAN_POINT('',(-17.9598347096804,2.35,7.56761240826308));
#3721=CARTESIAN_POINT('',(-18.1053225367353,2.35,7.76776477486438));
#3722=CARTESIAN_POINT('',(-17.499994074979,2.35,6.4387461411073));
#3723=CARTESIAN_POINT('',(-18.1053225367353,2.35,7.76776477486438));
#3724=CARTESIAN_POINT('',(-15.0928932187869,4.75710085619766,9.44346999998667));
#3725=CARTESIAN_POINT('',(-18.6999940749821,1.15,8.09761584249566));
#3726=CARTESIAN_POINT('',(-18.699994074987,1.15,10.7893241574645));
#3727=CARTESIAN_POINT('',(-18.6999940749866,1.15,10.5609624965006));
#3728=CARTESIAN_POINT('',(-18.6999940749858,1.20082947129947,10.1090424451325));
#3729=CARTESIAN_POINT('',(-18.6999940749845,1.35325327507003,9.43149589725876));
#3730=CARTESIAN_POINT('',(-18.6999940749833,1.19783598269292,8.76815400203566));
#3731=CARTESIAN_POINT('',(-18.6999940749825,1.14999999999998,8.32298373990487));
#3732=CARTESIAN_POINT('',(-18.6999940749821,1.14999999999998,8.09761584249567));
#3733=CARTESIAN_POINT('',(-18.699994074987,1.15,10.7893241574645));
#3734=CARTESIAN_POINT('',(-15.0928932187869,4.75710085619766,9.44346999998667));
#3735=CARTESIAN_POINT('',(-17.49999407499,2.35,12.4481938588572));
#3736=CARTESIAN_POINT('',(-18.1053225367414,2.35,11.1191752250979));
#3737=CARTESIAN_POINT('',(-17.9598317377753,2.35,11.3193316802563));
#3738=CARTESIAN_POINT('',(-17.6818801446631,2.35,11.7256540556878));
#3739=CARTESIAN_POINT('',(-17.4999940749892,2.35,12.1963733843999));
#3740=CARTESIAN_POINT('',(-17.4999940749896,2.35,12.4481938588571));
#3741=CARTESIAN_POINT('',(-18.1053225367414,2.35,11.1191752250979));
#3742=CARTESIAN_POINT('',(-15.7999999999734,5.46420763738421,9.44346999998538));
#3743=CARTESIAN_POINT('',(16.4832358772433,3.36675819769719,5.85328235975093));
#3744=CARTESIAN_POINT('',(16.4722119579992,3.37778211694108,5.91021499916303));
#3745=CARTESIAN_POINT('',(16.4661751408956,3.39364002577569,5.9667522664128));
#3746=CARTESIAN_POINT('',(16.6263205833635,3.22367349157679,5.90869360579926));
#3747=CARTESIAN_POINT('',(16.6141725038997,3.23582157104061,5.96406276047155));
#3748=CARTESIAN_POINT('',(16.6068552553995,3.2525993444613,6.01907079387478));
#3749=CARTESIAN_POINT('',(16.7660882854762,3.08390578946392,5.97266866482331));
#3750=CARTESIAN_POINT('',(16.7530006265981,3.09699344834192,6.02644822154458));
#3751=CARTESIAN_POINT('',(16.7445688918063,3.1145347354775,6.07989202071483));
#3752=CARTESIAN_POINT('',(16.9015421176868,2.94845195725321,6.04475124720172));
#3753=CARTESIAN_POINT('',(16.8876532270886,2.96234084785126,6.09694980598213));
#3754=CARTESIAN_POINT('',(16.8782357309398,2.98052886360293,6.14882464527971));
#3755=CARTESIAN_POINT('',(16.4857805125673,3.3642135623731,5.85426883721384));
#3756=CARTESIAN_POINT('',(16.5021198403098,3.34787423463048,5.90588350658409));
#3757=CARTESIAN_POINT('',(16.5252797765021,3.32864578325353,5.95413692170131));
#3758=CARTESIAN_POINT('',(16.5509989305126,3.30852139836543,5.99899773962302));
#3759=CARTESIAN_POINT('',(16.4857805125673,3.3642135623731,5.85426883721384));
#3760=CARTESIAN_POINT('',(16.5509989305126,3.30852139836542,5.99899773962304));
#3761=CARTESIAN_POINT('',(16.5509989305149,3.30852139836507,5.99899773962106));
#3762=CARTESIAN_POINT('',(16.6659121134517,3.1879893840373,6.01238514397381));
#3763=CARTESIAN_POINT('',(16.7815855837424,3.06840849119624,6.02726186149257));
#3764=CARTESIAN_POINT('',(16.8991324056101,2.95086166932852,6.04346999998535));
#3765=CARTESIAN_POINT('',(16.8991324056108,2.95086166932921,6.04346999998585));
#3766=CARTESIAN_POINT('',(15.0928932187871,4.7571008561447,9.44346999998329));
#3767=CARTESIAN_POINT('',(-20.4999940749989,-0.650000000002191,16.1434678559029));
#3768=CARTESIAN_POINT('',(-16.0469753523821,3.80301872261334,15.4043803234542));
#3769=CARTESIAN_POINT('',(-18.6999940749921,1.15,13.6125385777174));
#3770=CARTESIAN_POINT('',(-17.8999940749932,1.95,14.1528564369059));
#3771=CARTESIAN_POINT('',(-20.641811998384,-0.791817923388158,15.6096332798114));
#3772=CARTESIAN_POINT('',(-17.4999940749927,2.35,13.9403292912513));
#3773=CARTESIAN_POINT('',(-17.4999940749968,2.35,16.1434678559084));
#3774=CARTESIAN_POINT('',(-18.6999940749917,1.15,13.3423796481239));
#3775=CARTESIAN_POINT('',(19.0999940750015,0.750000000009174,-23.3565321439442));
#3776=CARTESIAN_POINT('',(16.8991324056108,2.95086166932917,6.04346999998566));
#3777=CARTESIAN_POINT('',(17.1005545104,2.74943956453984,6.09821637922672));
#3778=CARTESIAN_POINT('',(17.3005560813621,2.54943799357753,6.16266810261375));
#3779=CARTESIAN_POINT('',(17.4999940749392,2.35000000000034,6.23045237262598));
#3780=CARTESIAN_POINT('',(17.4999940749395,2.35000000000004,6.23045237262401));
#3781=CARTESIAN_POINT('',(17.4999940750106,2.35,-23.3565321439481));
#3782=CARTESIAN_POINT('',(17.499994074939,2.35,6.43874614107169));
#3783=CARTESIAN_POINT('',(15.0928932187871,4.7571008561447,9.44346999998329));
#3784=CARTESIAN_POINT('',(18.699994074935,1.15,8.09761584236564));
#3785=CARTESIAN_POINT('',(18.6999940749462,1.15,3.44346785597267));
#3786=CARTESIAN_POINT('',(18.6999940749462,1.15,3.44346785597364));
#3787=CARTESIAN_POINT('',(18.988023795066,0.861970279880171,3.44346785597364));
#3788=CARTESIAN_POINT('',(19.9142076373181,-0.0642135623719342,3.44346785597362));
#3789=CARTESIAN_POINT('',(19.9142076373825,-0.0642135623719342,-23.3565321439423));
#3790=CARTESIAN_POINT('',(19.9142076373255,-0.0642135623719412,0.400000000004086));
#3791=CARTESIAN_POINT('',(19.0999940749729,0.749999999980627,0.400000000000673));
#3792=CARTESIAN_POINT('',(16.4857805125804,3.36421356237309,0.400000000000674));
#3793=CARTESIAN_POINT('',(16.4857805126375,3.3642135623731,-23.3565321439505));
#3794=CARTESIAN_POINT('',(12.3999953872622,-9.12607286318601,18.8434700000402));
#3795=CARTESIAN_POINT('',(12.3999953873433,-3.60000142644644,-8.67361737988404E-16));
#3796=CARTESIAN_POINT('',(12.3999953872868,-3.60000142644644,13.4434700000407));
#3797=CARTESIAN_POINT('',(12.3999953873416,-3.60000142644644,0.400000000005951));
#3798=CARTESIAN_POINT('',(12.3999953873416,-3.44999999999983,0.400000000001697));
#3799=CARTESIAN_POINT('',(12.3999953873416,-3.44999999999983,0.400000000001696));
#3800=CARTESIAN_POINT('',(12.3999953872631,-3.44999999999983,18.8434700000402));
#3801=CARTESIAN_POINT('',(12.3999953873287,-3.44999999999983,3.44346785597372));
#3802=CARTESIAN_POINT('',(12.3999953873288,-2.44999999999946,3.44346785597372));
#3803=CARTESIAN_POINT('',(12.3999953873294,0.75,3.44346785597372));
#3804=CARTESIAN_POINT('',(12.3999953873146,0.75,6.92173555010816));
#3805=CARTESIAN_POINT('',(12.3999953872868,0.75,13.4434700000407));
#3806=CARTESIAN_POINT('',(12.3999953872868,-4.60200142644628,13.4434700000407));
#3807=CARTESIAN_POINT('',(0.126776695305017,3.95,6.92173555005592));
#3808=CARTESIAN_POINT('',(3.17538532352975,3.95,3.2885452649554));
#3809=CARTESIAN_POINT('',(15.0715669501764,3.95,13.2706268802925));
#3810=CARTESIAN_POINT('',(13.6145221270394,3.95,12.0480211065895));
#3811=CARTESIAN_POINT('',(15.7999999999737,3.95,9.44346999998499));
#3812=CARTESIAN_POINT('',(15.0865801461169,3.95,6.119160731562));
#3813=CARTESIAN_POINT('',(15.0865801461169,3.95,6.119160731562));
#3814=CARTESIAN_POINT('',(15.0767462686283,3.95,6.03138840620156));
#3815=CARTESIAN_POINT('',(15.071566950194,3.95,5.94282540200242));
#3816=CARTESIAN_POINT('',(15.0715669501942,3.95,5.85426883721068));
#3817=CARTESIAN_POINT('',(15.0715669501942,3.95,5.85426883721068));
#3818=CARTESIAN_POINT('',(15.0715669501917,3.95,6.92173555009184));
#3819=CARTESIAN_POINT('',(15.0715669502073,3.95,0.399999999999983));
#3820=CARTESIAN_POINT('',(0.126776695305024,3.95,0.4));
#3821=CARTESIAN_POINT('',(11.4528259491705,3.95,0.4));
#3822=CARTESIAN_POINT('',(11.4528259491706,3.95,6.92173555005578));
#3823=CARTESIAN_POINT('',(11.4528259491707,3.95,17.37455712285));
#3824=CARTESIAN_POINT('',(10.9696725625977,3.95,12.8000011001256));
#3825=CARTESIAN_POINT('',(13.5442881147306,3.95,16.6120025112896));
#3826=CARTESIAN_POINT('',(8.82452946740098,3.95,19.7997148715581));
#3827=CARTESIAN_POINT('',(15.0715669501708,3.95,15.5804824728521));
#3828=CARTESIAN_POINT('',(15.0715669501917,3.95,6.92173555009184));
#3829=CARTESIAN_POINT('',(-15.7999999999734,3.55,9.44346999998538));
#3830=CARTESIAN_POINT('',(-15.7999999999734,0.75,9.44346999998538));
#3831=CARTESIAN_POINT('',(-15.7999999999734,0.75,11.0434699999854));
#3832=CARTESIAN_POINT('',(-15.7999999999734,2.35,9.44346999998537));
#3833=CARTESIAN_POINT('',(-15.7999999999734,2.35,11.0434699999854));
#3834=CARTESIAN_POINT('',(15.8732180357995,3.55,15.521735550097));
#3835=CARTESIAN_POINT('',(16.0469753523503,3.80301872256719,15.4043803234755));
#3836=CARTESIAN_POINT('',(18.6999940749218,1.15,13.6125385777647));
#3837=CARTESIAN_POINT('',(17.8999940749205,1.95,14.1528564369548));
#3838=CARTESIAN_POINT('',(15.8732180357995,1.95,15.5217355500971));
#3839=CARTESIAN_POINT('',(16.1611991094566,1.95,15.3272339035903));
#3840=CARTESIAN_POINT('',(16.1611991094566,3.55,15.3272339035902));
#3841=CARTESIAN_POINT('',(16.1611991094566,3.29553800726644,15.3272339035902));
#3842=CARTESIAN_POINT('',(15.2954465633998,1.95,15.9119608564315));
#3843=CARTESIAN_POINT('',(15.2954465633998,3.55,15.9119608564315));
#3844=CARTESIAN_POINT('',(15.8732180357995,3.55,15.521735550097));
#3845=CARTESIAN_POINT('',(13.7681677279595,3.55,16.9434808948691));
#3846=CARTESIAN_POINT('',(13.7681677279595,-21.45,16.9434808948691));
#3847=CARTESIAN_POINT('',(13.7681677279595,-3.60000142644627,16.9434808948691));
#3848=CARTESIAN_POINT('',(15.8732180357995,-3.60000142644627,15.5217355500971));
#3849=CARTESIAN_POINT('',(14.6774931715202,-3.60000142644628,16.3293249236553));
#3850=CARTESIAN_POINT('',(14.6774931715202,0.75,16.3293249236553));
#3851=CARTESIAN_POINT('',(14.6774931715202,0.75,16.3293249236553));
#3852=CARTESIAN_POINT('',(15.8732180357995,0.75,15.5217355500971));
#3853=CARTESIAN_POINT('',(18.6999940749218,0.75,13.6125385777647));
#3854=CARTESIAN_POINT('',(18.6999940749218,3.55,13.6125385777647));
#3855=CARTESIAN_POINT('',(15.7999999999737,3.55,9.44346999998498));
#3856=CARTESIAN_POINT('',(15.7999999999737,0.75,9.44346999998498));
#3857=CARTESIAN_POINT('',(15.7999999999737,0.75,11.043469999985));
#3858=CARTESIAN_POINT('',(15.7999999999737,2.35,9.44346999998498));
#3859=CARTESIAN_POINT('',(15.7999999999737,2.35,11.043469999985));
#3860=CARTESIAN_POINT('',(19.0999940750015,0.750000000009174,-23.3565321439442));
#3861=CARTESIAN_POINT('',(17.4999940750106,2.35,-23.3565321439481));
#3862=CARTESIAN_POINT('',(17.4999940749246,2.35,12.4481938589064));
#3863=CARTESIAN_POINT('',(17.499994074921,2.35,13.9403292912996));
#3864=CARTESIAN_POINT('',(10.2194006297547,9.63059344517558,10.0720199323522));
#3865=CARTESIAN_POINT('',(18.6999940749462,1.15,3.44346785597267));
#3866=CARTESIAN_POINT('',(18.6999940749286,1.15,10.7893241576183));
#3867=CARTESIAN_POINT('',(15.0928932187871,4.7571008561447,9.44346999998329));
#3868=CARTESIAN_POINT('',(0.126776695305017,3.95,6.92173555005592));
#3869=CARTESIAN_POINT('',(-13.5442881147302,3.95,16.61200251129));
#3870=CARTESIAN_POINT('',(-15.0715669502496,3.95,15.580482472799));
#3871=CARTESIAN_POINT('',(-13.5442881147302,3.95,16.61200251129));
#3872=CARTESIAN_POINT('',(-10.9696725625974,3.95,12.8000011001259));
#3873=CARTESIAN_POINT('',(-11.4528259491703,3.95,17.3745571228502));
#3874=CARTESIAN_POINT('',(-11.4528259491705,3.95,2.51534904016637E-14));
#3875=CARTESIAN_POINT('',(-11.4528259491705,3.95,0.399999999999983));
#3876=CARTESIAN_POINT('',(0.126776695305024,3.95,0.4));
#3877=CARTESIAN_POINT('',(-15.0715669502218,3.95,0.4));
#3878=CARTESIAN_POINT('',(-15.0715669502338,3.95,6.92173555002814));
#3879=CARTESIAN_POINT('',(-15.0715669502318,3.95,5.85426883723447));
#3880=CARTESIAN_POINT('',(-15.0715669502318,3.95,5.85426883723447));
#3881=CARTESIAN_POINT('',(-15.071566950232,3.95,5.94282540201579));
#3882=CARTESIAN_POINT('',(-15.0767462686653,3.95,6.03138840620448));
#3883=CARTESIAN_POINT('',(-15.086580146152,3.95,6.1191607315548));
#3884=CARTESIAN_POINT('',(-15.086580146152,3.95,6.1191607315548));
#3885=CARTESIAN_POINT('',(-15.7999999999734,3.95,9.44346999998537));
#3886=CARTESIAN_POINT('',(-13.6145221270439,3.95,12.0480211065939));
#3887=CARTESIAN_POINT('',(-14.8144556438657,3.95,13.0548848779925));
#3888=CARTESIAN_POINT('',(-15.0715669502454,3.95,13.2706268803464));
#3889=CARTESIAN_POINT('',(-15.0715669502338,3.95,6.92173555002814));
#3890=CARTESIAN_POINT('',(0.126776695305017,0.75,6.92173555005592));
#3891=CARTESIAN_POINT('',(-12.3999953873566,0.75,6.92173555005623));
#3892=CARTESIAN_POINT('',(-12.3999953873565,0.75,13.4434700000409));
#3893=CARTESIAN_POINT('',(-12.3999953873567,0.75,3.44346785597403));
#3894=CARTESIAN_POINT('',(-13.8037480814689,0.75,14.7074146030877));
#3895=CARTESIAN_POINT('',(-14.7322089581647,0.75,15.5434045314441));
#3896=CARTESIAN_POINT('',(-14.3976436549836,0.75,15.9149769441814));
#3897=CARTESIAN_POINT('',(-14.6774931715198,0.75,16.3293249236557));
#3898=CARTESIAN_POINT('',(-15.8732180357991,0.75,15.5217355500974));
#3899=CARTESIAN_POINT('',(-18.6999940749921,0.75,13.6125385777174));
#3900=CARTESIAN_POINT('',(-18.6999940749735,0.75,3.44346785597484));
#3901=CARTESIAN_POINT('',(-18.6999940749735,0.75,3.4434678559741));
#3902=CARTESIAN_POINT('',(-15.6760535151858,0.75,3.44346785597407));
#3903=CARTESIAN_POINT('',(0.126776695305017,0.75,6.92173555005592));
#3904=CARTESIAN_POINT('',(13.8037480814692,0.75,14.7074146030874));
#3905=CARTESIAN_POINT('',(14.732208958165,0.75,15.5434045314438));
#3906=CARTESIAN_POINT('',(15.6760535151859,0.75,3.44346785597368));
#3907=CARTESIAN_POINT('',(18.6999940749462,0.75,3.44346785597364));
#3908=CARTESIAN_POINT('',(18.6999940749225,0.75,13.3423796481687));
#3909=CARTESIAN_POINT('',(14.397643654984,0.75,15.9149769441811));
#3910=CARTESIAN_POINT('',(0.00331223893904053,-4.60000142644627,9.07500089489594));
#3911=CARTESIAN_POINT('',(-5.54717405082938,-4.60000142644627,14.4031943502078));
#3912=CARTESIAN_POINT('',(-5.5471740508294,-4.60000142644627,12.7031943502078));
#3913=CARTESIAN_POINT('',(-5.54717405082952,-4.60000142644627,3.60319435020775));
#3914=CARTESIAN_POINT('',(-5.54717405082954,-4.60000142644627,1.90319435020775));
#3915=CARTESIAN_POINT('',(-3.03637405082929,-4.60000142644627,13.9999960332158));
#3916=CARTESIAN_POINT('',(-3.03637405082943,-4.60000142644627,3.59999940558972));
#3917=CARTESIAN_POINT('',(-3.03637405082929,-4.60000142644627,14.1999960332158));
#3918=CARTESIAN_POINT('',(0.00331223893910298,-4.60000142644627,14.1999960332158));
#3919=CARTESIAN_POINT('',(3.6056259491707,-4.60000142644627,14.1999960332157));
#3920=CARTESIAN_POINT('',(3.60562594917064,-4.60000142644627,9.0750008948959));
#3921=CARTESIAN_POINT('',(3.60562594917065,-4.60000142644628,9.42358959280726));
#3922=CARTESIAN_POINT('',(5.25282594917054,-4.60000142644627,9.00319435020771));
#3923=CARTESIAN_POINT('',(3.60562594917063,-4.60000142644627,8.58279910760821));
#3924=CARTESIAN_POINT('',(3.60562594917064,-4.60000142644627,9.0750008948959));
#3925=CARTESIAN_POINT('',(3.60562594917057,-4.60000142644627,3.59999940558964));
#3926=CARTESIAN_POINT('',(-2.83637405082942,-4.60000142644627,3.59999940558972));
#3927=CARTESIAN_POINT('',(-11.3999953873561,-4.60000142644627,-2.38524477946811E-14));
#3928=CARTESIAN_POINT('',(-11.3999953873557,-4.60000142644627,13.8886986854094));
#3929=CARTESIAN_POINT('',(-11.3999953873561,-4.60000142644627,0.400000000000005));
#3930=CARTESIAN_POINT('',(0.00331223893904747,-4.60000142644627,0.4));
#3931=CARTESIAN_POINT('',(11.3999953873416,-4.60000142644627,0.4));
#3932=CARTESIAN_POINT('',(11.3999953872861,-4.60000142644627,13.4434700000873));
#3933=CARTESIAN_POINT('',(11.3999953872842,-4.60000142644627,13.8886986853444));
#3934=CARTESIAN_POINT('',(14.063078351803,-4.60000142644627,16.2865493569183));
#3935=CARTESIAN_POINT('',(13.5877865343174,-4.60000142644627,15.8585946822289));
#3936=CARTESIAN_POINT('',(7.40519420190671,-4.60000142644627,20.0343009988385));
#3937=CARTESIAN_POINT('',(13.2084686948872,-4.60000142644627,16.1147849359204));
#3938=CARTESIAN_POINT('',(10.9696725625977,-4.60000142644627,12.8000011001256));
#3939=CARTESIAN_POINT('',(10.9696725625978,-4.60000142644627,16.8000011001259));
#3940=CARTESIAN_POINT('',(0.00331223893913768,-4.60000142644627,16.800001100126));
#3941=CARTESIAN_POINT('',(-10.9696725625974,-4.60000142644627,16.800001100126));
#3942=CARTESIAN_POINT('',(-10.9696725625974,-4.60000142644627,12.8000011001259));
#3943=CARTESIAN_POINT('',(-13.2084686948868,-4.60000142644627,16.1147849359207));
#3944=CARTESIAN_POINT('',(-14.1177941384475,-4.60000142644627,15.5006289647071));
#3945=CARTESIAN_POINT('',(-13.587786534317,-4.60000142644627,15.8585946822293));
#3946=CARTESIAN_POINT('',(-2.70869253790655,-4.60000142644627,6.06301444948061));
#3947=CARTESIAN_POINT('',(-4.32650960768435,-3.85053800137139,17.800001100126));
#3948=CARTESIAN_POINT('',(-4.32650960768435,0.,17.8000011001259));
#3949=CARTESIAN_POINT('',(9.85282594917075,0.,17.8000011001258));
#3950=CARTESIAN_POINT('',(-9.85282594917032,0.,17.800001100126));
#3951=CARTESIAN_POINT('',(-9.85282594917032,1.95,17.8000011001259));
#3952=CARTESIAN_POINT('',(-9.85282594917032,1.95,17.8000011001259));
#3953=CARTESIAN_POINT('',(-11.4528259491703,1.95,17.8000011001259));
#3954=CARTESIAN_POINT('',(-10.9696725625974,3.47530744607213,17.800001100126));
#3955=CARTESIAN_POINT('',(-10.9696725625974,-21.45,17.800001100126));
#3956=CARTESIAN_POINT('',(-10.9696725625974,-3.60000142644627,17.800001100126));
#3957=CARTESIAN_POINT('',(-4.32650960768435,-3.60000142644623,17.800001100126));
#3958=CARTESIAN_POINT('',(10.9696725625978,-3.60000142644623,17.8000011001257));
#3959=CARTESIAN_POINT('',(10.9696725625978,-21.45,17.8000011001257));
#3960=CARTESIAN_POINT('',(10.9696725625978,3.47530744607212,17.8000011001257));
#3961=CARTESIAN_POINT('',(11.4528259491708,1.95,17.8000011001257));
#3962=CARTESIAN_POINT('',(9.85282594917076,1.95,17.8000011001257));
#3963=CARTESIAN_POINT('',(9.85282594917075,-3.85053800137139,17.8000011001259));
#3964=CARTESIAN_POINT('',(-15.8732180357991,3.55,15.5217355500974));
#3965=CARTESIAN_POINT('',(-16.1611991094612,3.55,15.3272339035873));
#3966=CARTESIAN_POINT('',(-16.1611991094612,3.29553800731254,15.3272339035873));
#3967=CARTESIAN_POINT('',(-16.1611991094612,1.95,15.3272339035873));
#3968=CARTESIAN_POINT('',(-17.4999940749937,1.95,14.4230153665001));
#3969=CARTESIAN_POINT('',(-18.6999940749921,1.15,13.6125385777174));
#3970=CARTESIAN_POINT('',(-14.6774931715198,-4.60000142644623,16.3293249236557));
#3971=CARTESIAN_POINT('',(-14.6774931715198,-3.60000142644627,16.3293249236557));
#3972=CARTESIAN_POINT('',(-13.7681677279584,-3.60000142644627,16.9434808948699));
#3973=CARTESIAN_POINT('',(-13.7681677279591,-3.60000142644627,16.9434808948694));
#3974=CARTESIAN_POINT('',(-13.7681677279591,-21.45,16.9434808948694));
#3975=CARTESIAN_POINT('',(-13.7681677279591,3.55,16.9434808948694));
#3976=CARTESIAN_POINT('',(-15.0715706878103,3.55,16.0631660237099));
#3977=CARTESIAN_POINT('',(-15.2954465634785,3.55,15.9119608563784));
#3978=CARTESIAN_POINT('',(-15.2954465634785,1.95,15.9119608563784));
#3979=CARTESIAN_POINT('',(-12.3999953873547,-9.12607286318601,18.8434699999877));
#3980=CARTESIAN_POINT('',(-12.3999953873556,-3.44999999999983,18.8434699999877));
#3981=CARTESIAN_POINT('',(-12.399995387356,-3.44999999999984,3.44346785597403));
#3982=CARTESIAN_POINT('',(-12.3999953873561,-3.44999999999983,0.399999999999954));
#3983=CARTESIAN_POINT('',(-12.3999953873561,-3.60000142644644,0.4));
#3984=CARTESIAN_POINT('',(-12.3999953873561,-3.60000142644644,0.4));
#3985=CARTESIAN_POINT('',(-12.3999953873557,-3.60000142644644,13.443470000041));
#3986=CARTESIAN_POINT('',(-12.3999953873143,-3.60000142644644,13.443470000041));
#3987=CARTESIAN_POINT('',(-12.3999953873143,-4.60200142644628,13.443470000041));
#3988=CARTESIAN_POINT('',(-12.3999953873562,-2.44999999999946,3.44346785597403));
#3989=CARTESIAN_POINT('',(0.00332793073720694,0.4,6.10000101318094));
#3990=CARTESIAN_POINT('',(0.00332793073730408,0.400000000000005,14.1999960332158));
#3991=CARTESIAN_POINT('',(3.6056259491707,0.400000000000005,14.1999960332157));
#3992=CARTESIAN_POINT('',(-3.03637405082929,0.400000000000005,14.1999960332158));
#3993=CARTESIAN_POINT('',(-3.03637405082942,0.4,3.79999940558972));
#3994=CARTESIAN_POINT('',(-3.03637405082943,0.4,3.59999940558972));
#3995=CARTESIAN_POINT('',(3.40562594917057,0.4,3.59999940558965));
#3996=CARTESIAN_POINT('',(3.60562594917057,0.4,3.59999940558964));
#3997=CARTESIAN_POINT('',(3.6056259491706,0.4,6.10000101318089));
#3998=CARTESIAN_POINT('',(-5.54717405082943,0.4,3.60319435020783));
#3999=CARTESIAN_POINT('',(-5.54717405082942,0.4,4.80319435020783));
#4000=CARTESIAN_POINT('',(-5.54717405082929,0.4,14.4031943502078));
#4001=CARTESIAN_POINT('',(-5.54717405082928,0.4,15.6031943502078));
#4002=CARTESIAN_POINT('',(5.25282594917064,0.4,9.0031943502077));
#4003=CARTESIAN_POINT('',(5.25282594917065,0.4,10.2031943502077));
#4004=CARTESIAN_POINT('',(-9.45282594917046,0.4,7.40000055006309));
#4005=CARTESIAN_POINT('',(-9.45282594917033,0.4,17.400001100126));
#4006=CARTESIAN_POINT('',(-9.45282594917054,0.4,0.4));
#4007=CARTESIAN_POINT('',(0.00332793073734572,0.400000000000005,17.4000011001258));
#4008=CARTESIAN_POINT('',(9.45282594917075,0.4,17.4000011001257));
#4009=CARTESIAN_POINT('',(9.45282594917062,0.4,7.40000055006286));
#4010=CARTESIAN_POINT('',(9.45282594917054,0.4,0.4));
#4011=CARTESIAN_POINT('',(0.00332793073720694,0.4,0.4));
#4012=CARTESIAN_POINT('',(0.00332216511859939,-3.60566378068025,0.));
#4013=CARTESIAN_POINT('',(-19.9999940749661,-1.95,4.33680868994202E-16));
#4014=CARTESIAN_POINT('',(-19.9999940749668,-2.0500000000002,4.33680868994202E-16));
#4015=CARTESIAN_POINT('',(-20.0999940749663,-1.95,4.33680868994202E-16));
#4016=CARTESIAN_POINT('',(-20.0999940749668,-3.60566378068033,4.33680868994202E-16));
#4017=CARTESIAN_POINT('',(-20.0999940749689,-1.47842712474501,4.33680868994202E-16));
#4018=CARTESIAN_POINT('',(-18.4999940749661,-1.478427124745,0.));
#4019=CARTESIAN_POINT('',(-19.6313649248653,-0.347056274846519,0.));
#4020=CARTESIAN_POINT('',(-11.4433251327902,7.84098351722858,4.33680868994202E-16));
#4021=CARTESIAN_POINT('',(-16.2029378001203,3.08137084989848,0.));
#4022=CARTESIAN_POINT('',(-15.0715669502211,1.95,4.33680868994202E-16));
#4023=CARTESIAN_POINT('',(-15.0715669502218,3.55,0.));
#4024=CARTESIAN_POINT('',(0.00332216511859939,3.55,0.));
#4025=CARTESIAN_POINT('',(-11.4528259491705,3.55,0.));
#4026=CARTESIAN_POINT('',(-11.4528259491705,1.95,0.));
#4027=CARTESIAN_POINT('',(-9.85282594917054,1.95,0.));
#4028=CARTESIAN_POINT('',(-9.85282594917054,0.4,0.));
#4029=CARTESIAN_POINT('',(-9.85282594917054,0.,0.));
#4030=CARTESIAN_POINT('',(0.00332216511859939,0.,0.));
#4031=CARTESIAN_POINT('',(9.85282594917054,0.,0.));
#4032=CARTESIAN_POINT('',(9.85282594917054,-3.60566378068025,0.));
#4033=CARTESIAN_POINT('',(9.85282594917052,1.95,0.));
#4034=CARTESIAN_POINT('',(11.4528259491705,1.95,4.33680868994202E-16));
#4035=CARTESIAN_POINT('',(11.4528259491705,3.55,0.));
#4036=CARTESIAN_POINT('',(0.00332216511859939,3.55,0.));
#4037=CARTESIAN_POINT('',(15.0715669502073,3.54999999999727,0.));
#4038=CARTESIAN_POINT('',(15.0715669502083,1.95,0.));
#4039=CARTESIAN_POINT('',(16.2029378001059,3.08137084989848,4.33680868994202E-16));
#4040=CARTESIAN_POINT('',(11.4466472979015,7.83766135210274,0.));
#4041=CARTESIAN_POINT('',(19.6313649248481,-0.347056274849266,4.33680868994202E-16));
#4042=CARTESIAN_POINT('',(18.4999940749534,-1.47842712474502,0.));
#4043=CARTESIAN_POINT('',(20.0999940749524,-1.47842712474502,0.));
#4044=CARTESIAN_POINT('',(20.0999940749524,-3.60566378068009,0.));
#4045=CARTESIAN_POINT('',(20.0999940749524,-1.95,0.));
#4046=CARTESIAN_POINT('',(19.9999940749533,-1.95,0.));
#4047=CARTESIAN_POINT('',(19.9999940749524,-2.05,4.33680868994202E-16));
#4048=CARTESIAN_POINT('',(0.00332216511859939,-2.05,0.));
#4049=CARTESIAN_POINT('',(13.3999953873416,-2.05000000000426,4.33680868994202E-16));
#4050=CARTESIAN_POINT('',(13.3999953873433,-3.45,0.));
#4051=CARTESIAN_POINT('',(11.9999953873416,-3.44999999999976,0.));
#4052=CARTESIAN_POINT('',(11.9999953873416,-3.60000142644637,4.33680868994202E-16));
#4053=CARTESIAN_POINT('',(11.9999953873416,-3.60000142644637,4.33680868994202E-16));
#4054=CARTESIAN_POINT('',(11.3999953873433,-3.60000142644627,4.33680868994202E-16));
#4055=CARTESIAN_POINT('',(11.3999953873416,-4.20000142644628,0.));
#4056=CARTESIAN_POINT('',(0.00332216511859939,-4.20000142644628,0.));
#4057=CARTESIAN_POINT('',(-11.3999953873561,-4.20000142644628,4.33680868994202E-16));
#4058=CARTESIAN_POINT('',(-11.3999953873561,-3.60000142644627,4.33680868994202E-16));
#4059=CARTESIAN_POINT('',(-11.9999953873561,-3.60000142644637,4.33680868994202E-16));
#4060=CARTESIAN_POINT('',(-11.9999953873561,-3.44999999999976,0.));
#4061=CARTESIAN_POINT('',(-11.9999953873561,-3.44999999999976,0.));
#4062=CARTESIAN_POINT('',(-13.3999953873561,-3.45,0.));
#4063=CARTESIAN_POINT('',(-13.3999953873561,-2.05,4.33680868994202E-16));
#4064=CARTESIAN_POINT('',(0.00332216511859939,-2.05,0.));
#4065=CARTESIAN_POINT('',(3.40562594917064,8.89633621931984,8.81309771940275));
#4066=CARTESIAN_POINT('',(3.40562594917064,8.89633621931975,8.41036034308571));
#4067=CARTESIAN_POINT('',(3.40562594917064,-0.108700280020017,8.41036034308571));
#4068=CARTESIAN_POINT('',(3.40562594917064,-4.36700777084705,8.41036034308571));
#4069=CARTESIAN_POINT('',(3.4056259491711,-0.108700280020017,8.41036034308426));
#4070=CARTESIAN_POINT('',(3.4056259491711,-0.0687523090203985,8.41036034308427));
#4071=CARTESIAN_POINT('',(3.40562594917063,-0.0282083703066006,8.42339148031821));
#4072=CARTESIAN_POINT('',(3.40562594917064,6.93889390390723E-15,8.45087907792178));
#4073=CARTESIAN_POINT('',(3.40562594917064,6.93889390390723E-15,8.45087907792178));
#4074=CARTESIAN_POINT('',(3.40562594917065,6.93889390390723E-15,9.59602835732976));
#4075=CARTESIAN_POINT('',(3.40562594917065,6.93889390390723E-15,9.55550962249369));
#4076=CARTESIAN_POINT('',(3.40562594917065,-0.108700280021835,9.59602835732976));
#4077=CARTESIAN_POINT('',(3.40562594917065,-0.0687568857917508,9.59602835732976));
#4078=CARTESIAN_POINT('',(3.40562594917065,-0.0282128064589836,9.58300154286009));
#4079=CARTESIAN_POINT('',(3.40562594917065,2.02615701994091E-12,9.55550962249458));
#4080=CARTESIAN_POINT('',(3.40562594917065,-0.108700280021835,9.59602835732976));
#4081=CARTESIAN_POINT('',(3.40562594917065,8.89633621931974,9.59602835732976));
#4082=CARTESIAN_POINT('',(3.40562594917065,-4.36700777084704,9.59602835732976));
#4083=CARTESIAN_POINT('',(3.40562594917065,-4.36700777084704,9.59602835732976));
#4084=CARTESIAN_POINT('',(3.40562594917065,-4.37842152921849,9.59602835732976));
#4085=CARTESIAN_POINT('',(3.40562594917065,-4.38967678751803,9.59380714048467));
#4086=CARTESIAN_POINT('',(3.40562594917065,-4.40000142644629,9.58888577680921));
#4087=CARTESIAN_POINT('',(3.40562594917065,-4.40000142644627,9.5888857768092));
#4088=CARTESIAN_POINT('',(3.40562594917064,-4.40000142644627,8.81309771940275));
#4089=CARTESIAN_POINT('',(3.4056259491707,-4.40000142644627,13.9999960332157));
#4090=CARTESIAN_POINT('',(3.4056259491707,8.89633621931975,13.9999960332157));
#4091=CARTESIAN_POINT('',(3.4056259491707,0.2,13.9999960332157));
#4092=CARTESIAN_POINT('',(3.40562594917064,0.2,8.81309771940275));
#4093=CARTESIAN_POINT('',(3.40562594917058,0.2,3.79999940558964));
#4094=CARTESIAN_POINT('',(3.40562594917058,8.89633621931984,3.79999940558964));
#4095=CARTESIAN_POINT('',(3.40562594917058,-4.40000142644627,3.79999940558964));
#4096=CARTESIAN_POINT('',(3.40562594917064,-4.40000142644627,8.81309771940275));
#4097=CARTESIAN_POINT('',(3.40562594917064,-4.40000142644627,8.4175029236063));
#4098=CARTESIAN_POINT('',(3.40562594917064,-4.40000142644627,8.4175029236063));
#4099=CARTESIAN_POINT('',(3.40562594917064,-4.38966700215189,8.41257689561804));
#4100=CARTESIAN_POINT('',(3.40562594917064,-4.37843737985878,8.4103603430857));
#4101=CARTESIAN_POINT('',(3.40562594917064,-4.36700777084705,8.4103603430857));
#4102=CARTESIAN_POINT('',(0.284625949170704,8.89633621931975,13.9999960332158));
#4103=CARTESIAN_POINT('',(-2.83637405082929,8.89633621931975,13.9999960332158));
#4104=CARTESIAN_POINT('',(-2.83637405082929,0.2,13.9999960332158));
#4105=CARTESIAN_POINT('',(-2.83637405082929,-4.40000142644627,13.9999960332158));
#4106=CARTESIAN_POINT('',(0.284625949170704,0.2,13.9999960332158));
#4107=CARTESIAN_POINT('',(0.284625949170704,-4.40000142644628,13.9999960332158));
#4108=CARTESIAN_POINT('',(-2.83637405082935,8.89633621931984,8.81309771940282));
#4109=CARTESIAN_POINT('',(-2.83637405082942,-4.40000142644627,3.79999940558972));
#4110=CARTESIAN_POINT('',(-2.83637405082942,-4.40000142644627,3.79999940558972));
#4111=CARTESIAN_POINT('',(-2.83637405082942,8.89633621931984,3.79999940558972));
#4112=CARTESIAN_POINT('',(-2.83637405082942,0.2,3.79999940558972));
#4113=CARTESIAN_POINT('',(-2.83637405082929,0.2,13.9999960332158));
#4114=CARTESIAN_POINT('',(0.284625949170579,8.89633621931973,3.79999940558968));
#4115=CARTESIAN_POINT('',(-2.83637405082942,0.2,3.79999940558972));
#4116=CARTESIAN_POINT('',(3.40562594917058,-4.40000142644627,3.79999940558964));
#4117=CARTESIAN_POINT('',(-5.54717405082952,8.89633621931971,3.60319435020775));
#4118=CARTESIAN_POINT('',(-5.54717405082952,-4.40000142644627,3.60319435020775));
#4119=CARTESIAN_POINT('',(-5.54717405082954,-4.40000142644627,2.10319435020775));
#4120=CARTESIAN_POINT('',(-5.54717405082952,-0.250000000000014,3.60319435020783));
#4121=CARTESIAN_POINT('',(-5.5471740508295,-0.250000000000014,5.10319435020783));
#4122=CARTESIAN_POINT('',(0.00332216511862021,-0.249999999999944,7.40000055006296));
#4123=CARTESIAN_POINT('',(-5.54717405082943,-0.250000000000014,3.60319435020783));
#4124=CARTESIAN_POINT('',(-5.54717405082942,-0.250000000000014,4.80319435020783));
#4125=CARTESIAN_POINT('',(-5.54717405082943,-0.253662354233984,3.60319435020783));
#4126=CARTESIAN_POINT('',(-5.54717405082938,8.89633621931977,14.4031943502078));
#4127=CARTESIAN_POINT('',(-5.54717405082938,-4.40000142644627,14.4031943502078));
#4128=CARTESIAN_POINT('',(-5.5471740508294,-4.40000142644627,12.9031943502078));
#4129=CARTESIAN_POINT('',(-5.54717405082938,-0.249999999999966,14.4031943502078));
#4130=CARTESIAN_POINT('',(-5.54717405082936,-0.249999999999966,15.9031943502078));
#4131=CARTESIAN_POINT('',(0.00332216511862021,-0.249999999999944,7.40000055006296));
#4132=CARTESIAN_POINT('',(-5.54717405082929,-0.249999999999966,14.4031943502078));
#4133=CARTESIAN_POINT('',(-5.54717405082928,-0.249999999999966,15.6031943502078));
#4134=CARTESIAN_POINT('',(-5.54717405082929,-0.253662354233935,14.4031943502078));
#4135=CARTESIAN_POINT('',(5.25282594917054,8.89633621931975,9.00319435020771));
#4136=CARTESIAN_POINT('',(5.25282594917054,-4.40000142644627,9.00319435020771));
#4137=CARTESIAN_POINT('',(5.25282594917052,-4.40000142644627,7.50319435020771));
#4138=CARTESIAN_POINT('',(5.25282594917054,-0.249999999999987,9.0031943502077));
#4139=CARTESIAN_POINT('',(5.25282594917056,-0.249999999999987,10.5031943502077));
#4140=CARTESIAN_POINT('',(5.25282594917064,-0.253662354233956,9.0031943502077));
#4141=CARTESIAN_POINT('',(5.25282594917064,-0.249999999999987,9.0031943502077));
#4142=CARTESIAN_POINT('',(5.25282594917065,-0.249999999999987,10.2031943502077));
#4143=CARTESIAN_POINT('',(0.00332216511862021,-0.249999999999944,7.40000055006296));
#4144=CARTESIAN_POINT('',(-9.45282594917046,3.55,7.40000055006309));
#4145=CARTESIAN_POINT('',(-9.45282594917032,1.95,17.800001100126));
#4146=CARTESIAN_POINT('',(-9.45282594917054,1.95,0.399999999999992));
#4147=CARTESIAN_POINT('',(-9.45282594917033,1.95,17.4000011001259));
#4148=CARTESIAN_POINT('',(-9.45282594917033,0.399999999999984,17.400001100126));
#4149=CARTESIAN_POINT('',(-9.45282594917054,1.95,0.399999999999992));
#4150=CARTESIAN_POINT('',(9.45282594917062,3.55,7.40000055006286));
#4151=CARTESIAN_POINT('',(9.45282594917075,3.55000000000042,17.4000011001256));
#4152=CARTESIAN_POINT('',(9.45282594917075,1.95,17.4000011001256));
#4153=CARTESIAN_POINT('',(9.45282594917062,1.95,7.40000055006286));
#4154=CARTESIAN_POINT('',(9.45282594917054,1.95,0.400000000000027));
#4155=CARTESIAN_POINT('',(9.45282594917054,3.55,0.4));
#4156=CARTESIAN_POINT('',(15.6760535151859,-2.45,3.44346785597368));
#4157=CARTESIAN_POINT('',(15.6760535151859,-2.45,3.44346785597368));
#4158=CARTESIAN_POINT('',(19.9999940749451,-2.45,3.44346785597362));
#4159=CARTESIAN_POINT('',(13.3999953873287,-2.45,3.4434678559737));
#4160=CARTESIAN_POINT('',(19.9999940749451,-1.95,3.44346785597362));
#4161=CARTESIAN_POINT('',(20.4999940749451,-1.95,3.44346785597361));
#4162=CARTESIAN_POINT('',(20.4999940749451,-2.45,3.44346785597361));
#4163=CARTESIAN_POINT('',(20.4999940749451,-1.47842712474502,3.44346785597361));
#4164=CARTESIAN_POINT('',(18.4999940749451,-1.47842712474503,3.44346785597365));
#4165=CARTESIAN_POINT('',(18.6999940749462,-2.45,3.44346785597364));
#4166=CARTESIAN_POINT('',(13.3999953873287,-3.45,3.4434678559737));
#4167=CARTESIAN_POINT('',(8.32667268468867E-14,-2.45,7.40000055006453));
#4168=CARTESIAN_POINT('',(13.3999953873118,-2.45,7.40000055012156));
#4169=CARTESIAN_POINT('',(13.3999953873416,-2.45,0.400000000001691));
#4170=CARTESIAN_POINT('',(9.0205620750794E-14,-2.45,0.4));
#4171=CARTESIAN_POINT('',(19.9999940749524,-2.45,0.4));
#4172=CARTESIAN_POINT('',(19.9999940749355,-2.45,7.40000055011259));
#4173=CARTESIAN_POINT('',(-15.6760535151858,-2.45,3.44346785597407));
#4174=CARTESIAN_POINT('',(-20.4999940749723,-2.45,3.44346785597412));
#4175=CARTESIAN_POINT('',(-20.4999940749723,-1.47842712474502,3.44346785597412));
#4176=CARTESIAN_POINT('',(-20.4999940749723,-1.95,3.44346785597412));
#4177=CARTESIAN_POINT('',(-19.9999940749723,-1.95,3.44346785597412));
#4178=CARTESIAN_POINT('',(-19.9999940749724,-2.45,3.44346785597412));
#4179=CARTESIAN_POINT('',(-15.6760535151858,-2.45,3.44346785597407));
#4180=CARTESIAN_POINT('',(-13.399995387356,-2.45,3.44346785597404));
#4181=CARTESIAN_POINT('',(-13.399995387356,-3.45,3.44346785597404));
#4182=CARTESIAN_POINT('',(-18.6999940749735,1.15,3.4434678559741));
#4183=CARTESIAN_POINT('',(-18.6999940749735,1.15,3.4434678559741));
#4184=CARTESIAN_POINT('',(-20.4999940749875,-0.650000000013883,3.44346785597412));
#4185=CARTESIAN_POINT('',(-19.9142076373455,-0.0642135623719134,3.44346785597412));
#4186=CARTESIAN_POINT('',(-18.4999940749724,-1.478427124745,3.4434678559741));
#4187=CARTESIAN_POINT('',(8.32667268468867E-14,-2.45,7.40000055006453));
#4188=CARTESIAN_POINT('',(-19.9999940749796,-2.45,7.40000055002797));
#4189=CARTESIAN_POINT('',(-19.9999940749668,-2.45,0.4));
#4190=CARTESIAN_POINT('',(9.0205620750794E-14,-2.45,0.4));
#4191=CARTESIAN_POINT('',(-13.3999953873561,-2.45,0.4));
#4192=CARTESIAN_POINT('',(-13.3999953873559,-2.45,7.40000055006486));
#4193=CARTESIAN_POINT('',(-20.4999940749989,-0.650000000002191,16.1434678559029));
#4194=CARTESIAN_POINT('',(-17.4999940749968,2.35,16.1434678559084));
#4195=CARTESIAN_POINT('',(-17.4999940749784,2.35000000000024,6.23045237263709));
#4196=CARTESIAN_POINT('',(-17.4999940749769,2.35000000000176,6.23045237264716));
#4197=CARTESIAN_POINT('',(-17.3005419338728,2.54945214110575,6.16266329422741));
#4198=CARTESIAN_POINT('',(-17.100866990658,2.74912708432043,6.09830131112935));
#4199=CARTESIAN_POINT('',(-16.8991324055994,2.95086166937885,6.04346999998336));
#4200=CARTESIAN_POINT('',(-16.8991324055995,2.95086166937879,6.04346999998337));
#4201=CARTESIAN_POINT('',(-15.0928932187869,4.75710085619766,9.44346999998667));
#4202=CARTESIAN_POINT('',(-16.4857805126049,3.36421356237308,5.85426883723188));
#4203=CARTESIAN_POINT('',(-16.4857805126237,3.36421356237309,16.1434678559103));
#4204=CARTESIAN_POINT('',(-16.4857805125949,3.36421356237309,0.399999999996888));
#4205=CARTESIAN_POINT('',(-20.4999940749846,-0.650000000016582,0.39999999999948));
#4206=CARTESIAN_POINT('',(-19.9142076373399,-0.0642135623719134,0.39999999999948));
#4207=CARTESIAN_POINT('',(-19.9142076373687,-0.0642135623719134,16.143467855904));
#4208=CARTESIAN_POINT('',(-18.6999940749917,1.15,13.3423796481239));
#4209=CARTESIAN_POINT('',(-20.4999940749956,-1.25,16.1434678559029));
#4210=CARTESIAN_POINT('',(-20.4999940749956,-1.47842712474501,16.1434678559029));
#4211=CARTESIAN_POINT('',(-20.4999940749668,-1.47842712474501,0.399999999995612));
#4212=CARTESIAN_POINT('',(-20.4999940749668,-1.25,0.399999999999265));
#4213=CARTESIAN_POINT('',(-20.4999940749668,-1.95,0.399999999999087));
#4214=CARTESIAN_POINT('',(-20.4999940749956,-1.95,16.1434678559029));
#4215=CARTESIAN_POINT('',(20.4999940749355,-2.45,7.4000005501138));
#4216=CARTESIAN_POINT('',(20.4999940749355,-1.95,7.4000005501138));
#4217=CARTESIAN_POINT('',(20.4999940749524,-1.95,0.400000000002155));
#4218=CARTESIAN_POINT('',(20.4999940749524,-2.45,0.400000000000957));
#4219=CARTESIAN_POINT('',(20.4999940749524,-1.47842712474502,0.400000000000956));
#4220=CARTESIAN_POINT('',(20.4999940749355,-1.47842712474502,7.4000005501138));
#4221=CARTESIAN_POINT('',(-18.6999940749968,1.15,16.1434678559062));
#4222=CARTESIAN_POINT('',(18.6999940750106,1.15,-23.3565321439452));
#4223=CARTESIAN_POINT('',(18.699994074935,1.15,8.09761584236564));
#4224=CARTESIAN_POINT('',(18.6999940749345,1.15,8.32597750332308));
#4225=CARTESIAN_POINT('',(18.6999940749334,1.20082947128641,8.77789755465726));
#4226=CARTESIAN_POINT('',(18.6999940749318,1.35325327523505,9.45544410266803));
#4227=CARTESIAN_POINT('',(18.6999940749302,1.19783598269769,10.1187859980383));
#4228=CARTESIAN_POINT('',(18.6999940749291,1.15,10.5639562601946));
#4229=CARTESIAN_POINT('',(18.6999940749286,1.15,10.7893241576183));
#4230=CARTESIAN_POINT('',(10.9696725625977,-21.45,12.8000011001256));
#4231=CARTESIAN_POINT('',(10.9696725625977,3.55,12.8000011001256));
#4232=CARTESIAN_POINT('',(11.4948392871336,3.55,17.7723446030869));
#4233=CARTESIAN_POINT('',(11.4948392871336,3.55,17.7723446030869));
#4234=CARTESIAN_POINT('',(11.3167477006976,3.55,17.7911541996202));
#4235=CARTESIAN_POINT('',(11.141627643186,3.52541814694066,17.8000011001257));
#4236=CARTESIAN_POINT('',(10.9696725625978,3.47530744607212,17.8000011001257));
#4237=CARTESIAN_POINT('',(10.9696725625977,-3.60000142644628,12.8000011001256));
#4238=CARTESIAN_POINT('',(-10.9696725625974,-21.45,12.8000011001259));
#4239=CARTESIAN_POINT('',(-10.9696725625974,3.47530744607213,17.800001100126));
#4240=CARTESIAN_POINT('',(-11.1416276431856,3.52541814694066,17.800001100126));
#4241=CARTESIAN_POINT('',(-11.3167477006972,3.55,17.7911541996205));
#4242=CARTESIAN_POINT('',(-11.4948392871332,3.55,17.7723446030871));
#4243=CARTESIAN_POINT('',(-11.4948392871332,3.55,17.7723446030871));
#4244=CARTESIAN_POINT('',(-10.9696725625974,3.55,12.8000011001259));
#4245=CARTESIAN_POINT('',(-10.9696725625974,-3.60000142644627,12.8000011001259));
#4246=CARTESIAN_POINT('',(-19.7750139543353,2.35,16.6951246109934));
#4247=CARTESIAN_POINT('',(-16.244287686074,2.35,13.7324935015184));
#4248=CARTESIAN_POINT('',(-16.244287686074,2.35,13.7324935015184));
#4249=CARTESIAN_POINT('',(-16.244287686074,3.26212279031457,13.7324935015184));
#4250=CARTESIAN_POINT('',(-15.3286819941194,1.95,12.9642091030984));
#4251=CARTESIAN_POINT('',(-15.3286819941194,3.55,12.9642091030984));
#4252=CARTESIAN_POINT('',(-13.871637170918,3.55,11.7416033293458));
#4253=CARTESIAN_POINT('',(-13.871637170918,3.55,11.7416033293458));
#4254=CARTESIAN_POINT('',(-13.871637170918,2.35,11.7416033293458));
#4255=CARTESIAN_POINT('',(-13.871637170918,2.35,11.7416033293458));
#4256=CARTESIAN_POINT('',(-19.7750139543353,2.35,16.6951246109934));
#4257=CARTESIAN_POINT('',(-0.967955878086332,2.35,14.0460579463039));
#4258=CARTESIAN_POINT('',(-15.9373194962323,2.35,14.9957555200078));
#4259=CARTESIAN_POINT('',(-16.6002762633912,2.35,14.54799629355));
#4260=CARTESIAN_POINT('',(-15.6015000763888,2.35,14.4985379446386));
#4261=CARTESIAN_POINT('',(-15.7999999999734,2.35,9.44346999998537));
#4262=CARTESIAN_POINT('',(-15.7999999999679,2.35,6.44346999998537));
#4263=CARTESIAN_POINT('',(-20.7391953688632,2.35,6.44346999997634));
#4264=CARTESIAN_POINT('',(-16.9500853555321,2.35,6.44346999998327));
#4265=CARTESIAN_POINT('',(-16.9500853555321,2.35,6.44346999998327));
#4266=CARTESIAN_POINT('',(-17.1536582144008,2.35,6.44346999998266));
#4267=CARTESIAN_POINT('',(-17.3671383239223,2.35,6.38409276812316));
#4268=CARTESIAN_POINT('',(-17.4999940749786,2.35,6.23045237263727));
#4269=CARTESIAN_POINT('',(-15.7999999999734,2.35,9.44346999998538));
#4270=CARTESIAN_POINT('',(-15.7999999999734,2.35,9.44346999998537));
#4271=CARTESIAN_POINT('',(-15.7999999999734,3.55,9.44346999998537));
#4272=CARTESIAN_POINT('',(-15.1705118936604,3.55,6.51025593960546));
#4273=CARTESIAN_POINT('',(-15.1705118936604,3.55,6.51025593960546));
#4274=CARTESIAN_POINT('',(-15.3888325506353,3.54999999999999,6.46340281054664));
#4275=CARTESIAN_POINT('',(-15.6058532702639,3.48980913533474,6.44346999998573));
#4276=CARTESIAN_POINT('',(-15.7999999999679,3.38014962116238,6.44346999998537));
#4277=CARTESIAN_POINT('',(-15.7999999999679,3.38014962116238,6.44346999998538));
#4278=CARTESIAN_POINT('',(-15.7999999999679,2.35,6.44346999998537));
#4279=CARTESIAN_POINT('',(-20.7391953688632,2.35,6.44346999997634));
#4280=CARTESIAN_POINT('',(-15.7999999999679,3.38014962116238,6.44346999998537));
#4281=CARTESIAN_POINT('',(-15.9741943870889,3.29333502831916,6.44346999998505));
#4282=CARTESIAN_POINT('',(-16.1278003840861,3.17888625437686,6.44346999998477));
#4283=CARTESIAN_POINT('',(-16.2608282868462,3.03681711869654,6.44346999998453));
#4284=CARTESIAN_POINT('',(-16.2608282868462,3.03681711869655,6.44346999998453));
#4285=CARTESIAN_POINT('',(-16.2608282868461,3.03681711869654,6.44346999998453));
#4286=CARTESIAN_POINT('',(-16.4826500216707,2.79991928382292,6.44346999998412));
#4287=CARTESIAN_POINT('',(-16.7087170265926,2.56728180056742,6.44346999998371));
#4288=CARTESIAN_POINT('',(-16.9500853555321,2.35,6.44346999998327));
#4289=CARTESIAN_POINT('',(15.7999999999737,2.35,9.44346999998499));
#4290=CARTESIAN_POINT('',(15.7999999999737,2.35,6.44346999998498));
#4291=CARTESIAN_POINT('',(15.7999999999737,2.35,6.44346999998498));
#4292=CARTESIAN_POINT('',(15.7999999999737,3.38014962114129,6.44346999998498));
#4293=CARTESIAN_POINT('',(15.7999999999737,3.38014962114129,6.44346999998499));
#4294=CARTESIAN_POINT('',(15.6057009912826,3.48989514676124,6.44346999998499));
#4295=CARTESIAN_POINT('',(15.3888639421544,3.55,6.46339607370588));
#4296=CARTESIAN_POINT('',(15.1705118936294,3.55,6.51025593961176));
#4297=CARTESIAN_POINT('',(15.1705118936294,3.55,6.51025593961176));
#4298=CARTESIAN_POINT('',(15.7999999999737,3.55,9.44346999998499));
#4299=CARTESIAN_POINT('',(13.871637170914,3.55,11.7416033293419));
#4300=CARTESIAN_POINT('',(13.871637170914,2.35,11.7416033293419));
#4301=CARTESIAN_POINT('',(13.871637170914,2.35,11.7416033293419));
#4302=CARTESIAN_POINT('',(15.7999999999737,2.35,9.44346999998499));
#4303=CARTESIAN_POINT('',(17.5638581403106,2.35,14.8397445829876));
#4304=CARTESIAN_POINT('',(17.5638581403106,3.55,14.8397445829876));
#4305=CARTESIAN_POINT('',(15.3286819940511,3.55,12.964209103045));
#4306=CARTESIAN_POINT('',(15.3286819940511,1.95,12.964209103045));
#4307=CARTESIAN_POINT('',(16.2442876860708,3.26212279026683,13.7324935015226));
#4308=CARTESIAN_POINT('',(16.2442876860708,2.35,13.7324935015226));
#4309=CARTESIAN_POINT('',(16.2442876860708,2.35,13.7324935015226));
#4310=CARTESIAN_POINT('',(17.5638581403106,2.35,14.8397445829876));
#4311=CARTESIAN_POINT('',(19.7712394907768,2.35,6.44346999998498));
#4312=CARTESIAN_POINT('',(19.7712394907768,2.35,6.44346999998498));
#4313=CARTESIAN_POINT('',(16.9500853554877,2.35,6.44346999998498));
#4314=CARTESIAN_POINT('',(16.9500853554877,2.35,6.44346999998498));
#4315=CARTESIAN_POINT('',(16.7087170265534,2.56728180056711,6.44346999998498));
#4316=CARTESIAN_POINT('',(16.4826500216356,2.79991928382082,6.44346999998498));
#4317=CARTESIAN_POINT('',(16.2608282868145,3.03681711869204,6.44346999998498));
#4318=CARTESIAN_POINT('',(16.2608282868145,3.03681711869204,6.44346999998498));
#4319=CARTESIAN_POINT('',(16.2608282868145,3.03681711869204,6.44346999998498));
#4320=CARTESIAN_POINT('',(16.1278003840644,3.17888625436251,6.44346999998498));
#4321=CARTESIAN_POINT('',(15.9741943870797,3.2933350282993,6.44346999998498));
#4322=CARTESIAN_POINT('',(15.7999999999737,3.38014962114128,6.44346999998498));
#4323=CARTESIAN_POINT('',(-0.967955878086332,2.35,14.0460579463039));
#4324=CARTESIAN_POINT('',(15.6015000763842,2.35,14.4985379446415));
#4325=CARTESIAN_POINT('',(16.6002762633867,2.35,14.5479962935529));
#4326=CARTESIAN_POINT('',(4.76833056947729,2.35,22.5392607527728));
#4327=CARTESIAN_POINT('',(17.4999940749246,2.35,12.4481938589064));
#4328=CARTESIAN_POINT('',(17.4999940749252,2.35,12.1963613236262));
#4329=CARTESIAN_POINT('',(17.6818431201984,2.35,11.7257326819982));
#4330=CARTESIAN_POINT('',(17.9598267619467,2.35,11.3193385256549));
#4331=CARTESIAN_POINT('',(18.1053225366953,2.35,11.1191752251612));
#4332=CARTESIAN_POINT('',(18.1053225366953,2.35,11.1191752251612));
#4333=CARTESIAN_POINT('',(15.7999999999737,2.35,9.44346999998498));
#4334=CARTESIAN_POINT('',(18.1053225367034,2.35,7.76776477481983));
#4335=CARTESIAN_POINT('',(18.1053225367034,2.35,7.76776477481983));
#4336=CARTESIAN_POINT('',(17.959848070241,2.35,7.56763078883103));
#4337=CARTESIAN_POINT('',(17.6819486651998,2.35,7.16157611974847));
#4338=CARTESIAN_POINT('',(17.4999940749384,2.35,6.69025885814669));
#4339=CARTESIAN_POINT('',(17.499994074939,2.35,6.43874614107169));
#4340=CARTESIAN_POINT('',(17.4999940749396,2.35,6.23045237262411));
#4341=CARTESIAN_POINT('',(17.3674726094366,2.35,6.38370618520605));
#4342=CARTESIAN_POINT('',(17.1532863647366,2.35,6.44346999998499));
#4343=CARTESIAN_POINT('',(16.9500853554877,2.35,6.44346999998498));
#4344=CARTESIAN_POINT('',(13.3999953872631,-3.45,18.8434700000445));
#4345=CARTESIAN_POINT('',(13.3999953873416,-3.45,0.400000000001697));
#4346=CARTESIAN_POINT('',(-13.3999953873559,-3.45,7.40000055006486));
#4347=CARTESIAN_POINT('',(-13.3999953873561,-3.45,0.4));
#4348=CARTESIAN_POINT('',(0.284625949170572,0.2,3.59999940558968));
#4349=CARTESIAN_POINT('',(-3.03637405082943,0.2,3.59999940558972));
#4350=CARTESIAN_POINT('',(3.60562594917057,0.2,3.59999940558964));
#4351=CARTESIAN_POINT('',(3.6056259491706,0.2,6.10000101318089));
#4352=CARTESIAN_POINT('',(3.6056259491707,0.200000000000006,14.1999960332157));
#4353=CARTESIAN_POINT('',(-3.03637405082935,0.2,8.81309771940283));
#4354=CARTESIAN_POINT('',(-3.03637405082929,0.200000000000006,14.1999960332158));
#4355=CARTESIAN_POINT('',(0.00332793073730408,0.200000000000006,14.1999960332158));
#4356=CARTESIAN_POINT('',(5.25282594917054,-4.40000142644627,9.00319435020771));
#4357=CARTESIAN_POINT('',(3.60562594917065,-4.60000142644627,9.42358959280726));
#4358=CARTESIAN_POINT('',(3.57085674613561,-4.60000142644627,9.14488523413817));
#4359=CARTESIAN_POINT('',(3.57085674438745,-4.60000142644627,8.86150346605981));
#4360=CARTESIAN_POINT('',(3.60562594917063,-4.60000142644627,8.58279910760821));
#4361=CARTESIAN_POINT('',(0.284625949170572,-4.40000142644627,3.59999940558968));
#4362=CARTESIAN_POINT('',(3.60562594917057,-4.40000142644627,3.59999940558964));
#4363=CARTESIAN_POINT('',(-3.03637405082943,-4.40000142644627,3.59999940558972));
#4364=CARTESIAN_POINT('',(-3.03637405082935,-4.40000142644627,8.81309771940283));
#4365=CARTESIAN_POINT('',(-3.03637405082929,-4.40000142644627,14.1999960332158));
#4366=CARTESIAN_POINT('',(3.60562594917064,-4.40000142644627,9.0750008948959));
#4367=CARTESIAN_POINT('',(3.40562594917065,-4.40000142644628,9.5888857768092));
#4368=CARTESIAN_POINT('',(3.40562594917065,-4.43986442019911,9.56988460003066));
#4369=CARTESIAN_POINT('',(3.41775384422313,-4.47882020674803,9.55016859549297));
#4370=CARTESIAN_POINT('',(3.43933006531403,-4.51111253755739,9.53051309146668));
#4371=CARTESIAN_POINT('',(3.43933006531403,-4.51111253755739,9.53051309146667));
#4372=CARTESIAN_POINT('',(3.43933006531402,-4.51111253755739,9.0750008948959));
#4373=CARTESIAN_POINT('',(3.43933006531402,-4.51111253755739,8.47587560894898));
#4374=CARTESIAN_POINT('',(3.40562594917064,-4.40000142644628,8.4175029236063));
#4375=CARTESIAN_POINT('',(3.40562594917064,-4.43985903513666,8.43650153352989));
#4376=CARTESIAN_POINT('',(3.41775109835416,-4.47881609710777,8.45621760353677));
#4377=CARTESIAN_POINT('',(3.43933006531418,-4.51111253755762,8.47587560894894));
#4378=CARTESIAN_POINT('',(3.6056259491707,-4.40000142644627,14.1999960332157));
#4379=CARTESIAN_POINT('',(0.00331223893910298,-4.40000142644627,14.1999960332158));
#4380=CARTESIAN_POINT('',(-5.54717405082938,-4.40000142644627,14.4031943502078));
#4381=CARTESIAN_POINT('',(-5.54717405082952,-4.40000142644627,3.60319435020775));
#4382=CARTESIAN_POINT('',(-13.8037480814689,-4.60200142644627,14.7074146030877));
#4383=CARTESIAN_POINT('',(-13.8037480814689,-3.60000142644627,14.7074146030877));
#4384=CARTESIAN_POINT('',(-14.7322089581647,-3.60000142644623,15.5434045314441));
#4385=CARTESIAN_POINT('',(-14.7322089581647,0.75,15.5434045314441));
#4386=CARTESIAN_POINT('',(13.8037480814692,-4.60200142644627,14.7074146030874));
#4387=CARTESIAN_POINT('',(14.732208958165,-4.60000142644629,15.5434045314438));
#4388=CARTESIAN_POINT('',(14.732208958165,-3.60000142644627,15.5434045314438));
#4389=CARTESIAN_POINT('',(12.3999953873116,-3.60000142644627,13.4434700000631));
#4390=CARTESIAN_POINT('',(14.397643654984,3.55,15.9149769441811));
#4391=CARTESIAN_POINT('',(14.397643654984,-3.60000142644627,15.9149769441811));
#4392=CARTESIAN_POINT('',(-14.3976436549836,-4.60200142644627,15.9149769441814));
#4393=CARTESIAN_POINT('',(-14.3976436549836,-3.60000142644627,15.9149769441814));
#4394=CARTESIAN_POINT('',(18.4999940750095,-1.47842712474502,-23.3565321439457));
#4395=CARTESIAN_POINT('',(18.4999940749524,-1.47842712474503,0.400000000000679));
#4396=CARTESIAN_POINT('',(-18.4999940749956,-1.478427124745,16.1434678559066));
#4397=CARTESIAN_POINT('',(-18.4999940749668,-1.478427124745,0.399999999999264));
#4398=CARTESIAN_POINT('',(-15.7999999999734,0.748,9.44346999998538));
#4399=CARTESIAN_POINT('',(15.7999999999737,0.748,9.44346999998498));
#4400=CARTESIAN_POINT('',(15.7999999999737,5.46420763733126,9.44346999998498));
#4401=CARTESIAN_POINT('',(17.4675712569881,2.38242281795102,6.41305679137856));
#4402=CARTESIAN_POINT('',(17.2528296029544,2.59716447198342,6.96113609674245));
#4403=CARTESIAN_POINT('',(17.5578785477328,3.08952959913756,7.20017710530356));
#4404=CARTESIAN_POINT('',(17.9252274141882,1.92476666075008,6.77168314057436));
#4405=CARTESIAN_POINT('',(17.6694756841508,2.18051839078913,7.21538296502118));
#4406=CARTESIAN_POINT('',(17.8966629757903,2.63187344193545,7.46565375340827));
#4407=CARTESIAN_POINT('',(18.6748772023641,1.17511687257194,7.69955853144556));
#4408=CARTESIAN_POINT('',(18.3839615049721,1.46603256996217,7.94465512353671));
#4409=CARTESIAN_POINT('',(18.4515985332707,1.88222365375906,8.15252254924984));
#4410=CARTESIAN_POINT('',(19.0769012270008,0.773092847931061,9.44346999999294));
#4411=CARTESIAN_POINT('',(18.7801938835995,1.06980019133257,9.44346999999179));
#4412=CARTESIAN_POINT('',(18.7492007333267,1.48019962911737,9.443469999992));
#4413=CARTESIAN_POINT('',(18.6748772023555,1.17511687257212,11.1873814685379));
#4414=CARTESIAN_POINT('',(18.3839615049661,1.46603256996236,10.942284876447));
#4415=CARTESIAN_POINT('',(18.4515985332642,1.88222365375906,10.7344174507331));
#4416=CARTESIAN_POINT('',(17.9252274141757,1.92476666074966,12.1152568594065));
#4417=CARTESIAN_POINT('',(17.6694756841371,2.18051839078868,11.6715570349549));
#4418=CARTESIAN_POINT('',(17.8966629757815,2.63187344193546,11.4212862465713));
#4419=CARTESIAN_POINT('',(17.4675712569735,2.38242281795102,12.4738832085994));
#4420=CARTESIAN_POINT('',(17.2528296029424,2.59716447198343,11.9258039032345));
#4421=CARTESIAN_POINT('',(17.557878547722,3.08952959913757,11.6867628946748));
#4422=CARTESIAN_POINT('',(-16.4661751409345,3.39364002577216,5.96675226641603));
#4423=CARTESIAN_POINT('',(-16.4722119580383,3.37778211693978,5.91021499917365));
#4424=CARTESIAN_POINT('',(-16.4832358772811,3.36675819769687,5.85328235976907));
#4425=CARTESIAN_POINT('',(-16.6068552554213,3.25259934447513,6.01907079387361));
#4426=CARTESIAN_POINT('',(-16.6141725039212,3.23582157105693,5.96406276047741));
#4427=CARTESIAN_POINT('',(-16.6263205833836,3.22367349159446,5.90869360581228));
#4428=CARTESIAN_POINT('',(-16.7445688918125,3.1145347355072,6.0798920207078));
#4429=CARTESIAN_POINT('',(-16.7530006266039,3.09699344837425,6.02644822154421));
#4430=CARTESIAN_POINT('',(-16.7660882854804,3.08390578949781,5.97266866482971));
#4431=CARTESIAN_POINT('',(-16.878235730931,2.98052886364838,6.14882464526443));
#4432=CARTESIAN_POINT('',(-16.887653227079,2.96234084789944,6.09694980597313));
#4433=CARTESIAN_POINT('',(-16.9015421176752,2.94845195730308,6.04475124719911));
#4434=CARTESIAN_POINT('',(-16.8991324055995,2.9508616693788,6.04346999998337));
#4435=CARTESIAN_POINT('',(-16.7816251184754,3.06836895650287,6.02726731280452));
#4436=CARTESIAN_POINT('',(-16.6659436606174,3.18795629436951,6.01238881922352));
#4437=CARTESIAN_POINT('',(-16.5509989305454,3.30852139837067,5.99899773962435));
#4438=CARTESIAN_POINT('',(-16.5509989305454,3.30852139837068,5.99899773962435));
#4439=CARTESIAN_POINT('',(-16.5509989305445,3.30852139837113,5.99899773962513));
#4440=CARTESIAN_POINT('',(-16.5251660683609,3.32873475613324,5.95393858540944));
#4441=CARTESIAN_POINT('',(-16.502091511458,3.34790256352001,5.90579401783523));
#4442=CARTESIAN_POINT('',(-16.4857805126049,3.36421356237309,5.85426883723189));
#4443=CARTESIAN_POINT('',(-11.3999953873558,-3.60000142644627,9.07500089489622));
#4444=CARTESIAN_POINT('',(-11.3999953873561,-3.60000142644627,0.4));
#4445=CARTESIAN_POINT('',(-11.3999953873557,-3.60000142644627,13.8886986854094));
#4446=CARTESIAN_POINT('',(-13.1346174751069,-3.60000142644627,15.4505594285623));
#4447=CARTESIAN_POINT('',(-13.587786534317,-3.60000142644627,15.8585946822293));
#4448=CARTESIAN_POINT('',(-14.7322089581647,-3.60000142644628,15.5434045314441));
#4449=CARTESIAN_POINT('',(-15.2075007756503,-3.60000142644627,15.9713592061336));
#4450=CARTESIAN_POINT('',(-14.6774931715198,-3.60000142644628,16.3293249236558));
#4451=CARTESIAN_POINT('',(-14.7322089580404,-3.73090129487853,15.5434045313322));
#4452=CARTESIAN_POINT('',(-15.20750076564,-3.83799052668019,15.9713592054368));
#4453=CARTESIAN_POINT('',(-14.6774931713809,-3.73090129487853,16.3293249237496));
#4454=CARTESIAN_POINT('',(-14.6726203018325,-3.99263940454623,15.5598160917742));
#4455=CARTESIAN_POINT('',(-14.9914194493463,-4.23996079283446,15.9563156217385));
#4456=CARTESIAN_POINT('',(-14.620753498351,-3.99263940454623,16.3048145837026));
#4457=CARTESIAN_POINT('',(-14.4180854360666,-4.32551929463857,15.6299186002103));
#4458=CARTESIAN_POINT('',(-14.497321782361,-4.47900121609475,15.9219165365432));
#4459=CARTESIAN_POINT('',(-14.3783881559226,-4.32551929463857,16.2001178771204));
#4460=CARTESIAN_POINT('',(-14.037130298471,-4.54793266269639,15.7348390428598));
#4461=CARTESIAN_POINT('',(-14.0407572232784,-4.57932798748367,15.8901305067468));
#4462=CARTESIAN_POINT('',(-14.0156467998814,-4.54793266269639,16.0434212761249));
#4463=CARTESIAN_POINT('',(-13.7375911550591,-4.60000142644627,15.8173363671034));
#4464=CARTESIAN_POINT('',(-13.7340099996192,-4.59990134843267,15.8687747615467));
#4465=CARTESIAN_POINT('',(-13.730428871713,-4.60000142644628,15.9202131579074));
#4466=CARTESIAN_POINT('',(-13.587786534317,-4.60000142644628,15.8585946822292));
#4467=CARTESIAN_POINT('',(-13.587786534317,-4.60000142644628,15.8585946822293));
#4468=CARTESIAN_POINT('',(-13.587786534317,-4.60000142644628,15.8585946822293));
#4469=CARTESIAN_POINT('',(-13.587786534317,-3.60000142644627,15.8585946822293));
#4470=CARTESIAN_POINT('',(-7.4006449278923,-3.60000142644627,20.0373735663337));
#4471=CARTESIAN_POINT('',(-13.2084686948868,-3.60000142644627,16.1147849359207));
#4472=CARTESIAN_POINT('',(-10.9696725625974,-3.60000142644627,12.8000011001259));
#4473=CARTESIAN_POINT('',(-10.9696725625974,-3.60000142644627,16.800001100126));
#4474=CARTESIAN_POINT('',(-4.32650960768436,-3.60000142644627,16.800001100126));
#4475=CARTESIAN_POINT('',(10.9696725625978,-3.60000142644627,16.8000011001259));
#4476=CARTESIAN_POINT('',(10.9696725625977,-3.60000142644627,12.8000011001256));
#4477=CARTESIAN_POINT('',(13.2084686948872,-3.60000142644627,16.1147849359204));
#4478=CARTESIAN_POINT('',(7.40519420190671,-3.60000142644627,20.0343009988385));
#4479=CARTESIAN_POINT('',(13.5877865343174,-3.60000142644627,15.8585946822289));
#4480=CARTESIAN_POINT('',(11.3999953873047,-3.60000142644627,9.07500089494445));
#4481=CARTESIAN_POINT('',(11.3999953873416,-3.60000142644627,0.400000000001696));
#4482=CARTESIAN_POINT('',(11.3999953872842,-3.60000142644627,13.8886986853444));
#4483=CARTESIAN_POINT('',(13.5877865343174,-4.60000142644628,15.8585946822289));
#4484=CARTESIAN_POINT('',(13.5877865343174,-4.60000142644628,15.8585946822289));
#4485=CARTESIAN_POINT('',(13.5877865343174,-4.60000142644628,15.8585946822289));
#4486=CARTESIAN_POINT('',(13.7375911550589,-4.60000142644628,15.8173363671031));
#4487=CARTESIAN_POINT('',(13.7340099996195,-4.59990134878751,15.8687747615447));
#4488=CARTESIAN_POINT('',(13.7304288717131,-4.60000142644627,15.9202131579068));
#4489=CARTESIAN_POINT('',(14.0371302984716,-4.5479326626964,15.7348390428595));
#4490=CARTESIAN_POINT('',(14.0407572232787,-4.57932798731332,15.8901305067473));
#4491=CARTESIAN_POINT('',(14.0156467998818,-4.54793266269639,16.0434212761246));
#4492=CARTESIAN_POINT('',(14.4180854360669,-4.32551929463858,15.62991860021));
#4493=CARTESIAN_POINT('',(14.4973217823613,-4.47900121614785,15.9219165365426));
#4494=CARTESIAN_POINT('',(14.3783881559229,-4.32551929463857,16.20011787712));
#4495=CARTESIAN_POINT('',(14.6726203018329,-3.99263940454624,15.5598160917739));
#4496=CARTESIAN_POINT('',(14.9914194493465,-4.23996079281553,15.9563156217381));
#4497=CARTESIAN_POINT('',(14.6207534983513,-3.99263940454623,16.3048145837022));
#4498=CARTESIAN_POINT('',(14.7322089580407,-3.73090129487853,15.5434045313318));
#4499=CARTESIAN_POINT('',(15.2075007656408,-3.83799052668022,15.9713592054365));
#4500=CARTESIAN_POINT('',(14.6774931713813,-3.73090129487853,16.3293249237492));
#4501=CARTESIAN_POINT('',(14.732208958165,-3.60000142644627,15.5434045314438));
#4502=CARTESIAN_POINT('',(15.2075007756506,-3.60000142644627,15.9713592061332));
#4503=CARTESIAN_POINT('',(14.6774931715202,-3.60000142644627,16.3293249236554));
#4504=CARTESIAN_POINT('',(13.5877865343174,-3.60000142644627,15.8585946822289));
#4505=CARTESIAN_POINT('',(2.71235100009184,-3.60000142644627,6.06630854362801));
#4506=CARTESIAN_POINT('',(15.0715669501917,1.95,6.92173555009184));
#4507=CARTESIAN_POINT('',(15.0715669502073,1.95,0.4));
#4508=CARTESIAN_POINT('',(15.0715669501942,1.95,5.85426883721068));
#4509=CARTESIAN_POINT('',(15.0715669501943,3.95,5.85426883721068));
#4510=CARTESIAN_POINT('',(15.8999940749405,3.95,5.85426883721258));
#4511=CARTESIAN_POINT('',(16.4857805125674,3.36421356237307,5.85426883721392));
#4512=CARTESIAN_POINT('',(15.0715669557863,3.95,5.978170325257));
#4513=CARTESIAN_POINT('',(15.9123691108146,3.95000000000025,5.93334484341668));
#4514=CARTESIAN_POINT('',(16.5006858909704,3.34930818396996,5.90135376981632));
#4515=CARTESIAN_POINT('',(15.0818167836499,3.95,6.10244283294878));
#4516=CARTESIAN_POINT('',(15.9345000267687,3.94999999999999,6.01294941084604));
#4517=CARTESIAN_POINT('',(16.522990663146,3.33042002628302,5.95026160893942));
#4518=CARTESIAN_POINT('',(15.1004787291834,3.95,6.22352579796266));
#4519=CARTESIAN_POINT('',(15.9646697510481,3.95,6.09033218155834));
#4520=CARTESIAN_POINT('',(16.5515085217686,3.30812281283442,5.99988553707703));
#4521=CARTESIAN_POINT('',(15.0865801461169,3.95,6.11916073156199));
#4522=CARTESIAN_POINT('',(15.3933041227294,3.95,6.0596846760596));
#4523=CARTESIAN_POINT('',(15.6989631361465,3.87735321010676,6.03195812683148));
#4524=CARTESIAN_POINT('',(15.9781886590992,3.73768702642659,6.02307868857876));
#4525=CARTESIAN_POINT('',(15.9781886590992,3.73768702642661,6.02307868857876));
#4526=CARTESIAN_POINT('',(15.9781886590972,3.73768702642271,6.02307868857877));
#4527=CARTESIAN_POINT('',(16.1950743797588,3.62920267091251,6.0161816709131));
#4528=CARTESIAN_POINT('',(16.3860354332603,3.48618385694395,6.00808399123912));
#4529=CARTESIAN_POINT('',(16.5509989305149,3.30852139836506,5.99899773962106));
#4530=CARTESIAN_POINT('',(15.0715669501917,1.95,6.92173555009184));
#4531=CARTESIAN_POINT('',(16.3557961531142,3.48321732129791,14.1630632621949));
#4532=CARTESIAN_POINT('',(16.3147489206443,3.51759865387596,14.11437057317));
#4533=CARTESIAN_POINT('',(16.2679987213915,3.55392020912174,14.0737672466571));
#4534=CARTESIAN_POINT('',(16.2160740652016,3.59015348783353,14.0389112787707));
#4535=CARTESIAN_POINT('',(16.3557961531142,3.48321732129791,14.1630632621949));
#4536=CARTESIAN_POINT('',(16.2160740652016,3.59015348783353,14.0389112787707));
#4537=CARTESIAN_POINT('',(15.0715669501764,1.95,13.2706268802925));
#4538=CARTESIAN_POINT('',(15.0715669501708,1.95,15.5804824728521));
#4539=CARTESIAN_POINT('',(16.1537576327416,3.63192250908305,14.9957555200113));
#4540=CARTESIAN_POINT('',(16.1537576327416,3.63192250908305,14.9957555200113));
#4541=CARTESIAN_POINT('',(16.2308725403371,3.58230486377758,14.9540889582277));
#4542=CARTESIAN_POINT('',(16.2985156685912,3.53119569328277,14.9019621733115));
#4543=CARTESIAN_POINT('',(16.3557961531112,3.48321732129526,14.8340126270923));
#4544=CARTESIAN_POINT('',(16.3557961531126,3.48321732129791,14.8340126270918));
#4545=CARTESIAN_POINT('',(16.3557961531127,3.48321732129792,14.8340126270918));
#4546=CARTESIAN_POINT('',(16.4296217742957,3.42138067405213,14.7464362474436));
#4547=CARTESIAN_POINT('',(16.5382712136086,3.310698034732,14.4994419808286));
#4548=CARTESIAN_POINT('',(16.4297682074951,3.42125802099257,14.2508133496867));
#4549=CARTESIAN_POINT('',(16.3557961531128,3.48321732129531,14.1630632621943));
#4550=CARTESIAN_POINT('',(-15.0715669502338,1.95,6.92173555002814));
#4551=CARTESIAN_POINT('',(-16.3557961531795,3.48321732130523,14.8340126269929));
#4552=CARTESIAN_POINT('',(-16.2986077819673,3.53111853880277,14.9018529029098));
#4553=CARTESIAN_POINT('',(-16.230785850059,3.58236064250859,14.954135798522));
#4554=CARTESIAN_POINT('',(-16.1537576327282,3.63192250914067,14.9957555200074));
#4555=CARTESIAN_POINT('',(-16.3557961531795,3.48321732130523,14.8340126269929));
#4556=CARTESIAN_POINT('',(-16.1537576327282,3.63192250914067,14.9957555200074));
#4557=CARTESIAN_POINT('',(-15.0715669502496,1.95,15.580482472799));
#4558=CARTESIAN_POINT('',(-15.0715669502454,1.95,13.2706268803464));
#4559=CARTESIAN_POINT('',(-16.2160740651882,3.59015348789321,14.0389112787661));
#4560=CARTESIAN_POINT('',(-16.2160740651882,3.59015348789321,14.0389112787661));
#4561=CARTESIAN_POINT('',(-16.2679987214113,3.55392020916244,14.0737672466746));
#4562=CARTESIAN_POINT('',(-16.3147489206888,3.51759865389516,14.1143705732157));
#4563=CARTESIAN_POINT('',(-16.3557961531768,3.4832173213026,14.1630632622809));
#4564=CARTESIAN_POINT('',(-16.3557961531783,3.48321732130523,14.1630632622815));
#4565=CARTESIAN_POINT('',(-16.3557961531783,3.48321732130523,14.1630632622815));
#4566=CARTESIAN_POINT('',(-16.4296217743212,3.42138067409371,14.2506396419175));
#4567=CARTESIAN_POINT('',(-16.5382712135579,3.31069803486365,14.497633908455));
#4568=CARTESIAN_POINT('',(-16.4297682075198,3.42125802103459,14.746262539514));
#4569=CARTESIAN_POINT('',(-16.355796153178,3.48321732130262,14.8340126269935));
#4570=CARTESIAN_POINT('',(-15.0715669502338,1.95,6.92173555002814));
#4571=CARTESIAN_POINT('',(-15.0715669502218,1.95,0.399999999999479));
#4572=CARTESIAN_POINT('',(-15.0715669502318,1.95,5.85426883723447));
#4573=CARTESIAN_POINT('',(-15.1004805960646,3.95,6.22353791029793));
#4574=CARTESIAN_POINT('',(-15.9646727791094,3.95,6.09033994812154));
#4575=CARTESIAN_POINT('',(-16.551511374563,3.30812058235929,5.99989050114151));
#4576=CARTESIAN_POINT('',(-15.0817132360311,3.95,6.10177479411181));
#4577=CARTESIAN_POINT('',(-15.9343335587048,3.94999999999986,6.01252393853036));
#4578=CARTESIAN_POINT('',(-16.522832866317,3.33054330692331,5.94998769008097));
#4579=CARTESIAN_POINT('',(-15.0715669534271,3.95,5.97728931880998));
#4580=CARTESIAN_POINT('',(-15.912280924332,3.94999999999998,5.93278134909022));
#4581=CARTESIAN_POINT('',(-16.5005799044242,3.34941417055385,5.90101897015576));
#4582=CARTESIAN_POINT('',(-15.0715669502318,3.95,5.85426883723448));
#4583=CARTESIAN_POINT('',(-15.899994074978,3.95,5.85426883723296));
#4584=CARTESIAN_POINT('',(-16.4857805126049,3.36421356237309,5.85426883723188));
#4585=CARTESIAN_POINT('',(-16.5509989305454,3.30852139837068,5.99899773962435));
#4586=CARTESIAN_POINT('',(-16.3860354332775,3.48618385696266,6.00808399124263));
#4587=CARTESIAN_POINT('',(-16.195074379764,3.62920267093829,6.01618167091657));
#4588=CARTESIAN_POINT('',(-15.9781886590824,3.73768702645073,6.02307868858234));
#4589=CARTESIAN_POINT('',(-15.9781886590825,3.73768702645297,6.02307868858236));
#4590=CARTESIAN_POINT('',(-15.9781886590825,3.73768702645297,6.02307868858236));
#4591=CARTESIAN_POINT('',(-15.6990436324127,3.87731294658079,6.03195556703338));
#4592=CARTESIAN_POINT('',(-15.3932698088894,3.95,6.05969132977089));
#4593=CARTESIAN_POINT('',(-15.086580146152,3.95,6.11916073155493));
#4594=CARTESIAN_POINT('',(-11.4528259491704,1.95,6.92173555005607));
#4595=CARTESIAN_POINT('',(-11.4528259491703,3.95,17.3745571228502));
#4596=CARTESIAN_POINT('',(-11.2470758793212,3.95,17.3919417770185));
#4597=CARTESIAN_POINT('',(-11.0457275087634,3.91898600185999,17.400001100126));
#4598=CARTESIAN_POINT('',(-10.8488842159541,3.85663430759016,17.400001100126));
#4599=CARTESIAN_POINT('',(-10.8488842159541,3.85663430759016,17.400001100126));
#4600=CARTESIAN_POINT('',(-11.4528259491703,1.95,17.4000011001259));
#4601=CARTESIAN_POINT('',(-11.4528259491705,1.95,0.4));
#4602=CARTESIAN_POINT('',(11.4528259491706,1.95,7.40000055006283));
#4603=CARTESIAN_POINT('',(11.4528259491707,1.95,17.4000011001256));
#4604=CARTESIAN_POINT('',(10.8488842159545,3.85663430759015,17.4000011001257));
#4605=CARTESIAN_POINT('',(10.8488842159545,3.85663430759015,17.4000011001257));
#4606=CARTESIAN_POINT('',(11.0457275087638,3.91898600185998,17.4000011001257));
#4607=CARTESIAN_POINT('',(11.2470758793216,3.95,17.3919417770182));
#4608=CARTESIAN_POINT('',(11.4528259491707,3.95,17.37455712285));
#4609=CARTESIAN_POINT('',(11.4528259491705,1.95,0.4));
#4610=CARTESIAN_POINT('',(-19.9999940749796,-1.95,7.40000055002797));
#4611=CARTESIAN_POINT('',(-19.9999940749668,-1.95,0.4));
#4612=CARTESIAN_POINT('',(19.9999940749355,-1.95,7.40000055011259));
#4613=CARTESIAN_POINT('',(19.9999940749524,-1.95,0.400000000000955));
#4614=CARTESIAN_POINT('',(18.4999940749534,-1.47842712474502,-2.60208521396521E-15));
#4615=CARTESIAN_POINT('',(19.9142076373255,-0.0642135623719342,0.400000000004084));
#4616=CARTESIAN_POINT('',(20.0999940749488,-1.47842712474502,0.));
#4617=CARTESIAN_POINT('',(20.0999940749524,-3.60566378068009,0.));
#4618=CARTESIAN_POINT('',(20.0999940749524,-1.95,0.));
#4619=CARTESIAN_POINT('',(11.4466472979015,7.83766135210274,0.));
#4620=CARTESIAN_POINT('',(16.4857805125804,3.36421356237309,0.400000000000672));
#4621=CARTESIAN_POINT('',(19.9999940749533,-1.95,0.));
#4622=CARTESIAN_POINT('',(19.9999940749524,-2.04999999999905,4.33680868994202E-16));
#4623=CARTESIAN_POINT('',(15.0715669502083,1.95,4.33680868994202E-16));
#4624=CARTESIAN_POINT('',(15.0715669502073,3.95,0.399999999999983));
#4625=CARTESIAN_POINT('',(9.0205620750794E-14,-2.45,0.4));
#4626=CARTESIAN_POINT('',(13.3999953873416,-2.05,4.33680868994202E-16));
#4627=CARTESIAN_POINT('',(0.126776695305024,3.95,0.4));
#4628=CARTESIAN_POINT('',(11.4528259491705,3.95,0.4));
#4629=CARTESIAN_POINT('',(13.3999953873433,-3.45,0.));
#4630=CARTESIAN_POINT('',(11.9999953873476,-3.44999999999976,0.));
#4631=CARTESIAN_POINT('',(11.4528259491705,1.95,4.33680868994202E-16));
#4632=CARTESIAN_POINT('',(9.45282594917054,1.95,0.400000000000027));
#4633=CARTESIAN_POINT('',(12.3999953873407,-9.12607286318601,0.400000000001699));
#4634=CARTESIAN_POINT('',(11.9999953873416,-3.60000142644637,4.33680868994202E-16));
#4635=CARTESIAN_POINT('',(9.45282594917054,3.55,0.4));
#4636=CARTESIAN_POINT('',(6.30299327635946,3.54983267281112,3.54983267281109));
#4637=CARTESIAN_POINT('',(11.3999953873433,-3.60000142644627,1.7347234759768E-15));
#4638=CARTESIAN_POINT('',(11.3999953873416,-4.20000142644458,0.));
#4639=CARTESIAN_POINT('',(0.00332793073720694,0.4,0.4));
#4640=CARTESIAN_POINT('',(-11.054713876064,-1.20188792689342,-1.20188792689341));
#4641=CARTESIAN_POINT('',(0.00331223893904747,-4.60000142644627,0.4));
#4642=CARTESIAN_POINT('',(-11.3999953873561,-4.20000142644628,4.33680868994202E-16));
#4643=CARTESIAN_POINT('',(-9.85282594917054,-3.60566378068025,0.));
#4644=CARTESIAN_POINT('',(-9.45282594917054,1.95,0.399999999999992));
#4645=CARTESIAN_POINT('',(-11.3999953873561,-3.60000142644627,-1.3010426069826E-15));
#4646=CARTESIAN_POINT('',(-11.9999953873561,-3.60000142644637,4.33680868994202E-16));
#4647=CARTESIAN_POINT('',(-11.4528259491705,1.95,0.));
#4648=CARTESIAN_POINT('',(-11.4528259491705,3.95,0.399999999999983));
#4649=CARTESIAN_POINT('',(-12.3999953873552,-9.12607286318601,0.400000000000008));
#4650=CARTESIAN_POINT('',(-11.9999953873561,-3.44999999999976,0.));
#4651=CARTESIAN_POINT('',(0.126776695305024,3.95,0.4));
#4652=CARTESIAN_POINT('',(-15.0715669502218,3.95,0.4));
#4653=CARTESIAN_POINT('',(-13.3999953873561,-3.45,-4.33680868994202E-16));
#4654=CARTESIAN_POINT('',(-13.3999953873561,-2.05000000000003,4.33680868994202E-16));
#4655=CARTESIAN_POINT('',(-15.0715669502211,1.95,0.));
#4656=CARTESIAN_POINT('',(-16.4857805125949,3.36421356237309,0.399999999996887));
#4657=CARTESIAN_POINT('',(0.00332216511859939,-2.05,0.));
#4658=CARTESIAN_POINT('',(-19.9999940749668,-2.05,4.33680868994202E-16));
#4659=CARTESIAN_POINT('',(-20.4999940749846,-0.650000000016582,0.39999999999948));
#4660=CARTESIAN_POINT('',(-19.9142076373399,-0.0642135623719065,0.399999999999479));
#4661=CARTESIAN_POINT('',(-19.9999940749661,-1.95,4.33680868994202E-16));
#4662=CARTESIAN_POINT('',(-20.0999940749663,-1.95,4.33680868994202E-16));
#4663=CARTESIAN_POINT('',(-18.4999940749661,-1.478427124745,-1.3010426069826E-15));
#4664=CARTESIAN_POINT('',(-20.4999940749668,-1.47842712474501,0.399999999995611));
#4665=CARTESIAN_POINT('',(-20.0999940749668,-3.60566378068033,4.33680868994202E-16));
#4666=CARTESIAN_POINT('',(15.6015000763842,3.55,14.4985379446415));
#4667=CARTESIAN_POINT('',(16.2442876860708,3.26212279026683,13.7324935015226));
#4668=CARTESIAN_POINT('',(16.3157492837065,3.23220303913911,13.792456901742));
#4669=CARTESIAN_POINT('',(16.377833556852,3.20308415247508,13.8611940912775));
#4670=CARTESIAN_POINT('',(16.4305838032863,3.17657385703588,13.9394134738962));
#4671=CARTESIAN_POINT('',(16.4305838032868,3.17657385703879,13.939413473897));
#4672=CARTESIAN_POINT('',(16.4305838032868,3.17657385703879,13.939413473897));
#4673=CARTESIAN_POINT('',(16.5392985702593,3.12193789254849,14.1006184450385));
#4674=CARTESIAN_POINT('',(16.6636975826229,3.04367763059197,14.4977474631959));
#4675=CARTESIAN_POINT('',(16.5393062530824,3.12193403144546,14.8964460519644));
#4676=CARTESIAN_POINT('',(16.4305838032838,3.17657385703578,15.0576624153906));
#4677=CARTESIAN_POINT('',(16.4305838032842,3.17657385703879,15.0576624153901));
#4678=CARTESIAN_POINT('',(16.4305838032842,3.17657385703879,15.0576624153901));
#4679=CARTESIAN_POINT('',(16.3576933292361,3.21320587550919,15.1657462304274));
#4680=CARTESIAN_POINT('',(16.2680185839649,3.25429982676572,15.2550883163576));
#4681=CARTESIAN_POINT('',(16.1611991094566,3.29553800726644,15.3272339035902));
#4682=CARTESIAN_POINT('',(15.6015000763842,2.95,14.4985379446415));
#4683=CARTESIAN_POINT('',(-15.6015000763888,3.55,14.4985379446386));
#4684=CARTESIAN_POINT('',(-16.1611991094612,3.29553800731254,15.3272339035873));
#4685=CARTESIAN_POINT('',(-16.2680185840235,3.25429982679569,15.2550883163183));
#4686=CARTESIAN_POINT('',(-16.3576933293296,3.21320587552067,15.1657462303369));
#4687=CARTESIAN_POINT('',(-16.4305838033948,3.17657385704175,15.0576624152298));
#4688=CARTESIAN_POINT('',(-16.4305838033954,3.17657385704464,15.057662415229));
#4689=CARTESIAN_POINT('',(-16.4305838033954,3.17657385704464,15.057662415229));
#4690=CARTESIAN_POINT('',(-16.5392985703048,3.12193789258672,14.8964574441164));
#4691=CARTESIAN_POINT('',(-16.6636975825864,3.04367763069255,14.4993284260881));
#4692=CARTESIAN_POINT('',(-16.5393062531285,3.12193403148361,14.1006298374422));
#4693=CARTESIAN_POINT('',(-16.430583803393,3.17657385704163,13.9394134740446));
#4694=CARTESIAN_POINT('',(-16.4305838033933,3.17657385704464,13.9394134740451));
#4695=CARTESIAN_POINT('',(-16.4305838033933,3.17657385704464,13.9394134740451));
#4696=CARTESIAN_POINT('',(-16.3778335569378,3.20308415249399,13.861194091364));
#4697=CARTESIAN_POINT('',(-16.3157492837572,3.2322030391704,13.7924569017775));
#4698=CARTESIAN_POINT('',(-16.244287686074,3.26212279031457,13.7324935015184));
#4699=CARTESIAN_POINT('',(-15.6015000763888,2.95,14.4985379446386));
#4700=CARTESIAN_POINT('',(16.2608282868145,3.03681711869204,6.44346999998498));
#4701=CARTESIAN_POINT('',(16.5872958012733,3.34250834824406,6.44346999998498));
#4702=CARTESIAN_POINT('',(16.5509989305149,3.30852139836505,5.99899773962106));
#4703=CARTESIAN_POINT('',(16.5839211493703,2.69176525156232,6.44346999998498));
#4704=CARTESIAN_POINT('',(16.8591812946667,2.9933358024617,6.44346999998515));
#4705=CARTESIAN_POINT('',(16.8717795419173,2.97205579664563,6.03636873299385));
#4706=CARTESIAN_POINT('',(16.9158877180856,2.35349320214491,6.44346999998498));
#4707=CARTESIAN_POINT('',(17.1410129653518,2.63576391961207,6.44346999998498));
#4708=CARTESIAN_POINT('',(17.1909895036953,2.64834188487941,6.08497026744965));
#4709=CARTESIAN_POINT('',(17.2904573594874,2.06504683140273,6.44346999998498));
#4710=CARTESIAN_POINT('',(17.4826581270837,2.31463423348346,6.44346999998498));
#4711=CARTESIAN_POINT('',(17.5277102154912,2.37313781723379,6.13723047549393));
#4712=CARTESIAN_POINT('',(16.2608282868145,3.03681711869204,6.04346999998498));
#4713=CARTESIAN_POINT('',(16.5509989305149,3.30852139836506,5.998997739621));
#4714=CARTESIAN_POINT('',(16.5872958012734,3.34250834824412,6.44346999998498));
#4715=CARTESIAN_POINT('',(16.2608282868145,3.03681711869204,6.44346999998498));
#4716=CARTESIAN_POINT('',(16.3861060393166,3.4861078156553,6.00808010255085));
#4717=CARTESIAN_POINT('',(16.4123120627779,3.51453105469975,6.44346999998471));
#4718=CARTESIAN_POINT('',(16.1278003757186,3.17888624316134,6.44346999998498));
#4719=CARTESIAN_POINT('',(16.1951421224116,3.62916878660391,6.01617951622273));
#4720=CARTESIAN_POINT('',(16.2124650678215,3.65311265372206,6.44346999998502));
#4721=CARTESIAN_POINT('',(15.9741943788762,3.29333501728729,6.44346999998498));
#4722=CARTESIAN_POINT('',(15.978188659099,3.73768702642643,6.02307868857876));
#4723=CARTESIAN_POINT('',(15.9877603589743,3.75689274217955,6.44346999998498));
#4724=CARTESIAN_POINT('',(15.7999999999734,3.38014962114109,6.44346999998498));
#4725=CARTESIAN_POINT('',(15.7999999999737,3.38014962114129,6.04346999998498));
#4726=CARTESIAN_POINT('',(15.1705118936295,3.55,6.51025593961175));
#4727=CARTESIAN_POINT('',(15.1705118936295,3.95,6.51025593961175));
#4728=CARTESIAN_POINT('',(15.0865801461169,3.95,6.11916073156199));
#4729=CARTESIAN_POINT('',(15.3863818948116,3.54999998577527,6.46392873830161));
#4730=CARTESIAN_POINT('',(15.4448106296124,3.94384435098319,6.45138953587151));
#4731=CARTESIAN_POINT('',(15.3930901333973,3.95,6.05972618480526));
#4732=CARTESIAN_POINT('',(15.6024397764838,3.49173716859392,6.44346999998499));
#4733=CARTESIAN_POINT('',(15.7304932420341,3.87424457588072,6.43143198218489));
#4734=CARTESIAN_POINT('',(15.6993264861182,3.87717146420433,6.03194654767819));
#4735=CARTESIAN_POINT('',(15.7999999999736,3.38014962114127,6.44346999998499));
#4736=CARTESIAN_POINT('',(15.9877603589745,3.75689274217972,6.44346999998499));
#4737=CARTESIAN_POINT('',(15.9781886590992,3.7376870264266,6.02307868857876));
#4738=CARTESIAN_POINT('',(15.0865801461169,3.55,6.11916073156199));
#4739=CARTESIAN_POINT('',(15.7999999999737,3.55,9.44346999998499));
#4740=CARTESIAN_POINT('',(13.6145221270394,3.55,12.0480211065895));
#4741=CARTESIAN_POINT('',(3.17538532352975,3.55,3.2885452649554));
#4742=CARTESIAN_POINT('',(15.0715669501764,3.55,13.2706268802925));
#4743=CARTESIAN_POINT('',(15.0715669501764,3.95,13.2706268802925));
#4744=CARTESIAN_POINT('',(15.328681994051,3.95,12.964209103045));
#4745=CARTESIAN_POINT('',(15.328681994051,3.55,12.964209103045));
#4746=CARTESIAN_POINT('',(15.4777344563271,3.95,13.5432788839786));
#4747=CARTESIAN_POINT('',(15.67845607392,3.90098343766033,13.2577044044592));
#4748=CARTESIAN_POINT('',(15.6536159989719,3.54999999999099,13.236861106731));
#4749=CARTESIAN_POINT('',(15.8829855352921,3.82258429095275,13.8153157086862));
#4750=CARTESIAN_POINT('',(16.0434217058304,3.75035983629872,13.5639469315871));
#4751=CARTESIAN_POINT('',(15.9778168621357,3.44806743275481,13.5088979314391));
#4752=CARTESIAN_POINT('',(16.2160740652016,3.59015348783352,14.0389112787707));
#4753=CARTESIAN_POINT('',(16.3424900451557,3.50193979955176,13.8148950648115));
#4754=CARTESIAN_POINT('',(16.2442876860708,3.26212279026682,13.7324935015226));
#4755=CARTESIAN_POINT('',(15.9871726421962,3.26212279026683,14.0389112787702));
#4756=CARTESIAN_POINT('',(16.2160740652016,3.59015348783353,14.0389112787707));
#4757=CARTESIAN_POINT('',(16.3424900451557,3.50193979955177,13.8148950648115));
#4758=CARTESIAN_POINT('',(16.2442876860708,3.26212279026683,13.7324935015226));
#4759=CARTESIAN_POINT('',(16.3003634136711,3.53133596876592,14.0954930153832));
#4760=CARTESIAN_POINT('',(16.4284942159424,3.43257780984228,13.9108185328088));
#4761=CARTESIAN_POINT('',(16.356673465507,3.21506873868251,13.826796367597));
#4762=CARTESIAN_POINT('',(16.438941011137,3.4136741982491,14.2352157568576));
#4763=CARTESIAN_POINT('',(16.5598968976998,3.30097862004112,14.1246945876904));
#4764=CARTESIAN_POINT('',(16.541443623414,3.12093937645614,14.0596676444544));
#4765=CARTESIAN_POINT('',(16.5148433101464,3.33422928330503,14.5370375131319));
#4766=CARTESIAN_POINT('',(16.628884851691,3.21535743934932,14.5523020388885));
#4767=CARTESIAN_POINT('',(16.6426466741115,3.05738341864035,14.5627038897883));
#4768=CARTESIAN_POINT('',(16.3977473719142,3.45327071794159,14.8202543606405));
#4769=CARTESIAN_POINT('',(16.5213749245784,3.34490465127239,14.9594405829619));
#4770=CARTESIAN_POINT('',(16.4865187731339,3.15261658851294,15.0347319678624));
#4771=CARTESIAN_POINT('',(16.2449349646371,3.57325675099612,14.9464907828945));
#4772=CARTESIAN_POINT('',(16.3724595176681,3.48220416458061,15.1610033630191));
#4773=CARTESIAN_POINT('',(16.2827688620866,3.24860537309358,15.2451260179862));
#4774=CARTESIAN_POINT('',(16.1537576327415,3.63192250908304,14.9957555200113));
#4775=CARTESIAN_POINT('',(16.2752843943144,3.55372917476035,15.250181007491));
#4776=CARTESIAN_POINT('',(16.1611991094566,3.29553800726644,15.3272339035902));
#4777=CARTESIAN_POINT('',(15.9373194962277,3.29553800726644,14.9957555200107));
#4778=CARTESIAN_POINT('',(16.1537576327416,3.63192250908303,14.9957555200113));
#4779=CARTESIAN_POINT('',(16.2752843943144,3.55372917476033,15.2501810074911));
#4780=CARTESIAN_POINT('',(16.1611991094567,3.29553800726642,15.3272339035902));
#4781=CARTESIAN_POINT('',(15.8332173410777,3.83816608757901,15.1689491641904));
#4782=CARTESIAN_POINT('',(15.9828481772698,3.77580636385969,15.4476916459182));
#4783=CARTESIAN_POINT('',(15.9047668761188,3.46053287005267,15.5004275477705));
#4784=CARTESIAN_POINT('',(15.4527263520314,3.95,15.3745352408287));
#4785=CARTESIAN_POINT('',(15.6346351781335,3.90949347060737,15.6828737737125));
#4786=CARTESIAN_POINT('',(15.6003740848878,3.54999999998939,15.7060136244087));
#4787=CARTESIAN_POINT('',(15.0715669501709,3.95,15.580482472852));
#4788=CARTESIAN_POINT('',(15.2954465633998,3.95,15.9119608564315));
#4789=CARTESIAN_POINT('',(15.2954465633998,3.55,15.9119608564315));
#4790=CARTESIAN_POINT('',(15.0715669501708,3.55,15.580482472852));
#4791=CARTESIAN_POINT('',(15.6493384225705,3.55,15.1902571665176));
#4792=CARTESIAN_POINT('',(13.5442881147306,3.55,16.6120025112896));
#4793=CARTESIAN_POINT('',(10.9696725625977,3.55,12.8000011001256));
#4794=CARTESIAN_POINT('',(11.4528259491707,3.55,17.37455712285));
#4795=CARTESIAN_POINT('',(11.4528259491707,3.95,17.37455712285));
#4796=CARTESIAN_POINT('',(11.4948392871336,3.95,17.7723446030869));
#4797=CARTESIAN_POINT('',(11.4948392871336,3.55,17.7723446030869));
#4798=CARTESIAN_POINT('',(11.2472857051164,3.95,17.3919240441176));
#4799=CARTESIAN_POINT('',(11.2742636321616,3.95434113207398,17.795641256498));
#4800=CARTESIAN_POINT('',(11.3161086405693,3.54999999144279,17.7912216955835));
#4801=CARTESIAN_POINT('',(11.0459191149181,3.91904669464856,17.4000011030933));
#4802=CARTESIAN_POINT('',(11.0594655181827,3.92333761173089,17.8041616779254));
#4803=CARTESIAN_POINT('',(11.1410072609683,3.52523734520775,17.8000011001257));
#4804=CARTESIAN_POINT('',(10.8488842159545,3.85663430759015,17.4000011001257));
#4805=CARTESIAN_POINT('',(10.8488842159545,3.85663430759015,17.8000011001257));
#4806=CARTESIAN_POINT('',(10.9696725625978,3.47530744607212,17.8000011001257));
#4807=CARTESIAN_POINT('',(10.9696725625978,3.47530744607212,17.4000011001257));
#4808=CARTESIAN_POINT('',(11.4528259491707,1.95,17.4000011001256));
#4809=CARTESIAN_POINT('',(9.85282594917075,1.95,17.4000011001256));
#4810=CARTESIAN_POINT('',(9.85282594917074,-3.85053800137141,17.4000011001259));
#4811=CARTESIAN_POINT('',(9.85282594917074,0.399999999999991,17.4000011001257));
#4812=CARTESIAN_POINT('',(-16.5509989305454,3.30852139837068,5.99899773962435));
#4813=CARTESIAN_POINT('',(-16.5872958013006,3.34250834824616,6.44346999998393));
#4814=CARTESIAN_POINT('',(-16.2608282868462,3.03681711869654,6.44346999998453));
#4815=CARTESIAN_POINT('',(-16.8717795419576,2.97205579664225,6.03636873299702));
#4816=CARTESIAN_POINT('',(-16.8591812946822,2.99333580243576,6.44346999998157));
#4817=CARTESIAN_POINT('',(-16.5839211493877,2.69176525154547,6.44346999998394));
#4818=CARTESIAN_POINT('',(-17.1909895037288,2.64834188488542,6.08497026745405));
#4819=CARTESIAN_POINT('',(-17.1410129653824,2.63576391961238,6.44346999998386));
#4820=CARTESIAN_POINT('',(-16.9158877181235,2.35349320214729,6.44346999998333));
#4821=CARTESIAN_POINT('',(-17.5277102155337,2.37313781723958,6.1372304754986));
#4822=CARTESIAN_POINT('',(-17.4826581271249,2.31463423348509,6.44346999998229));
#4823=CARTESIAN_POINT('',(-17.2904573595361,2.0650468314064,6.44346999998264));
#4824=CARTESIAN_POINT('',(-16.2608282868455,3.03681711869654,6.04346999998453));
#4825=CARTESIAN_POINT('',(-16.2608282868462,3.03681711869653,6.44346999998453));
#4826=CARTESIAN_POINT('',(-16.5872958013007,3.3425083482462,6.44346999998393));
#4827=CARTESIAN_POINT('',(-16.5509989305453,3.30852139837067,5.99899773962429));
#4828=CARTESIAN_POINT('',(-16.1278003757336,3.17888624316636,6.44346999998477));
#4829=CARTESIAN_POINT('',(-16.4123120627869,3.51453105470427,6.44346999998364));
#4830=CARTESIAN_POINT('',(-16.3861060393364,3.48610781567086,6.00808010255215));
#4831=CARTESIAN_POINT('',(-15.9741943788797,3.29333501730054,6.44346999998505));
#4832=CARTESIAN_POINT('',(-16.2124650678148,3.65311265373706,6.44346999998483));
#4833=CARTESIAN_POINT('',(-16.1951421224115,3.62916878662985,6.01617951622568));
#4834=CARTESIAN_POINT('',(-15.7999999999677,3.38014962116217,6.44346999998537));
#4835=CARTESIAN_POINT('',(-15.9877603589562,3.75689274220267,6.44346999998503));
#4836=CARTESIAN_POINT('',(-15.9781886590824,3.73768702645278,6.02307868858236));
#4837=CARTESIAN_POINT('',(-15.7999999999653,3.38014962115847,6.04346999998537));
#4838=CARTESIAN_POINT('',(-15.7999999999679,3.38014962116238,6.44346999998537));
#4839=CARTESIAN_POINT('',(-15.9877603589564,3.75689274220287,6.44346999998503));
#4840=CARTESIAN_POINT('',(-15.9781886590826,3.73768702645297,6.02307868858235));
#4841=CARTESIAN_POINT('',(-15.6025053714347,3.49170010940615,6.44346999998573));
#4842=CARTESIAN_POINT('',(-15.7305764031622,3.87420663356225,6.43143587804484));
#4843=CARTESIAN_POINT('',(-15.6994190798785,3.8771251497353,6.03194360525416));
#4844=CARTESIAN_POINT('',(-15.3863818820043,3.54999999496975,6.46392874105287));
#4845=CARTESIAN_POINT('',(-15.4448106103288,3.94384435996577,6.45138953390231));
#4846=CARTESIAN_POINT('',(-15.3930901142734,3.95,6.05972618472324));
#4847=CARTESIAN_POINT('',(-15.1705118936604,3.55,6.51025593960545));
#4848=CARTESIAN_POINT('',(-15.1705118936604,3.95,6.51025593960545));
#4849=CARTESIAN_POINT('',(-15.086580146152,3.95,6.1191607315548));
#4850=CARTESIAN_POINT('',(-15.086580146152,3.55,6.1191607315548));
#4851=CARTESIAN_POINT('',(-15.7999999999734,3.55,9.44346999998537));
#4852=CARTESIAN_POINT('',(-13.6145221270439,3.55,12.0480211065939));
#4853=CARTESIAN_POINT('',(-19.5178989104613,3.55,17.0015423882415));
#4854=CARTESIAN_POINT('',(-15.0715669502454,3.55,13.2706268803464));
#4855=CARTESIAN_POINT('',(-15.3286819941194,3.55,12.9642091030984));
#4856=CARTESIAN_POINT('',(-15.3286819941194,3.95,12.9642091030984));
#4857=CARTESIAN_POINT('',(-15.0715669502453,3.95,13.2706268803464));
#4858=CARTESIAN_POINT('',(-15.6536159990136,3.54999999999126,13.2368611067611));
#4859=CARTESIAN_POINT('',(-15.6784560739614,3.90098343766237,13.2577044044865));
#4860=CARTESIAN_POINT('',(-15.4777344563635,3.95,13.543278884009));
#4861=CARTESIAN_POINT('',(-15.9778168621502,3.44806743277253,13.5088979314453));
#4862=CARTESIAN_POINT('',(-16.0434217058386,3.75035983632324,13.563946931587));
#4863=CARTESIAN_POINT('',(-15.8829855352899,3.82258429097817,13.8153157086932));
#4864=CARTESIAN_POINT('',(-16.244287686074,3.26212279031457,13.7324935015184));
#4865=CARTESIAN_POINT('',(-16.3424900451534,3.50193979961288,13.8148950648024));
#4866=CARTESIAN_POINT('',(-16.2160740651883,3.59015348789321,14.0389112787661));
#4867=CARTESIAN_POINT('',(-15.9871726421999,3.26212279031457,14.0389112787665));
#4868=CARTESIAN_POINT('',(-16.244287686074,3.26212279031457,13.7324935015184));
#4869=CARTESIAN_POINT('',(-16.3424900451534,3.50193979961288,13.8148950648024));
#4870=CARTESIAN_POINT('',(-16.2160740651882,3.59015348789322,14.0389112787661));
#4871=CARTESIAN_POINT('',(-16.3566124510497,3.21509428420619,13.8267451703812));
#4872=CARTESIAN_POINT('',(-16.4284490369753,3.43261425002719,13.9107681324117));
#4873=CARTESIAN_POINT('',(-16.3003176558327,3.53136789886607,14.0954622929714));
#4874=CARTESIAN_POINT('',(-16.5418035607916,3.12074639658313,14.0595159719924));
#4875=CARTESIAN_POINT('',(-16.560142508502,3.30071953726417,14.1245809718193));
#4876=CARTESIAN_POINT('',(-16.4392109626236,3.4134329743648,14.2351247550295));
#4877=CARTESIAN_POINT('',(-16.6424865943079,3.05747054152592,14.5655343235509));
#4878=CARTESIAN_POINT('',(-16.6287803132837,3.21546815623604,14.5546489369322));
#4879=CARTESIAN_POINT('',(-16.514723251104,3.33433818626928,14.5387357737269));
#4880=CARTESIAN_POINT('',(-16.4861099894369,3.15287274260818,15.035036108311));
#4881=CARTESIAN_POINT('',(-16.5210848173591,3.34526889175011,14.9597334586912));
#4882=CARTESIAN_POINT('',(-16.3974407823505,3.45359091217682,14.8204368418964));
#4883=CARTESIAN_POINT('',(-16.2819657193867,3.2489154311403,15.2456684584169));
#4884=CARTESIAN_POINT('',(-16.3718391355194,3.48266079830942,15.1615727037306));
#4885=CARTESIAN_POINT('',(-16.2443326111843,3.57364432021206,14.9468162539495));
#4886=CARTESIAN_POINT('',(-16.1611991094613,3.29553800731252,15.3272339035875));
#4887=CARTESIAN_POINT('',(-16.2752843943123,3.55372917482062,15.2501810074929));
#4888=CARTESIAN_POINT('',(-16.1537576327283,3.63192250914065,14.9957555200076));
#4889=CARTESIAN_POINT('',(-15.9373194962323,3.29553800731254,14.9957555200078));
#4890=CARTESIAN_POINT('',(-16.1611991094612,3.29553800731254,15.3272339035873));
#4891=CARTESIAN_POINT('',(-16.2752843943122,3.55372917482065,15.2501810074927));
#4892=CARTESIAN_POINT('',(-16.1537576327282,3.63192250914068,14.9957555200074));
#4893=CARTESIAN_POINT('',(-15.9047668761394,3.46053287006966,15.5004275477567));
#4894=CARTESIAN_POINT('',(-15.9828481772862,3.77580636388339,15.4476916459082));
#4895=CARTESIAN_POINT('',(-15.8332173410847,3.83816608759987,15.1689491641767));
#4896=CARTESIAN_POINT('',(-15.600374084937,3.54999999998963,15.7060136243755));
#4897=CARTESIAN_POINT('',(-15.6346351781827,3.90949347061163,15.6828737736793));
#4898=CARTESIAN_POINT('',(-15.4527263520733,3.95000000000001,15.3745352407959));
#4899=CARTESIAN_POINT('',(-15.2954465634785,3.55,15.9119608563785));
#4900=CARTESIAN_POINT('',(-15.2954465634785,3.95000000000001,15.9119608563785));
#4901=CARTESIAN_POINT('',(-15.0715669502495,3.95,15.580482472799));
#4902=CARTESIAN_POINT('',(-15.0715669502496,3.55,15.580482472799));
#4903=CARTESIAN_POINT('',(-8.65040497452586,3.55,19.9173180880864));
#4904=CARTESIAN_POINT('',(-13.5442881147302,3.55,16.61200251129));
#4905=CARTESIAN_POINT('',(-10.9696725625974,3.55,12.8000011001259));
#4906=CARTESIAN_POINT('',(-11.4528259491703,3.55,17.3745571228502));
#4907=CARTESIAN_POINT('',(-11.4948392871332,3.55,17.7723446030871));
#4908=CARTESIAN_POINT('',(-11.4948392871332,3.95,17.7723446030871));
#4909=CARTESIAN_POINT('',(-11.4528259491703,3.95,17.3745571228502));
#4910=CARTESIAN_POINT('',(-11.3161086405681,3.54999999144279,17.7912216955838));
#4911=CARTESIAN_POINT('',(-11.2742636321614,3.95434113207383,17.7956412565095));
#4912=CARTESIAN_POINT('',(-11.2472857051162,3.95,17.3919240441282));
#4913=CARTESIAN_POINT('',(-11.1410072609683,3.52523734520797,17.800001100126));
#4914=CARTESIAN_POINT('',(-11.059465518183,3.92333761173105,17.8041616779317));
#4915=CARTESIAN_POINT('',(-11.0459191149185,3.9190466946488,17.4000011031012));
#4916=CARTESIAN_POINT('',(-10.9696725625974,3.47530744607213,17.800001100126));
#4917=CARTESIAN_POINT('',(-10.8488842159541,3.85663430759016,17.800001100126));
#4918=CARTESIAN_POINT('',(-10.8488842159541,3.85663430759016,17.400001100126));
#4919=CARTESIAN_POINT('',(-10.9696725625974,3.47530744607213,17.400001100126));
#4920=CARTESIAN_POINT('',(-11.4528259491703,1.95,17.4000011001259));
#4921=CARTESIAN_POINT('',(-9.85282594917032,1.95,17.4000011001259));
#4922=CARTESIAN_POINT('',(-9.85282594917033,3.55000000000042,17.4000011001258));
#4923=CARTESIAN_POINT('',(-9.85282594917033,0.399999999999991,17.400001100126));
#4924=CARTESIAN_POINT('',(-4.32650960768435,0.,17.8000011001259));
#4925=CARTESIAN_POINT('',(-6.09779278641998,2.35,21.6413455291083));
#4926=CARTESIAN_POINT('',(15.8732180357995,1.95,15.5217355500971));
#4927=CARTESIAN_POINT('',(5.25282594917054,8.89633621931975,9.00319435020771));
#4928=CARTESIAN_POINT('',(3.40562594917065,-0.108700280021835,9.59602835732976));
#4929=CARTESIAN_POINT('',(3.38428144903452,-0.192183044058451,9.52952144278404));
#4930=CARTESIAN_POINT('',(3.32964285060262,-0.268830757204782,9.32310214377074));
#4931=CARTESIAN_POINT('',(3.30440282922226,-0.300844231926122,9.00309246536058));
#4932=CARTESIAN_POINT('',(3.32970154591472,-0.268704053735473,8.68303983377196));
#4933=CARTESIAN_POINT('',(3.38424278869354,-0.192334252675867,8.47698771863462));
#4934=CARTESIAN_POINT('',(3.4056259491729,-0.108700280029163,8.41036034307547));
#4935=CARTESIAN_POINT('',(3.40562594917064,-4.36700777084705,8.41036034308571));
#4936=CARTESIAN_POINT('',(3.3468785333371,-4.29246382454522,8.59341027818393));
#4937=CARTESIAN_POINT('',(3.27872390190902,-4.25861913905723,9.00278191946541));
#4938=CARTESIAN_POINT('',(3.34697747672032,-4.29258937271001,9.41328671800283));
#4939=CARTESIAN_POINT('',(3.40562594917065,-4.36700777084703,9.59602835732977));
#4940=CARTESIAN_POINT('',(3.23146021049324,-4.65000142644628,9.0750008948959));
#4941=CARTESIAN_POINT('',(3.43933006531403,-4.51111253755739,9.53051309146667));
#4942=CARTESIAN_POINT('',(3.41127258348123,-4.46911994389581,9.35964936288998));
#4943=CARTESIAN_POINT('',(3.38302268486882,-4.45646798069364,9.00311847991472));
#4944=CARTESIAN_POINT('',(3.41125436617008,-4.4690926787211,8.64685027683673));
#4945=CARTESIAN_POINT('',(3.43933006531399,-4.51111253755735,8.47587560894898));
#4946=CARTESIAN_POINT('',(3.15562594917064,1.38777878078145E-14,9.00319435020772));
#4947=CARTESIAN_POINT('',(3.40562594917064,6.93889390390723E-15,8.45087907792178));
#4948=CARTESIAN_POINT('',(3.40562594917063,-0.0511554082555488,8.45087907792179));
#4949=CARTESIAN_POINT('',(3.38644456448767,-0.096490320348031,8.56608769304701));
#4950=CARTESIAN_POINT('',(3.36676453816313,-0.136979110137172,8.74897886336158));
#4951=CARTESIAN_POINT('',(3.35419980812723,-0.150493350191189,9.00323029836717));
#4952=CARTESIAN_POINT('',(3.3667657841001,-0.136920738644063,9.25746560416382));
#4953=CARTESIAN_POINT('',(3.38646576971005,-0.096554505072785,9.44044778577021));
#4954=CARTESIAN_POINT('',(3.40562594917065,-0.050885487363836,9.55550962249369));
#4955=CARTESIAN_POINT('',(3.40562594917065,1.38777878078145E-14,9.55550962249369));
#4956=CARTESIAN_POINT('',(3.41927476495633,0.00829520216862397,8.36940412082053));
#4957=CARTESIAN_POINT('',(3.40555810473027,0.00616275879175566,8.40908633338047));
#4958=CARTESIAN_POINT('',(3.40559154161336,0.00414760108431892,8.45107811945291));
#4959=CARTESIAN_POINT('',(3.42148891497859,-0.107941229283926,8.36299859860339));
#4960=CARTESIAN_POINT('',(3.40745853363697,-0.0801346147961761,8.40313977493791));
#4961=CARTESIAN_POINT('',(3.40655587905629,-0.0539706160093176,8.44549805745183));
#4962=CARTESIAN_POINT('',(3.33761828487608,-0.269713428977993,8.60941479901599));
#4963=CARTESIAN_POINT('',(3.33412944078293,-0.199317518485951,8.63628316118993));
#4964=CARTESIAN_POINT('',(3.37002470647484,-0.134856713850542,8.66015958383077));
#4965=CARTESIAN_POINT('',(3.30040399492695,-0.300402854003907,9.00311122041597));
#4966=CARTESIAN_POINT('',(3.30199262983015,-0.215735527908038,9.00311068229644));
#4967=CARTESIAN_POINT('',(3.35381534742409,-0.15020142718547,9.0031219330196));
#4968=CARTESIAN_POINT('',(3.33772143231515,-0.269586913998418,9.39751542035402));
#4969=CARTESIAN_POINT('',(3.33422053072033,-0.199228451718566,9.37061759938057));
#4970=CARTESIAN_POINT('',(3.37006959970862,-0.134793456931531,9.3467008521624));
#4971=CARTESIAN_POINT('',(3.42147862818867,-0.107858145421349,9.6433603224128));
#4972=CARTESIAN_POINT('',(3.40744971046024,-0.0800732518102975,9.60322129922223));
#4973=CARTESIAN_POINT('',(3.40655147870834,-0.0539290727462174,9.56086470112866));
#4974=CARTESIAN_POINT('',(3.41927537216624,0.00826326148339944,9.63698633624665));
#4975=CARTESIAN_POINT('',(3.40555862623535,0.00613902983235958,9.59730399887066));
#4976=CARTESIAN_POINT('',(3.40559180609398,0.00413163074170666,9.55531211124163));
#4977=CARTESIAN_POINT('',(3.41183151074887,-4.37504778275399,9.61502723400891));
#4978=CARTESIAN_POINT('',(3.40024580741858,-4.45173904000471,9.58016605547309));
#4979=CARTESIAN_POINT('',(3.44026663629256,-4.51252460460013,9.5361827902201));
#4980=CARTESIAN_POINT('',(3.35117790077798,-4.2947961498506,9.43252158322911));
#4981=CARTESIAN_POINT('',(3.3463760932306,-4.39588928948163,9.40628185227674));
#4982=CARTESIAN_POINT('',(3.41384800759048,-4.47239871748897,9.37719592513048));
#4983=CARTESIAN_POINT('',(3.27457931483039,-4.25649137065409,9.0032474222753));
#4984=CARTESIAN_POINT('',(3.2782280273458,-4.38028597622791,9.00321692928167));
#4985=CARTESIAN_POINT('',(3.3804840305394,-4.45324646743416,9.00324058511604));
#4986=CARTESIAN_POINT('',(3.35096730068191,-4.29451259750601,8.57449205826271));
#4987=CARTESIAN_POINT('',(3.34618489943853,-4.39568697360029,8.60071584623198));
#4988=CARTESIAN_POINT('',(3.41375626565856,-4.47225694486766,8.62973717866807));
#4989=CARTESIAN_POINT('',(3.41184026026123,-4.37505935976127,8.39133513990594));
#4990=CARTESIAN_POINT('',(3.40025341755176,-4.45174693019711,8.4261980810019));
#4991=CARTESIAN_POINT('',(3.44027044729149,-4.51253039310377,8.47018297628504));
#4992=MECHANICAL_DESIGN_GEOMETRIC_PRESENTATION_REPRESENTATION('',(#2667),
#4993);
#4993=(
GEOMETRIC_REPRESENTATION_CONTEXT(3)
GLOBAL_UNCERTAINTY_ASSIGNED_CONTEXT((#4994))
GLOBAL_UNIT_ASSIGNED_CONTEXT((#4997,#4996,#4995))
REPRESENTATION_CONTEXT('Klicky_PCB_Module','TOP_LEVEL_ASSEMBLY_PART')
);
#4994=UNCERTAINTY_MEASURE_WITH_UNIT(LENGTH_MEASURE(1.E-5),#4997,
'DISTANCE_ACCURACY_VALUE','Maximum Tolerance applied to model');
#4995=(
NAMED_UNIT(*)
SI_UNIT($,.STERADIAN.)
SOLID_ANGLE_UNIT()
);
#4996=(
NAMED_UNIT(*)
PLANE_ANGLE_UNIT()
SI_UNIT($,.RADIAN.)
);
#4997=(
LENGTH_UNIT()
NAMED_UNIT(*)
SI_UNIT(.MILLI.,.METRE.)
);
#4998=PRODUCT_DEFINITION_SHAPE('','',#4999);
#4999=PRODUCT_DEFINITION('','',#5001,#5000);
#5000=PRODUCT_DEFINITION_CONTEXT('',#5007,'design');
#5001=PRODUCT_DEFINITION_FORMATION_WITH_SPECIFIED_SOURCE('','',#5003,
 .NOT_KNOWN.);
#5002=PRODUCT_RELATED_PRODUCT_CATEGORY('','',(#5003));
#5003=PRODUCT('Klicky_PCB_Module','Klicky_PCB_Module',
'Klicky_PCB_Module',(#5005));
#5004=PRODUCT_CATEGORY('','');
#5005=PRODUCT_CONTEXT('',#5007,'mechanical');
#5006=APPLICATION_PROTOCOL_DEFINITION('international standard',
'ap242_managed_model_based_3d_engineering',2020,#5007);
#5007=APPLICATION_CONTEXT('managed model based 3d engineering');
ENDSEC;
END-ISO-10303-21;
